order,damping_ratio,natural_frequency,dc_gain,den_a1,den_a2,den_a3,num_s,num_1,best_controller,best_settling_time,best_overshoot,best_score
1.0,1.0,2.3066165108098513,0.7751166574453004,2.3066165108098513,0.0,0.0,0.0,1.7878968798670738,P,0.7142093357704297,0.0,0.9240920154661502
3.0,1.0,0.6520512698607176,0.24988114203947234,8.47863050474379,20.413588240256544,9.983072721848469,1.056197036348872,2.494581612798599,P,2.4069620517098773,0.0,0.933023086531098
1.0,1.0,3.29055257638719,0.5270064463793552,3.29055257638719,0.0,0.0,0.0,1.734142419906245,P,0.5006475380105776,0.0,0.9284300142747834
3.0,1.0,0.506322829300042,1.5275797198872592,2.130385077579206,2.693783964166561,0.9475751607843601,0.0,1.4474965986830972,PID,9.07482984731302,30.740602097571013,0.7576054199566141
1.0,1.0,1.901724647023368,1.0285648028246432,1.901724647023368,0.0,0.0,0.0,1.9560470365923548,P,0.8662700189752377,0.0,0.9201802860523562
3.0,0.13898535155063357,2.493588717517059,0.22984022686101765,4.629385395007661,8.946368772849356,24.475484951593703,1.6171432338617258,5.62545101380772,PID,34.733473252286714,0.0,0.7602591807194765
2.0,0.5179046720354691,2.041160618363884,0.23990237243121318,2.114253241250925,4.166336669959632,0.0,1.2135573893389007,0.9995140514704761,P,2.260257313440963,58.620060240420635,0.8221869551089054
3.0,0.48906520779637536,3.4481257750077905,0.01941028135485139,7.569572038402066,26.044375445380908,49.8988110664858,0.0,0.9685499620730615,PI,8.087132394070906,17.04319008352506,0.7068252130812269
3.0,0.22437971041228622,3.507728868682389,0.015602907576645139,3.6340225948643736,15.54669878589149,25.34529640737237,1.6803865662532076,0.3954603173469072,P,5.346537603499694,502.7758795469547,0.7422642736790249
3.0,1.0,2.402795722584024,0.04463910550001025,8.917547280564332,26.156911570884052,25.23727084215432,1.5026044426857075,1.126569195655259,PID,18.518824184914635,0.0,0.9424923253478578
2.0,1.0,3.246647936002836,0.10649991419742835,7.118642451599759,12.57100300227705,0.0,0.0,1.3388107411181203,PID,5.897373034423358,0.0,0.9693600066953194
2.0,0.4886784764168027,0.4448438224693153,19.438940978474935,0.43477120281546305,0.1978860263891116,0.0,1.7801046099022493,3.8466947874428743,Lag,17.134762686963402,18.40813873331438,0.6800415126433222
1.0,1.0,0.4798531601075169,1.9215791718999882,0.4798531601075169,0.0,0.0,0.0,0.9220758380329948,P,3.4331482691361015,0.0,0.9052758753222749
1.0,1.0,1.6092500372800813,0.9276835404730308,1.6092500372800813,0.0,0.0,0.0,1.4928747720903426,P,1.0237110504263347,0.0,0.9216528931846621
1.0,1.0,3.962711403710785,0.37763797512222264,3.962711403710785,0.0,0.0,0.0,1.4964703104910813,P,0.4157272327527905,0.0,0.9309697627691029
2.0,0.24860589871785646,4.125895807930364,0.05881216587585912,2.0514440706935293,17.023016217897347,0.0,1.5835390258946753,1.0011604535144187,P,2.463129132573758,328.40035486206125,0.7642218864138515
3.0,0.23555777141471904,2.654910442985808,0.04291561642479653,4.793107374883941,11.479197803621354,24.968343190932135,0.0,1.0715318391447237,PID,8.099128563685184,1.904607589210017,0.8122767612815387
2.0,0.42201322339251746,3.262328187658775,0.13991192792235033,2.753491268476299,10.64278520399299,0.0,1.9428464968242718,1.4890525963541237,P,2.1058418487627923,141.5030985245251,0.7916677484784974
2.0,1.0,1.476175815005694,0.2199429016212393,6.328222426274769,7.162473860835742,0.0,0.0,1.5753352837384935,PID,15.509700439561652,0.0,0.9403016163576877
3.0,0.1857879563166147,1.5795353406722463,0.07105825453656803,5.119408789157168,5.155129503284355,11.308257604038454,0.0,0.8035450471928455,PID,12.461920623807664,2.6861057194904836,0.8662956142692353
3.0,1.0,1.0485093581083114,0.0979373711302537,8.542825289881817,21.890266812443073,14.713109453767428,0.0,1.440963261053665,Lead,5.095766768341402,33.33226407125655,0.7232797471930082
1.0,1.0,3.003670250781131,0.49098928284444776,3.003670250781131,0.0,0.0,0.0,1.47476990233223,P,0.5484646810461925,0.0,0.9290368591924738
2.0,0.539651829127622,0.4955866171508947,2.9184384980753357,0.5348884488733016,0.24560609509906742,0.0,0.0,0.7167862832990703,P,15.132006487432134,28.1290802070041,0.71223676447642
1.0,1.0,0.6963342450682479,1.9839134267066962,0.6963342450682479,0.0,0.0,0.0,1.3814668582665681,P,2.3658279881110076,0.0,0.9042175050496358
3.0,0.12029544521643085,3.077302809962658,0.043222321821157296,3.729464493742359,11.682830775386027,28.306095181019863,0.0,1.2234551554143502,PI,28.269290116682104,0.0,0.8037476809596992
1.0,1.0,3.9571290908013736,0.15771408654178373,3.9571290908013736,0.0,0.0,0.0,0.6240949998836578,PID,6.066835425204868,0.0,0.9468762277994018
1.0,1.0,2.5553935729017003,0.746162823090039,2.5553935729017003,0.0,0.0,0.0,1.9067396824624743,P,0.6446784023926093,0.0,0.9247204028364784
2.0,1.0,1.4814831828410888,0.34968359940806315,3.9542323079144674,3.6633362441812265,0.0,0.0,1.2810086037073067,PID,14.125491792623665,0.0,0.9308338512348878
3.0,1.0,0.8731956271933318,0.043372866173877776,8.383402646035977,24.06015497311106,15.282910035177451,0.0,0.6628636117031653,Lead,5.8220607906755815,39.15182698487796,0.6978546219870879
2.0,1.0,1.5499221624272401,0.3169135667487543,4.915150808948368,5.215842460878122,0.0,0.0,1.6529712378764856,PID,14.140386831263895,0.0,0.9303550357609435
1.0,1.0,4.596856856660518,0.18389108312509475,4.596856856660518,0.0,0.0,0.0,0.8453209863423212,PID,5.221431301092406,0.0,0.942263004420248
1.0,1.0,0.37958026964566294,3.509873432912894,0.37958026964566294,0.0,0.0,0.0,1.332278704087225,P,4.340075546077407,0.0,0.8816313081014949
2.0,1.0,1.7222666855490332,0.13326984383562931,5.801873751457682,7.026171339744906,0.0,0.0,0.936376757210178,PID,12.869071584445036,0.0,0.9571225312381607
2.0,1.0,1.4286324347244932,0.07144454795717252,6.121641570959517,6.704585068483733,0.0,1.152645590004557,0.47900604945822883,PID,45.9172355363612,0.0,0.8954799276967725
3.0,1.0,2.6905201298549635,0.036193316662520854,10.972382493798055,39.30899387544079,45.81007768993453,0.0,1.658018648166482,Lead,2.4085090384374612,16.510153884249082,0.7779588146215656
3.0,0.3335898591713489,3.809911173340424,0.029769713225306853,4.535452562133774,19.582836893967688,28.93732485727187,0.0,0.8614558625085271,PI,7.232112252397768,0.10325310387961917,0.8844969058110004
1.0,1.0,4.189340826199549,0.17423420657777078,4.189340826199549,0.0,0.0,0.0,0.7299264749367411,PID,5.732386740143934,0.0,0.9439568359091468
1.0,1.0,1.0604878791571477,1.3192740952336188,1.0604878791571477,0.0,0.0,0.0,1.3990741872812653,P,1.553442597921942,0.0,0.9152683418983799
3.0,0.7918903060346477,1.7585212626304476,0.04758416780008643,7.649878726758362,16.64131697292435,15.043790548871927,0.0,0.7158462538268762,Lead,3.4440957984468703,29.05025435985962,0.723126661490963
3.0,0.2173217738300037,1.3793833409946188,0.6171576489754363,4.052301702254732,3.9727673490073876,6.569564040221079,1.5413936534643298,4.05445669785641,P,11.822405366049914,56.26608817070723,0.7448911108632231
3.0,0.7367123453580645,4.079385273056635,0.024083164544359593,9.757790203059997,39.16409402321434,62.357317151301835,1.8913438265097615,1.5017615294996185,PID,16.326379015027282,0.0,0.9223094279452317
2.0,0.5348398003628648,1.7144588513704164,0.6577720541053067,1.8339216595946002,2.939369153042369,0.0,0.0,1.9334348855704548,PID,16.80567781996568,0.0,0.8564787231054977
2.0,1.0,0.31932555865403034,0.7201669125558627,3.1842761618227886,0.914851951873065,0.0,0.0,0.6588461056261299,P,4.479707310251215,0.0,0.9261101468942362
1.0,1.0,0.8736300659067806,1.2919329622692828,0.8736300659067806,0.0,0.0,0.0,1.1286714789744559,P,1.8857032402527163,0.0,0.9157322964466418
1.0,1.0,3.0610042555249897,0.6205593569403678,3.0610042555249897,0.0,0.0,0.0,1.8995348324003167,P,0.5381916876100732,0.0,0.9268423098632647
3.0,1.0,0.28561656308954075,3.3556034487583752,3.4529394350304683,2.673418531303028,0.5051924812852967,0.0,1.6952256324877426,PID,10.510770703088479,53.47675105656822,0.7564872709094925
2.0,1.0,3.108875939360053,0.08244654438882174,7.4740229174849055,13.570700412062598,0.0,0.0,1.1188573539105204,PID,6.461237468401231,0.0,0.9705638670968842
1.0,1.0,1.996083408354477,0.5705288290027336,1.996083408354477,0.0,0.0,0.0,1.1388231295602649,P,0.8253197432369287,0.0,0.9276945010997699
1.0,1.0,4.36395503241116,0.270590625784247,4.36395503241116,0.0,0.0,0.0,1.1808453231144496,P,0.3775032129862231,0.0,0.9326786316387855
2.0,0.7639527094166673,1.4123131060886314,0.32984447107507625,2.157880847882158,1.9946283096297175,0.0,0.0,0.6579171197811875,PID,15.676531614182426,0.0,0.9334599533241397
3.0,1.0,0.8905852782613657,0.5515490813854159,3.481823285221994,3.8311209275838785,1.3567198448110838,0.0,0.7482975841029172,Lead,6.927104841595512,13.989143718274063,0.7888723379363288
1.0,1.0,1.5666563952220907,0.46622864784881113,1.5666563952220907,0.0,0.0,0.0,0.730420092788088,P,1.051543306551959,0.0,0.9293639365563844
2.0,0.2554309091329089,0.5603584230720227,14.714069575773802,0.28626572289113983,0.3140015623077638,0.0,1.5210717901992596,4.62024083469811,Lag,19.578282971557766,27.486553275211026,0.7185901295682472
1.0,1.0,2.0894261927937356,0.4675861003358832,2.0894261927937356,0.0,0.0,0.0,0.9769866454280741,P,0.7884495043397013,0.0,0.9294383038165605
3.0,0.31070293528291243,1.153042525103665,0.5805819334660408,5.001939202858047,4.400050642624806,5.697511865007683,1.1243936385547884,3.3078724545318687,PID,39.01063235519195,0.0,0.7799287757571821
2.0,0.566140124358697,2.0559864507599865,0.574322457084213,2.32795284982611,4.227080285708647,0.0,0.5779427996976564,2.427707135980427,PID,14.847278771644632,0.0,0.8522855263840151
2.0,0.9033612980955793,4.264802272509438,0.09363252729534915,7.705314634030205,18.18853842360167,0.0,0.0,1.7030388204103903,PID,4.578977239210076,0.0,0.9706897522754316
3.0,1.0,0.8458506003831064,0.23190636322182026,6.902896897710393,14.23008129804285,7.702928851827885,0.0,1.7863582161838363,Lead,6.298225671342638,33.33418388709561,0.721554647851145
3.0,1.0,0.8708883725789928,0.11822983857212889,3.1001042423996243,12.870686226037693,9.518189878993965,0.0,1.1253340528923275,PI,6.817448266302516,4.909766587762721,0.8429048626465566
2.0,0.4260892803453602,2.0273055075411017,0.2601470907341538,1.7276262894967465,4.109967620906484,0.0,0.0,1.0691961195903934,PID,16.848406037311005,0.0,0.9065307790313518
1.0,1.0,1.6250070779421693,1.1835560079581735,1.6250070779421693,0.0,0.0,0.0,1.9232868900730107,P,1.0137845357257196,0.0,0.9175734406687569
3.0,0.8552188350085245,2.816543512201016,0.08576381360996913,7.325892178351125,20.017045591576164,19.898692351551908,0.0,1.7065877419206161,Lead,2.604451755666254,12.281679381787095,0.7913441806691972
2.0,1.0,1.5831469480758162,1.0729277748829094,5.310634127165212,5.90115995156711,0.0,1.7910786024888412,6.331518416063037,P,1.0419533810886277,0.0,0.9190928185504671
2.0,0.1846352159246418,3.187584780547023,0.06168276100485846,1.1770808084688031,10.160696733175012,0.0,0.0,0.6267398282352803,PI,22.589730529325596,0.0,0.900364701139749
2.0,0.8127869167157358,4.806737155772678,0.07244995853266928,7.813706144606882,23.10472208468561,0.0,0.0,1.6739361569443203,PID,4.407978971461044,0.0,0.9721202864142434
3.0,0.18459378583231742,3.0733567081840514,0.01690325084993713,5.875575001476871,14.824794337727107,44.78055510499619,0.0,0.7569369561391832,PID,8.740769455454302,0.7856943291123741,0.8123774528171572
1.0,1.0,2.947666467362479,0.4067548831413974,2.947666467362479,0.0,0.0,0.0,1.198977729471841,P,0.5588851602795759,0.0,0.9304753996979916
2.0,1.0,3.866832272031611,0.08965861239023633,7.9032069112895424,15.607983717092521,0.0,0.0,1.3993901622839184,PID,4.737646846172927,0.0,0.9736661538816852
1.0,1.0,0.7747212248053894,0.8721270661196755,0.7747212248053894,0.0,0.0,0.0,0.6756553488501658,P,2.126451416735666,0.0,0.9225960404868683
3.0,0.47256138770343786,3.391957439690485,0.022200994422464593,7.122559026943113,24.06173289946514,45.06359573155075,0.0,1.0004566374923574,PI,8.34777306187357,14.361595990782584,0.7179802177511931
3.0,0.24027436727624948,1.7778679069600345,1.146285065897659,2.352919889259989,4.441118879302701,4.736694259322407,1.15685605579813,5.42960189118445,PID,10.704947229942832,11.82859167937158,0.7876072107312541
3.0,0.5921638280750818,3.7295228307836776,0.018673352756690468,9.110448969565166,34.640298294103324,65.28309950927458,0.0,1.2190543461868106,Lead,2.2769459631394318,39.136938835721665,0.6701807700184348
1.0,1.0,4.935831415636746,0.3194275130651056,4.935831415636746,0.0,0.0,0.0,1.5766403540054652,P,0.33376485283585944,0.0,0.931890725264472
2.0,1.0,0.7686971706417985,0.20743741284516504,5.051258830757554,3.291993031230025,0.0,0.0,0.6828825175026689,PID,30.556546571142494,0.0,0.9392744300731843
2.0,1.0,0.25905289226529354,1.5290846935889244,2.6397791091056773,0.6167340121643119,0.0,0.0,0.9430385380161348,P,5.527624230669336,0.0,0.9131081375154029
2.0,0.36871537838381757,2.3788763972190976,0.2954453826070031,1.7542566218579447,5.659052913246114,0.0,0.0,1.6719410531472738,PID,16.043142372854156,0.0,0.8866548594705772
2.0,1.0,1.562760501747387,0.09549255405715652,5.982920618424564,6.907651641742214,0.0,0.0,0.6596292978070744,PID,14.459193743671392,0.0,0.9622025888868498
1.0,1.0,4.9957027062763455,0.29996322685037535,4.9957027062763455,0.0,0.0,0.0,1.4985271041598054,P,0.3297648284780622,0.0,0.9322959885421632
1.0,1.0,0.6341154895238372,2.910432135525939,0.6341154895238372,0.0,0.0,0.0,1.8455500983449378,P,2.597960581754062,0.0,0.8896775817595728
2.0,0.22728946889830526,1.4318918727933911,0.3888702951856298,0.6509078865740189,2.050314335371765,0.0,0.0,0.7973063408193468,PID,38.851556510008336,0.0,0.7920676530863047
1.0,1.0,3.350091388771953,0.1654414764921426,3.350091388771953,0.0,0.0,0.0,0.5542440657420443,PID,7.1646597334292474,0.0,0.9455122974360056
3.0,0.6392734081064775,0.5427922099676744,2.1014938351653916,4.741097944044558,3.1032599043921527,1.1923740335520294,0.5858479102298906,2.505766680720882,P,10.292573067889148,23.28962861866996,0.7544057934119256
3.0,1.0,0.39272623782591864,0.15515682533410763,8.521151603072784,19.685077446260205,6.477167679098127,1.2567964852894797,1.0049767742455553,PID,66.33724347309493,0.0,0.9425011451085349
3.0,1.0,0.9450223637172372,0.20670620499505502,7.895260458972725,18.581550603275197,11.352950725475537,1.564857045921956,2.346725359958905,PID,27.1476725171359,0.0,0.9325847671161454
2.0,1.0,0.46160151195821886,4.768532117846196,3.6198845676103764,1.4578682336810593,0.0,1.564367427650931,6.951891495895835,P,3.3891905547158867,0.0,0.8651015642064582
3.0,0.26334457370348413,0.7310887273737317,0.6394451337715007,5.289186960359439,2.422858031120632,2.621212257299087,0.0,1.676121422512112,PID,17.088794813168818,33.67447828096643,0.8385184314027431
1.0,1.0,2.9475831198014593,0.24348605376933913,2.9475831198014593,0.0,0.0,0.0,0.7176953819975745,P,0.5589009636388388,0.0,0.9330879843709537
2.0,1.0,1.6464446360706462,0.3009502008565489,4.620927271946848,4.8973209809236495,0.0,0.0,1.4738497328679634,PID,12.911537030964542,0.0,0.9357560252537568
2.0,0.4595906077592818,2.689257870700628,0.09386285425223986,2.471915318433467,7.232107895125274,0.0,0.0,0.6788262892966169,PID,11.986909726642171,0.0,0.9498918688219118
3.0,0.37118709734713917,1.6069550651719107,0.24945995187715422,3.44689739808737,5.271163832589815,5.820347776072689,0.0,1.4519436761273945,PID,9.254864548490598,10.462009538783512,0.7996508052510188
3.0,0.6235925610840162,1.322854075475723,0.8877115842594021,3.371640296055412,4.590638187640451,3.0130453491055,1.2111990126352554,2.6747152602998665,PID,18.347811463835086,0.0,0.8518898717436315
2.0,0.6035369913844096,2.9905522856739437,0.16458195249481455,3.609817858146843,8.943402973349649,0.0,0.0,1.471922723301815,PID,8.81642877951941,0.0,0.9458570831876224
2.0,0.5887385014037151,4.000931443333982,0.08989679832687102,4.711004764334902,16.00745241425855,0.0,0.0,1.4390187214115857,PID,6.713364650899411,0.0,0.9591009648180164
2.0,0.7556680627491762,2.7098744496517635,0.2562274683502958,4.095531151323676,7.343419532875447,0.0,0.0,1.8815857959427875,PID,8.23778840520103,0.0,0.9428647209703347
3.0,0.5397860654005079,4.235697103021837,0.013279624946181295,8.612118518603364,36.412157383990404,72.47100510096719,1.7629898165591946,0.9623877672136358,PID,29.76637199258066,0.0,0.8569031632489076
2.0,0.39737573604637577,1.618873749828183,1.0510955597857112,1.2866022958082612,2.620752217882762,0.0,1.6140388500876286,2.754661019515126,P,3.6621796108397087,31.823019991570124,0.7940301080327397
3.0,0.6347479630711214,1.0219806255849817,0.8397710673235963,5.608830753934318,6.6380953849329885,4.503049451451874,1.9376437713514587,3.781530644056675,PID,26.896151454745485,0.0,0.833049223318138
1.0,1.0,4.978229468401458,0.3330817407186181,4.978229468401458,0.0,0.0,0.0,1.6581573370318785,P,0.3309222800032164,0.0,0.9317317179564126
2.0,1.0,2.0616401367855177,0.06980869532186847,5.64759069110878,7.392939591321114,0.0,0.0,0.5160914674635144,PID,10.233934357179518,0.0,0.9702331560087187
1.0,1.0,1.2034767612907589,1.0699271443096863,1.2034767612907589,0.0,0.0,0.0,1.2876324544508917,P,1.3688731673520018,0.0,0.9193105970073764
2.0,0.9803283723884086,4.23063016558612,0.09825577385658042,8.294813568812689,17.89823159796723,0.0,0.0,1.75860459632257,PID,4.3270715510889906,0.0,0.9726988949923272
1.0,1.0,4.953543988766108,0.14381498064189274,4.953543988766108,0.0,0.0,0.0,0.712393832853162,PID,4.846993533216239,0.0,0.9493872774748565
2.0,0.7722438537873225,0.6762316331370696,2.632886025451408,1.044431444853331,0.45728922165522823,0.0,0.0,1.203990401285602,P,7.615995196145913,17.58251243374869,0.7592812679910175
2.0,0.9073222237190316,1.1503552654850802,0.9341005783478592,2.0874857950936394,1.3233172368292494,0.0,0.9380889954717926,1.2361113962598929,P,1.209860970765676,1.391868792374533,0.9105466084477506
1.0,1.0,3.0149368304710205,0.4112639944042496,3.0149368304710205,0.0,0.0,0.0,1.2399349637759998,P,0.5464151120556769,0.0,0.9303104754523437
2.0,0.8507936624386617,1.4452370340618534,0.7055663617704862,2.4591970186029464,2.0887100846239033,0.0,0.0,1.4737235752014115,PID,14.125528600993269,0.0,0.8995259667618192
2.0,1.0,0.47892071226294725,1.0736605004047668,2.4386409599394865,0.9385506168533675,0.0,0.0,1.007684724945989,P,2.5178888633130954,1.4476162452995929,0.9115135148523339
3.0,1.0,2.516348041218942,0.04876426718966301,9.429021640185413,28.64650505032211,28.313476042518015,0.0,1.3806859108054708,Lead,2.6952539244137594,12.170216105243616,0.7970527749867966
1.0,1.0,1.8348358188393163,0.6802927133757574,1.8348358188393163,0.0,0.0,0.0,1.248225437797228,P,0.8978498398318437,0.0,0.925709446203026
3.0,1.0,0.7039026363011384,0.09607815903628324,6.804353039596217,25.55993603520848,14.96906177304356,0.7874045144940498,1.4381998976544272,PID,36.12949720756293,0.0,0.955677958472642
1.0,1.0,4.6518102008193285,0.2520117850420524,4.6518102008193285,0.0,0.0,0.0,1.1723109923853072,P,0.3541432205837742,0.0,0.9329992581164176
1.0,1.0,1.6761683476197735,0.833875540796017,1.6761683476197735,0.0,0.0,0.0,1.3977157873366048,P,0.9828410424298933,0.0,0.9232422522692189
2.0,0.6640550980316439,3.604257288784795,0.11012030157035917,4.786850854470509,12.990670603758321,0.0,0.0,1.430536564487066,PID,6.822230976768597,0.0,0.9598214173780113
1.0,1.0,2.4920281934131174,0.658960781068412,2.4920281934131174,0.0,0.0,0.0,1.6421488447760115,P,0.6610707898157036,0.0,0.926190178810949
2.0,1.0,3.95362481954325,0.03519439982811648,8.777038692580273,19.069968803368408,0.0,0.0,0.6711561067754558,PID,4.878406657746997,0.0,0.9790604021079656
3.0,1.0,2.3124257577313534,0.024865772689338147,10.507229883433414,35.164454606719794,37.495008897576874,0.0,0.9323423682318579,Lead,2.7172377452112855,18.808284651794605,0.7703598819985891
3.0,0.7918353835009678,0.49245071334288204,4.378419525638777,2.6430455332130087,1.6955530232765528,0.45183204639435953,0.0,1.9783102542423894,PID,12.854523706319977,45.621328835050704,0.8502477675376379
3.0,0.46630264195271415,4.896209801647047,0.050782880090651475,8.575905454813448,42.28197014368652,96.12340297119293,1.7030896804785862,4.881423246991462,PID,7.847447504864947,0.0,0.9502752030145596
1.0,1.0,4.148398834963672,0.1338965014935999,4.148398834963672,0.0,0.0,0.0,0.5554560908017614,PID,5.787399188475354,0.0,0.9512384960180803
3.0,0.19726123909195648,0.5288828198751008,1.7250335247779935,3.650123178369945,0.9978003324551619,0.9626369576447222,0.0,1.6605810241274395,PID,26.719966600685055,23.831825558122265,0.8359301844699643
1.0,1.0,3.7492710486872474,0.45377017720701635,3.7492710486872474,0.0,0.0,0.0,1.701307388159948,P,0.4393939580973816,0.0,0.9295794014208865
3.0,0.6534890183039697,1.402315207074102,0.4765977695484004,6.151796638246316,9.882332985250542,8.49326428821936,1.5159310990465957,4.0478708159504295,PID,18.810019213047585,0.0,0.8922703106428622
2.0,0.6977353998817143,4.5094839425033735,0.2157811341108716,6.292853163765524,20.335445427695785,0.0,1.0220471351142715,4.388005477037935,PID,7.142769523637167,0.0,0.9152470807432886
1.0,1.0,4.296054421491485,0.2207643068797745,4.296054421491485,0.0,0.0,0.0,0.9484154766783583,PID,5.58822471917526,0.0,0.9358807187365962
3.0,1.0,1.100449673309554,1.0411534179887372,3.9305680264782277,5.647840840563717,2.787921045191596,1.5764587214623513,2.902653525283963,PID,19.182013023131425,0.0,0.8552858117743924
2.0,1.0,1.6225378736535914,0.08703448135169753,6.616506049974062,8.10290250590072,0.0,0.0,0.7052319170444394,PID,14.037735169264982,0.0,0.9631813588383786
1.0,1.0,4.9883841788620025,0.31098677639036415,4.9883841788620025,0.0,0.0,0.0,1.5513215151809878,P,0.3302486310183175,0.0,0.9321074431027168
2.0,1.0,2.0833716460246112,0.07330854896873502,6.676805695395275,9.569830256342854,0.0,0.0,0.7015503699695922,PID,10.539549020600216,0.0,0.9677493857359598
1.0,1.0,0.5224000104692811,1.5370760728198525,0.5224000104692811,0.0,0.0,0.0,0.8029685565331723,P,3.153535629876262,0.0,0.911349192164623
2.0,0.6647408358070994,2.430415607550769,0.19139799631472235,3.2311930046438335,5.906920025426368,0.0,0.0,1.1305726572579156,PID,10.10553485935795,0.0,0.9460508583521399
3.0,0.30923643402378687,4.51588495423308,0.03268223694701008,5.589064176753184,28.202624017165157,57.0217156388652,0.0,1.8635972216344228,PI,7.248855425589814,0.0013587770113732134,0.8767730536605667
3.0,1.0,1.6370397992711587,0.062349394597069535,8.736674159723027,24.178085301699554,20.554182725001837,0.7331623461251338,1.2815408493414095,PID,15.87625007254103,0.0,0.9619199868951985
2.0,0.8048572383758229,2.9390001537476076,0.134014431209764,4.730951094662837,8.63772190372846,0.0,0.0,1.1575793878762894,PID,7.24697999082449,0.0,0.9629327088567993
3.0,0.7003917545113324,4.975098219994618,0.016526999500499514,11.079300069302299,53.39618187542328,101.73563291347534,0.0,1.6813847543440088,Lead,1.4028335628611361,19.69647938615153,0.7549943078558881
2.0,1.0,0.6890919551098152,0.5523940648015216,4.023118162617008,2.297450637718494,0.0,0.0,1.269098096450167,P,1.7690460257069458,0.6436936925452946,0.9254407617364634
1.0,1.0,2.2782679657652825,0.2430636498640459,2.2782679657652825,0.0,0.0,0.0,0.5537641271272448,P,0.7230962603247758,0.0,0.9331556293125493
3.0,0.31899928423939594,0.4930717385327811,10.185206155692216,0.8291251461494982,0.40498516411546925,0.12509630953062187,0.0,1.2741317018856686,PID,33.571382730135525,3.355698439511956,0.8726694466623199
3.0,0.19932432774181266,0.5395142681019641,4.834228242525739,2.260697651944734,0.7310409350420966,0.5954304571713123,0.8105308122872179,2.8784467325175696,PID,25.041189674742522,38.625243186371705,0.7531798360289601
3.0,0.10147802983057233,2.2580652754249946,0.13337696987314246,1.1962258115516633,5.437046840461991,3.7626405386565724,0.0,0.5018495937678622,PI,29.22709500300794,0.0,0.7968304490659301
1.0,1.0,2.6392033079018007,0.46766120899645985,2.6392033079018007,0.0,0.0,0.0,1.2342530097608122,P,0.6242061917436437,0.0,0.9294371287309698
1.0,1.0,2.2703696967029585,0.7359469731807661,2.2703696967029585,0.0,0.0,0.0,1.6708717062898764,P,0.7256118016616334,0.0,0.9247639251902677
1.0,1.0,4.2377777898317905,0.2101391010306424,4.2377777898317905,0.0,0.0,0.0,0.890522815122875,PID,5.663789154516428,0.0,0.937684022302494
1.0,1.0,1.363917694535997,0.894331898261332,1.363917694535997,0.0,0.0,0.0,1.2197951008265977,P,1.207849309868405,0.0,0.9222143225185894
1.0,1.0,3.4796401167623023,0.2420880565025037,3.4796401167623023,0.0,0.0,0.0,0.8423793131951308,P,0.47344179018014987,0.0,0.9331719843320111
3.0,1.0,0.4331325912653988,0.28190334900070674,2.1379764618757857,14.019512081216734,5.752472336531493,1.8782347902960244,1.6216412167021486,PID,61.689713480926926,0.0,0.8562053741564686
1.0,1.0,0.2444469527413924,3.2010338171195754,0.2444469527413924,0.0,0.0,0.0,0.7824829622170277,P,6.739323307521246,0.0,0.8859257680509803
3.0,0.3150586287777856,3.214701647152992,0.058548192534124806,4.957856827830675,16.273921455850687,30.302438433101134,0.0,1.7741529996346685,PI,11.226353099748536,0.09606696419095506,0.868976856607724
1.0,1.0,0.22275868597699483,7.9909529956438305,0.22275868597699483,0.0,0.0,0.0,1.7800541890135502,P,7.395478379831816,0.0,0.8402162327760755
2.0,0.8613874721936212,3.9328057242358354,0.3522230993132137,6.77533916285622,15.466960864582148,0.0,1.1816861454479868,5.447820892679308,P,0.6869774935225763,2.5451989845920777,0.9136562819909546
2.0,1.0,1.9353731774681568,0.10253531397056563,6.861690938832846,9.534263259030196,0.0,0.0,0.9775986767426894,PID,11.548205642750716,0.0,0.9616753269846126
2.0,1.0,1.2385073370819266,0.22781779416496023,3.4258325872702615,2.7090183709428137,0.0,0.0,0.6171625896205458,PID,17.086631610592203,0.0,0.9461971616894016
3.0,0.11694039155756286,1.9284496804137508,0.42244191771335704,1.4453685578458029,4.167393234348561,3.69787369108894,0.0,1.562136853525382,PID,22.02461579773268,0.7223986820308781,0.8677096126363412
1.0,1.0,1.722335221423898,1.065430911968158,1.722335221423898,0.0,0.0,0.0,1.8350291856765433,P,0.956496171924451,0.0,0.9193797091444978
3.0,1.0,0.8049264403838076,0.19511228649804258,2.611592609899139,14.110384745385394,10.187270876521694,0.0,1.9876617138930661,PI,6.253568634097306,1.9451881834890772,0.8455094414601015
1.0,1.0,0.27958304910827325,7.116407376061069,0.27958304910827325,0.0,0.0,0.0,1.9896268728957598,P,5.892370983566403,0.0,0.8407099404927564
1.0,1.0,3.0062664038439944,0.229641977968096,3.0062664038439944,0.0,0.0,0.0,0.6903649632777697,PID,7.987065055514582,0.0,0.9343576644146292
2.0,1.0,2.7737619829346,0.06972306553451607,5.958363726266233,8.833327246440534,0.0,1.3918514133362965,0.6158866544913998,PID,32.61929751234155,0.0,0.8573114562731612
3.0,1.0,0.28717061078894746,0.25228986483789967,6.060240178475962,13.34754628443609,3.3569355236463374,0.0,0.8469208095302784,Lead,17.0233752388033,40.12505040700686,0.7066158383157647
3.0,0.5926513476797551,3.1706196262064634,0.07519539802296778,5.859743189186676,17.95094121571627,21.127016996278286,0.0,1.588654452073151,Lead,2.072760625170759,21.42853696749286,0.7419084531065396
3.0,1.0,2.2125074619239014,0.2269232786256838,8.722932849461232,24.658298953762404,22.686905939402866,1.2803451005689908,5.148187077641797,PID,8.61454332682388,0.0,0.9543384708130747
2.0,0.4515564436360953,4.4813851818743675,0.03605377539514092,4.047196710581371,20.08281314832316,0.0,0.0,0.7240612345522262,PID,7.285816369604438,0.0,0.963512739395662
2.0,1.0,1.0565204567447817,1.5278052781562794,2.2143220226623423,1.223241039243045,0.0,0.0,1.8688741162128968,PID,17.610447391769434,0.0,0.8399599949058544
1.0,1.0,2.455044263239174,0.6518181284165087,2.455044263239174,0.0,0.0,0.0,1.6002423568442448,P,0.6710294680752635,0.0,0.926314787726942
1.0,1.0,4.416155522291848,0.2419704281613249,4.416155522291848,0.0,0.0,0.0,1.0685790425559578,P,0.37304099408339153,0.0,0.9331739188848981
2.0,1.0,3.709452687933428,0.0447410030166937,7.667661312058625,14.682787620162488,0.0,0.0,0.6569226452071628,PID,4.977047389683962,0.0,0.9792642284485216
2.0,1.0,4.030867691928005,0.10869461081860875,8.385615880668933,17.553413780477804,0.0,1.615400547661478,1.9079614794070388,PID,13.036406245985143,0.0,0.902758982013249
2.0,1.0,2.0102944657072683,0.1487054879486908,5.66299462742322,7.343002919985622,0.0,0.0,1.0919448322251233,PID,10.586434365840773,0.0,0.957389819800144
1.0,1.0,1.731835945278397,0.8159616372439994,1.731835945278397,0.0,0.0,0.0,1.41311169334737,P,0.9512489046979478,0.0,0.9235406252000551
2.0,0.9324894189141804,3.1283413525782295,0.08124576480111804,5.834290420061748,9.786519618250985,0.0,0.0,0.795113271125947,PID,6.082591342182302,0.0,0.9734274358738879
2.0,0.2166867367933357,2.1523028181876573,0.759437991664571,0.932750948528367,4.632407421178533,0.0,1.009216631313354,3.5180261885118798,P,5.394564244484463,51.572390318546844,0.7617733437084662
1.0,1.0,1.3692643777213156,0.4735292673984971,1.3692643777213156,0.0,0.0,0.0,0.6483867576572335,P,1.2031329178402863,0.0,0.9293361242468953
3.0,0.26533186003526865,1.2498140777337452,0.17383465177337346,5.0922040370924915,4.499467399649839,6.918211930714521,0.0,1.2026249618701566,PID,10.588305503308442,17.192369481317193,0.8402864828525723
2.0,0.9538057893956914,2.5630092995335194,0.1892611782698441,4.889226216340133,6.5690166694953005,0.0,0.0,1.2432598349429276,PID,7.290166620241794,0.0,0.9603777240987821
1.0,1.0,0.7313219553421573,1.2014604913827487,0.7313219553421573,0.0,0.0,0.0,0.8786544358243809,P,2.2526426754025897,0.0,0.9170713305607476
1.0,1.0,3.8710570525147245,0.46888128262481216,3.8710570525147245,0.0,0.0,0.0,1.815066195896929,P,0.42557033485012014,0.0,0.9294147728044765
1.0,1.0,4.527880897118904,0.4365956078115935,4.527880897118904,0.0,0.0,0.0,1.9768529123761311,P,0.36383621466519966,0.0,0.9299638837877768
2.0,1.0,0.5447462744138454,2.8329233530764353,1.4061552468673097,0.4692493284906834,0.0,0.0,1.3293473810966923,P,5.359104585646068,7.933630742955047,0.819897244847774
3.0,0.6489129993788042,4.275245701670068,0.020457642538314582,8.351874153754721,33.832178610658474,51.23884676605869,0.7404680374733871,1.0482260112155048,PID,9.312891288585044,0.0,0.9576270913909014
1.0,1.0,3.0042937282938476,0.5334678584139733,3.0042937282938476,0.0,0.0,0.0,1.60269414127945,P,0.5483508588217106,0.0,0.9283247214593362
3.0,0.46032091833961575,2.0448873943149004,0.05035251250297238,5.730680750875645,11.42597874320061,16.090960529987836,0.0,0.8102202912710476,PID,6.218707322503542,24.842377354320732,0.741583740359193
2.0,0.1893521246283303,4.511773787391062,0.1610984528319135,1.7086279049698123,20.35610270858909,0.0,0.7692381085191311,3.2793366520412266,P,2.6486015280481867,69.29148824131865,0.7865637122603575
3.0,0.31828048599065634,2.414338709737392,0.08612331034218881,5.14605076217528,11.375880909285906,21.03800588463666,0.0,1.8118627097833577,PID,6.357384679415832,6.434867088956864,0.8036224641794238
3.0,0.9366169196186865,1.0578940954040392,1.0691826071249257,3.3740337563953946,3.878337730562789,1.5582352901078145,0.0,1.6660380699915383,Lead,5.433140163594765,17.017832798834984,0.7681267068258393
2.0,0.529007376031852,4.775573664474711,0.03268271171131982,5.052627386581166,22.806103824824426,0.0,0.0,0.745365316565165,PID,6.086174270127608,0.0,0.9688779951608808
1.0,1.0,2.8611994497916813,0.2836488312922045,2.8611994497916813,0.0,0.0,0.0,0.8115758800273088,P,0.5757749765338991,0.0,0.9323829828706073
1.0,1.0,0.3442619780536582,1.9706793353885101,0.3442619780536582,0.0,0.0,0.0,0.678429966110317,P,4.7853296358096165,0.0,0.9044303575101507
1.0,1.0,4.6008723566201395,0.21350287751627772,4.6008723566201395,0.0,0.0,0.0,0.9822994872234976,PID,5.219999838387212,0.0,0.9371016733238104
3.0,1.0,1.098746934153639,0.3301818358572649,3.6011098261530092,7.51111497130636,5.231849894379299,0.0,1.7274618030557944,PID,6.456788452569991,28.434487418298325,0.6911088806447722
2.0,1.0,0.9338101862064128,0.44236677303247196,3.383854811873385,2.287876628108096,0.0,0.0,1.0120806010725913,PID,24.012350271192147,0.0,0.9105558629966196
2.0,0.6542107830395053,4.033948043330657,0.10388253032527335,5.2781046163360585,16.272736816291232,0.0,0.0,1.690453075793566,PID,6.1590154010279,0.0,0.9603332370986608
1.0,1.0,1.2173821331866044,1.5489589691971664,1.2173821331866044,0.0,0.0,0.0,1.8856749741397703,P,1.3532374109601708,0.0,0.9111518839475254
2.0,1.0,0.21108210841636166,0.5637562982764968,5.179250900790016,1.0486915436626,0.0,1.1873930623047708,0.5912064626890926,P,9.26097805888686,0.0,0.9237527917481192
2.0,0.6627317035968869,1.015935537740606,1.82417695967593,1.3465853793429026,1.0321250168442941,0.0,0.0,1.8827786752324926,P,5.4925462086402606,21.93878055699309,0.7649443401143352
2.0,1.0,2.413277264743558,0.1487785571824943,5.7810435101640945,8.127353713044155,0.0,0.0,1.2091759591384972,PID,8.309563999128327,0.0,0.9611318766651487
1.0,1.0,4.760293254197298,0.21302688930735444,4.760293254197298,0.0,0.0,0.0,1.0140704641324338,PID,5.042109206469009,0.0,0.9372086678728213
2.0,1.0,0.3932179517116341,1.0974636367151633,4.654054245989596,1.6754373202145698,0.0,0.0,1.8387315345309894,P,3.7439686886766665,0.0,0.9197860902814254
1.0,1.0,3.7981693708297644,0.5233341066915609,3.7981693708297644,0.0,0.0,0.0,1.9877115747464424,P,0.4337371204967384,0.0,0.9284945984126908
2.0,1.0,1.651905349462055,0.20497993885402724,6.400076227858818,7.8435288741835585,0.0,0.0,1.607766069029943,PID,13.702598179253242,0.0,0.9438615769370021
2.0,0.7406064561691762,2.940548971296096,0.21518057674001226,4.3555791056470365,8.646828252590531,0.0,0.0,1.8606294903642628,PID,7.7087409441109385,0.0,0.9476720162505913
1.0,1.0,3.3059446310879608,0.3065821612434361,3.3059446310879608,0.0,0.0,0.0,1.0135436499500812,P,0.4983165872080747,0.0,0.9321864831554971
2.0,0.2119682462979339,2.368235508697696,0.9002347037682479,1.003981455198292,5.608539424656637,0.0,1.4832766075145785,5.049001827528307,P,4.865893956389132,53.897530346427,0.7431274696063037
3.0,0.27605076406068546,1.8347701605573639,0.06567611395077398,4.948106237606473,7.352583992408404,13.247138320201541,0.0,0.870020565839221,PID,8.07037088806533,6.162310228468204,0.8356167350110535
2.0,1.0,0.8209414565997168,1.8905666047260725,2.3416735794879413,1.2484320440618386,0.0,1.5121048210239167,2.360243930773221,P,1.978972758764598,0.0,0.905987296641137
3.0,0.7242380801066565,2.847771464268377,0.02279808796697703,8.898956924459213,27.802328594268168,38.716422088536646,0.0,0.8826603965410711,Lead,2.1856194170127563,30.95799767772516,0.7099719347740623
3.0,1.0,1.7383575760544854,0.2990367329395342,7.346856084492803,17.14306289267538,12.852524175097045,1.8126614199837674,3.843376839347402,PID,12.455421446937113,0.0,0.9341827925031334
3.0,1.0,1.7466352343501046,0.03201684023213929,9.829187169803674,36.196989915293074,38.565216779238426,0.0,1.234736384138694,Lead,3.082992072585199,34.45046210279254,0.6927242512474219
2.0,1.0,1.3721840036762636,0.7619271929600955,3.1759180850782904,2.4750550533855606,0.0,0.0,1.8858117492477595,PID,14.374368924388097,0.0,0.8931225211401926
1.0,1.0,4.895381267669895,0.3304108914563513,4.895381267669895,0.0,0.0,0.0,1.6174872886695328,P,0.33652272539882144,0.0,0.9317769078942997
3.0,0.31380138577261224,2.4453253142170777,0.0404602374628292,5.395125385953012,11.904194323042901,23.083903178065846,0.0,0.9339802041535018,PID,6.202749101406184,6.517202887196549,0.8074747133334927
1.0,1.0,3.012614595661063,0.3701016332933567,3.012614595661063,0.0,0.0,0.0,1.1149735823375648,P,0.5468363090437451,0.0,0.9310211342515078
1.0,1.0,1.2505117222142346,1.3787028098197074,1.2505117222142346,0.0,0.0,0.0,1.7240840251292466,P,1.3173863281710048,0.0,0.9142729041557841
1.0,1.0,1.0049576944533487,0.5087383797564754,1.0049576944533487,0.0,0.0,0.0,0.5112605491999997,P,1.6392799967154086,0.0,0.9287350368947701
3.0,1.0,0.863979536557036,0.04756908947812251,7.720706169393111,22.31281189974893,14.15953633659352,0.0,0.6735562509641442,Lead,5.861183135794816,40.31659358472347,0.6849773608916275
1.0,1.0,4.993325672057196,0.15798813990062702,4.993325672057196,0.0,0.0,0.0,0.7888862348463648,PID,4.809775564184546,0.0,0.9468300217241337
2.0,0.6515049881131767,2.2871615629699296,0.3768287163253453,2.9801943337912773,5.231108015127051,0.0,0.0,1.9712317182995513,PID,10.899449659682773,0.0,0.9146812402332938
2.0,0.34086261552106567,4.016468477311172,0.09268398971846467,2.7381279006683967,16.13201902923432,0.0,0.0,1.4951798858436303,PI,10.976157599020013,0.0,0.9305315610757473
1.0,1.0,0.7368550514272505,2.3733214883967837,0.7368550514272505,0.0,0.0,0.0,1.7487939273860107,P,2.2357274241001224,0.0,0.8973822701276802
2.0,0.5456818726814475,2.8952691642288504,0.17644084266173163,3.159791798906498,8.382583533334431,0.0,0.0,1.4790301023038828,PID,9.808704002202887,0.0,0.9405695152565634
1.0,1.0,4.961801626534664,0.40290463309644275,4.961801626534664,0.0,0.0,0.0,1.9991328638362817,P,0.3320179180990684,0.0,0.930454245009429
1.0,1.0,0.6569556174121471,2.422941377262734,0.6569556174121471,0.0,0.0,0.0,1.5917649484530776,P,2.5076382671815933,0.0,0.8965305128216089
2.0,1.0,1.7279666606192976,0.13836797232866388,4.141769312639651,4.170970508005615,0.0,0.0,0.577128731835394,PID,11.606957809037779,0.0,0.9625773482224822
2.0,0.8405868670009675,4.00108021076806,0.07027447656807531,6.726510957978191,16.00864285299979,0.0,0.0,1.1249989970598202,PID,5.148190045650745,0.0,0.9734765864070124
3.0,1.0,2.5580357426785603,0.019183150464927766,8.770281242778122,30.479402881961185,37.31728244673042,0.0,0.7158630441178374,Lead,2.3199037178120236,25.727604401585694,0.7267672727333248
2.0,0.5751176118138246,1.0215699536566856,0.21760135480054102,1.1750457440955848,1.0436051702141222,0.0,0.5007781162485583,0.2270898989154422,PID,56.48372367678247,0.0,0.8413071354644501
3.0,0.13100613174912507,3.9407322420734734,0.014538225631488658,4.363356685622312,18.96852649961059,51.725794600273,0.0,0.7520012728668066,PI,20.451344462178547,0.0,0.8272009503974003
1.0,1.0,4.331844673378574,0.40044993431682596,4.331844673378574,0.0,0.0,0.0,1.734686914925142,P,0.380301504388368,0.0,0.9305789838137083
1.0,1.0,2.786920478068097,0.6203262104340274,2.786920478068097,0.0,0.0,0.0,1.7287998189409706,P,0.5911209376180689,0.0,0.9268458983304645
1.0,1.0,2.093511286106021,0.7674648542965591,2.093511286106021,0.0,0.0,0.0,1.6066963341595593,P,0.7869109935045181,0.0,0.9243570810144528
1.0,1.0,1.435769404755024,1.134230445541628,1.435769404755024,0.0,0.0,0.0,1.6284933716503291,P,1.147403643375237,0.0,0.9184036993692719
1.0,1.0,3.8012767421515186,0.3148993188295159,3.8012767421515186,0.0,0.0,0.0,1.1970194567859944,P,0.43338256007379766,0.0,0.9320448320896193
2.0,0.28545761387716345,1.3301893174495718,0.38338653447110416,0.7594253371280949,1.7694036202569583,0.0,0.0,0.6783655220509408,PID,34.91041543665607,0.0,0.8324834835884344
3.0,0.8325657842981408,1.1241286038334324,0.2643596230530813,3.9846538180813313,5.218510203464017,2.6699118365144443,0.0,0.7058168866859186,Lead,5.538714817368261,23.944888916108894,0.7407849331882568
1.0,1.0,3.336991163329488,0.3515425134154144,3.336991163329488,0.0,0.0,0.0,1.173094260801876,P,0.49368037415445454,0.0,0.9314172712881384
3.0,1.0,1.1230432593686395,0.13514189808741947,7.26573238114784,13.050078098994767,6.908482015350648,0.0,0.9336253724572876,Lead,5.484333379655097,16.96105117071375,0.7883363287169594
2.0,1.0,2.844362088753944,0.18860099974658767,5.763181212640228,8.302178459912149,0.0,0.0,1.5657991576140167,PID,6.389756878768872,0.0,0.9620979509683288
2.0,0.5327109473038252,3.1273247265432738,0.3698032403530444,3.331920235207087,9.780159945248963,0.0,1.6368654780992908,3.61673483892412,P,1.267979386402361,27.688956731643486,0.8435034373249647
1.0,1.0,4.167735126358064,0.32195774471100225,4.167735126358064,0.0,0.0,0.0,1.3418346018350662,P,0.39527633021683445,0.0,0.9318482330862855
1.0,1.0,1.4993444551765136,0.8556257381182304,1.4993444551765136,0.0,0.0,0.0,1.2828777061538803,P,1.0987515513029098,0.0,0.9227241795700886
2.0,0.7022206204335774,2.9512471441219477,0.01927431348030126,4.144853201196275,8.70985970568795,0.0,0.8184157082611144,0.167876566336874,P,4.261530973047164,372.19543482549733,0.7964453412314354
2.0,1.0,1.0254096892977098,0.2646949658816836,5.49867670605108,4.586931341794767,0.0,0.0,1.214137635017991,PID,22.700996369709973,0.0,0.9305453459634596
3.0,1.0,0.48553612248003203,0.18142853705669182,2.1585449017710223,10.133879854809363,4.525960729918113,0.0,0.8211384340050802,P,8.910743510944014,16.706257755162323,0.7796981520560559
3.0,0.256763086264041,2.286849961078688,0.2215014544148381,2.020879027290802,6.223801712027375,4.427040029992114,0.0,0.9805958053959618,PI,14.682622859962857,0.002357135429109647,0.8440665176094712
1.0,1.0,1.9316416952876172,0.3017669455333682,1.9316416952876172,0.0,0.0,0.0,0.5829056142518414,P,0.8528533268263888,0.0,0.9322667021936064
2.0,0.2827973649284421,3.169279816506406,0.18861378232138568,1.7925279616578156,10.04433455531488,0.0,0.0,1.8944999313793327,PID,14.772946646900005,0.0,0.8933202027523827
2.0,0.2026405299187792,0.804793894556313,1.0544397145239586,0.32616772253657883,0.6476932127151177,0.0,0.0,0.6829534463144343,P,23.940955212803164,57.82228732820301,0.701718427173942
1.0,1.0,3.8205032717018836,0.452744877924556,3.8205032717018836,0.0,0.0,0.0,1.7297132873570362,P,0.4312015797145895,0.0,0.9296918543141565
3.0,0.3883036353544959,2.1859453316747337,0.05732767510402586,6.681671653242914,13.23938617180266,23.815573111397836,0.0,1.3652914377463894,PID,5.93861308932207,22.47678256905931,0.77070196279819
3.0,1.0,2.5696259660990997,0.01736367806343895,7.898303829077536,37.69859784574118,61.68615531297071,0.0,1.0710985418257175,PI,5.461003214223135,23.129858898155085,0.6899937977336823
3.0,0.21396682338753056,3.0483377031831993,0.0773687996078263,3.0456972767020036,11.563748604031169,16.179964303874836,1.79921690949653,1.2518244158882752,PID,39.88537083046121,0.0,0.7961846328192521
1.0,1.0,1.9216293993339737,0.5791980838947564,1.9216293993339737,0.0,0.0,0.0,1.1130040660500693,P,0.8572969619602991,0.0,0.9275441951712853
2.0,0.9248247584252043,3.275801156080134,0.10131868559025625,6.059084025641629,10.730873214175944,0.0,0.0,1.087237969295995,PID,5.839662253201442,0.0,0.9704678456214315
3.0,0.5110179411902761,2.9692908830139144,0.033097573279417626,6.3967381947858195,19.019472802218306,29.641850529604046,0.0,0.9810733200411141,PID,4.817474959210509,24.842054631267008,0.7011643959270029
1.0,1.0,1.8595078676606365,0.574285917210482,1.8595078676606365,0.0,0.0,0.0,1.0678891813395963,P,0.8859371206292013,0.0,0.9275194777891157
2.0,0.44629607325465126,3.698634870083315,0.34634381264936775,3.301372437841821,13.67989990219622,0.0,1.6333093137101409,4.737948688788352,P,1.490346581701686,33.27134061475505,0.83187656694563
1.0,1.0,1.4356273392577827,1.2121424378733898,1.4356273392577827,0.0,0.0,0.0,1.7401848228856167,P,1.1475171870955851,0.0,0.9170907806824429
3.0,0.44931141349579956,4.74394348780296,0.017827066860106103,7.673964671257469,37.04592865452423,76.7634012854776,0.0,1.368466287125364,PI,5.431519688023852,9.193800505504157,0.7606010567120434
3.0,0.7055727370462304,0.48114739682014807,9.979089367053449,3.5797754377874,2.2010604001672642,0.6715448698959704,1.7782180056037726,6.70140627067817,Lead,7.907975594154377,42.84068792825113,0.6980611493813762
1.0,1.0,2.435635713714824,0.20865585949091767,2.435635713714824,0.0,0.0,0.0,0.5082096632519413,PID,9.855647999116552,0.0,0.9379408247901748
2.0,1.0,1.7874371203813055,0.17064891326811527,6.205502495337496,7.897014051468047,0.0,0.0,1.3476168659460583,PID,12.469394231337397,0.0,0.9506636477535854
1.0,1.0,0.9708239004076096,1.7123206941794837,0.9708239004076096,0.0,0.0,0.0,1.662361855071992,P,1.696916449389978,0.0,0.908596569368862
1.0,1.0,2.583634298462152,0.5049986704406995,2.583634298462152,0.0,0.0,0.0,1.304731885628376,P,0.6376316675479927,0.0,0.9287008479327488
1.0,1.0,4.825183578666338,0.3696156122305605,4.825183578666338,0.0,0.0,0.0,1.7834631825536054,P,0.34141852205298834,0.0,0.9311084171685224
3.0,1.0,1.9974268949549001,0.26184751306571213,7.4508466479088815,20.45996145936047,19.10969105798797,1.2226453270432573,5.0038250789882275,PID,10.540073331115336,0.0,0.9425212388062665
1.0,1.0,4.914292622325653,0.28708448075146353,4.914292622325653,0.0,0.0,0.0,1.4108171457411083,P,0.3352277067463245,0.0,0.932392474132333
2.0,0.4716811704621008,2.038926528881829,1.6963982693747983,1.923446503258419,4.157221390178106,0.0,1.7565752872805618,7.052303171706032,P,2.746671860261784,21.63823075218558,0.7800194270640053
1.0,1.0,1.6582237683677317,1.0924348203532064,1.6582237683677317,0.0,0.0,0.0,1.8115013845022199,P,0.9934769224085065,0.0,0.9189234790681596
1.0,1.0,0.3150577065341862,4.064925691674446,0.3150577065341862,0.0,0.0,0.0,1.2806861656508415,P,5.228905727096868,0.0,0.8739497949134823
2.0,1.0,0.9842801607173816,0.42572918480468025,4.3922677165341195,3.354414539162135,0.0,0.0,1.428072167254463,P,1.969856685333615,2.461867004978159,0.9149295579554704
2.0,0.5648032956443112,2.470117826767193,0.11163032894843605,2.79026137837575,6.101482078113085,0.0,0.7827114545184521,0.6811104514527508,PID,28.16802825403544,0.0,0.863764885089102
2.0,0.4604447147312774,4.752403039929142,0.08685395699116331,4.376437724016458,22.585334653927738,0.0,0.0,1.96162568466327,PID,6.77717787499352,0.0,0.9516515369423689
2.0,0.8755540871996803,3.3628464992944713,0.10111997694589996,5.888707994164824,11.308736577817085,0.0,0.0,1.1435391820361192,PID,5.936870203515333,0.0,0.969977729057186
1.0,1.0,0.3723146528353228,3.4967764954170426,0.3723146528353228,0.0,0.0,0.0,1.301901126933913,P,4.424770912229633,0.0,0.881815816967542
2.0,1.0,0.3939162984423833,0.503644938628657,5.1957124231076675,1.8915057553031296,0.0,0.0,0.9526473000453962,P,3.7832415947491724,0.0,0.9293028084326824
2.0,0.8453534119711217,4.698608279452077,0.038661584798629835,7.94396908110115,22.07691976373562,0.0,1.7520614964904038,0.8535287055382116,P,2.7517737371987163,197.59842543507634,0.807383447700493
3.0,0.9150129235120529,2.814021318986593,0.05042787940787295,8.073482692859072,22.97524904809231,23.152353340852773,0.0,1.1675240822809883,Lead,2.601509617961296,11.384010546963445,0.7962445636649027
3.0,0.9582921434534173,1.6444223186498494,1.4900479952273715,4.842814065352415,8.034046970049284,4.57305378914886,1.5617658416021718,6.814069630588194,PID,9.115926939534173,0.0,0.8639392917724826
1.0,1.0,4.184092059963334,0.46936020584811267,4.184092059963334,0.0,0.0,0.0,1.9638463105518444,P,0.39373107055322454,0.0,0.9293124158133018
2.0,1.0,0.8092892325964149,0.40429607861844874,4.829074345397871,3.2531688091415836,0.0,0.0,1.315243392619791,P,1.5315942333687331,0.5436121877378713,0.928377945069862
3.0,1.0,2.390738517928836,0.035593907322781955,9.773501116897634,29.899971823090127,29.285870048096815,0.0,1.042398544358994,Lead,2.783152179356762,13.32914277061429,0.7938495925855394
1.0,1.0,0.6308155292057374,0.9767580209486276,0.6308155292057374,0.0,0.0,0.0,0.6161541278906573,P,2.61155119015042,0.0,0.9210465145097618
2.0,1.0,2.341149886017085,0.05058784029727835,7.008435431031264,10.926815021719134,0.0,0.0,0.5527639732766296,PID,9.239293034548915,0.0,0.972288157472643
1.0,1.0,1.1879350064624363,1.6529557811684725,1.1879350064624363,0.0,0.0,0.0,1.963604036584491,P,1.3867821363126929,0.0,0.9096023123349837
1.0,1.0,1.2497802855278473,1.0190859378887989,1.2497802855278473,0.0,0.0,0.0,1.273633514432077,P,1.3181573314439223,0.0,0.9203392658409826
2.0,1.0,0.4357646900001926,0.6869599778280917,1.7702947798412063,0.5815410908954985,0.0,0.7926863616385046,0.39949545490769595,P,2.6381028760847682,0.0,0.9173064259003082
3.0,1.0,1.168962807725796,0.08315542594839598,8.953466902100466,23.776762521073792,17.15682827051762,0.0,1.4266833627583748,Lead,4.618704264942696,31.554393935067317,0.7297572141858579
2.0,1.0,0.6347794809701087,3.7201589830785795,2.5047032046017517,1.1869892107405875,0.0,1.9185404777367099,4.415788575153949,P,2.449619909066262,0.0,0.8795147893422612
3.0,1.0,1.0774820980686872,0.08925525345541689,5.635773222257232,20.29853539974518,16.579279877048176,0.0,1.479787827534228,PID,3.909103605666558,37.81604750754084,0.6308551403860796
1.0,1.0,2.2868467846834215,0.3686160391850947,2.2868467846834215,0.0,0.0,0.0,0.842968403993172,P,0.7203836553880317,0.0,0.9311266924212135
3.0,1.0,0.7150993415961,1.6065054872964497,2.8276271207122172,2.624274578931014,0.7963398863439216,0.0,1.2793243971645412,Lead,6.60328961461848,21.95306734562035,0.7509821084998601
1.0,1.0,2.2960039488264297,0.8676911641474786,2.2960039488264297,0.0,0.0,0.0,1.9922223392444125,P,0.7175105456175978,0.0,0.9226629283760895
2.0,0.4753717958159596,2.546348929477205,0.3955565450623576,2.4209249267592505,6.483892870649709,0.0,0.8419516583347737,2.564746262468651,PID,15.504142976913084,0.0,0.8483714034938952
3.0,0.5174145203212774,4.912519375889102,0.005432117297792642,9.588043496524648,47.03162531856984,108.70461654082516,0.0,0.5904962278613326,PI,5.366119605980311,18.09899362939058,0.7063819787829397
2.0,1.0,3.3112819024022437,0.11131930987003982,7.263715730757182,13.087622606274124,0.0,0.0,1.4569051163699673,PID,5.7844852507554005,0.0,0.9687076127773889
1.0,1.0,3.22911412578506,0.31634386784192897,3.22911412578506,0.0,0.0,0.0,1.021510452253855,P,0.5101730635370757,0.0,0.9319459055781604
3.0,1.0,1.9803791434000477,0.08282899042556736,7.645671732815364,18.89254774004052,15.195687713291242,0.0,1.258643472114112,Lead,3.3541197930260367,13.714192674442867,0.7901594519655526
1.0,1.0,2.406605429377242,0.3420763132459489,2.406605429377242,0.0,0.0,0.0,0.8232427127190507,P,0.684535581093952,0.0,0.9315782679969715
3.0,1.0,0.8295448120866078,0.10397976385534853,5.796498507279196,14.657329280420022,8.74092912336506,0.0,0.9088797461238376,Lead,6.133312367325904,42.354946790274575,0.6500877333518418
2.0,1.0,0.9412308225062838,4.624469443345105,2.0900323373285534,1.0812873946926296,0.0,1.8242383490511171,5.000380516230304,P,2.6176963215843956,2.034476143565034,0.8378574139437802
1.0,1.0,3.850620909103361,0.4057102393722077,3.850620909103361,0.0,0.0,0.0,1.5622363307639526,P,0.42782893589133353,0.0,0.9304050337194633
3.0,0.23120909860217187,2.54850315260739,0.070334627841212,2.69093680360632,8.277266486819302,9.823245230690242,0.0,0.6909142974935589,PI,15.632636669493685,0.0,0.8581488303732842
1.0,1.0,2.8411505211596366,0.548208299133186,2.8411505211596366,0.0,0.0,0.0,1.5575422947862894,P,0.5798380035811017,0.0,0.9279634839836843
1.0,1.0,2.509390888463119,0.6668218971363679,2.509390888463119,0.0,0.0,0.0,1.6733167929016926,P,0.6564967831980804,0.0,0.9260611114678702
1.0,1.0,3.790352618971745,0.45447213425632266,3.790352618971745,0.0,0.0,0.0,1.7226096443281311,P,0.43463160599277495,0.0,0.9295650354212999
1.0,1.0,4.138673996671331,0.20806896303356992,4.138673996671331,0.0,0.0,0.0,0.8611296068214043,PID,5.800518613977152,0.0,0.9380260952251033
2.0,0.5160612400914291,1.1288712091636661,0.675945018858935,1.1651333522090248,1.2743502068786374,0.0,0.0,0.8613906746214683,PID,26.245542915934948,0.0,0.8488978630223104
3.0,0.21649239445694105,1.5821803516854251,0.18254381857067709,2.991404194247559,4.083278860472623,5.77345905363211,0.0,1.053909262011453,PID,13.76352201260652,0.7595666527818512,0.8273834995493801
3.0,1.0,2.5900728933866564,0.046020591321663966,9.801721922572854,33.78615035168286,39.12940627649782,0.0,1.800758414910059,Lead,2.4344791586894634,19.559652746726634,0.7582083694911244
2.0,1.0,4.4709414393913365,0.0584207395779408,9.032261022858453,20.39339274403036,0.0,0.0,1.1913970866096653,PID,4.056820805706265,0.0,0.9779912839969095
3.0,0.5247085636218032,0.37428611056862937,3.7519678077564085,2.9654920158862788,1.1506048337318682,0.36041114855557943,0.0,1.3522510269370467,PID,19.473389692735253,47.20950819763124,0.8716998440712019
3.0,1.0,0.7215540956588596,0.15462087962946733,7.604510541091214,21.184148301213153,11.701964371930792,0.0,1.8093680245806263,Lead,6.988207748401123,40.59837717412477,0.689429814179622
2.0,1.0,1.7088701246235432,1.632087609166312,3.8368459678685496,3.6364343444419833,0.0,1.9082080313105576,5.934979435110581,P,0.9800896575955045,0.4301485377897876,0.910325479562359
2.0,1.0,1.015039874108996,0.5586590010040591,2.6372781002857244,1.6466364848732273,0.0,1.9239402845138862,0.9199082936561126,P,4.652643747104619,18.87304160405036,0.8706926230286659
2.0,0.706383230693825,4.220368192409908,0.10052565215122373,5.96239463694394,17.811507679505276,0.0,1.7179823022658174,1.7905134252787978,PID,18.373148962406805,0.0,0.8564491096150526
3.0,1.0,0.8722659425095557,0.9091300875335423,6.3109712118531345,10.206437037246106,4.764700077952116,0.8968964080192374,4.331732198939683,PID,23.38919411247339,0.0,0.8735407145355576
1.0,1.0,2.2637938395202295,0.5074549500969625,2.2637938395202295,0.0,0.0,0.0,1.1487733898635493,P,0.7277195552452552,0.0,0.9287600963356754
3.0,0.289636691615112,4.225091218079453,0.08402360187677461,6.352359731853136,27.40851505085524,69.70750215924218,1.9911166586785678,5.857075409252572,PID,12.553382194044747,0.0,0.9155339778044442
1.0,1.0,0.3854926871690461,2.1063878449310613,0.3854926871690461,0.0,0.0,0.0,0.8119971105626909,P,4.273510499409785,0.0,0.9017869893420657
3.0,1.0,0.6274016243602554,0.13928638780341554,3.910215433350873,16.585317018188363,9.11343165197482,1.1150731803724914,1.2693769752968866,PI,46.84358650862448,0.0,0.9384565976422987
2.0,0.671604652525514,4.350527763735267,0.10432034544795833,5.843669374132052,18.927091823031375,0.0,0.0,1.9744807573038605,PID,5.604396034931888,0.0,0.9611826349902154
1.0,1.0,2.136101135595816,0.8824584286656144,2.136101135595816,0.0,0.0,0.0,1.8850204515887183,P,0.7712214644757932,0.0,0.9224096709813719
2.0,0.77157009301414,3.7301316576234713,0.14087179652391907,5.756116060055061,13.913882183204837,0.0,0.8008437069823311,1.9600735797702147,PID,9.58740256536643,0.0,0.9250692005483958
1.0,1.0,2.426374930221806,0.38499596646290074,2.426374930221806,0.0,0.0,0.0,0.9341445612620974,P,0.6789581550416092,0.0,0.930844071468573
1.0,1.0,4.021090148604181,0.46291111820307335,4.021090148604181,0.0,0.0,0.0,1.8614073370857236,P,0.40969164708591915,0.0,0.9295156324417594
2.0,0.32670823160454604,1.5884316503364597,2.0679933343300485,1.0379073910122305,2.5231151077906087,0.0,1.103071697235604,5.217785224658421,P,5.303354831925618,35.757036239888365,0.717036225552255
3.0,1.0,0.36856069332639957,0.8108084868513867,4.265201903388108,19.749018907469118,6.749404108755913,1.674357911257586,5.472474132568914,P,4.622285562224864,0.0,0.9229461579366147
1.0,1.0,4.603498828477482,0.38590119087002966,4.603498828477482,0.0,0.0,0.0,1.7764956800782468,P,0.35785977306471006,0.0,0.9308307225000955
1.0,1.0,4.272227619493188,0.19696790413490348,4.272227619493188,0.0,0.0,0.0,0.8414917201988212,PID,5.618806346452972,0.0,0.9399458380947636
2.0,1.0,1.6678410979451228,0.13093590196119376,4.838639727578048,5.288388267809869,0.0,0.0,0.6924398877666802,PID,12.864220771843053,0.0,0.9596388825974904
1.0,1.0,3.94802410169143,0.4832207553201777,3.94802410169143,0.0,0.0,0.0,1.9077671884415988,P,0.41727380675229936,0.0,0.9290730506137521
1.0,1.0,2.317869192706679,0.7830542007455037,2.317869192706679,0.0,0.0,0.0,1.8150172081275544,P,0.7107420260152213,0.0,0.924095938111808
3.0,1.0,1.5817034050311387,0.07436251161727753,9.153497594706787,26.309228538586183,22.67039022776231,1.25431240547053,1.68582715668019,PID,18.53772792006207,0.0,0.9532382274489356
3.0,1.0,1.3842802567014574,0.11404965695503531,8.063907078597936,18.854973113749537,13.300853499415922,0.0,1.516957778817567,Lead,4.27779996636749,22.33794274797005,0.7631058272790805
2.0,1.0,1.104945122595969,0.35658132941520626,5.1220599637929745,4.438691450688512,0.0,0.0,1.58275449835042,PID,20.854412902864762,0.0,0.9185132600735771
3.0,1.0,1.8898432363483633,0.17118669873932738,9.300538361954622,26.22059516117554,23.08546150851923,1.8133085667908544,3.9519239445172194,PID,12.342848465609622,0.0,0.9473873449670254
3.0,0.4406770148744284,4.002626398002707,0.01211704217638148,8.431627896931586,33.32064705599309,78.56542237259205,0.0,0.951980536493923,PI,7.075881789186147,10.923731674136272,0.7413726764627474
1.0,1.0,1.8169114103996895,0.775791407470564,1.8169114103996895,0.0,0.0,0.0,1.4095442603233026,P,0.9067074138194823,0.0,0.9240817156187429
3.0,0.7336068514238347,1.334742088415809,0.16688940455370418,6.1404098455025755,9.971477525804989,7.450488667191524,0.0,1.2434076173017146,Lead,4.249027285184712,35.34882237035595,0.6991063466306249
2.0,0.12749462496206862,4.365971089980048,0.10060603584650889,1.1132756934244805,19.061703558541566,0.0,0.0,1.917722431506159,PI,22.637679184199467,0.0,0.8284935482532844
1.0,1.0,0.4442275258160702,3.6570417908763138,0.4442275258160702,0.0,0.0,0.0,1.6245586265669552,P,3.7084758379981824,0.0,0.8792353591142913
2.0,1.0,3.781126299004946,0.27269700724355717,8.232511119125094,16.831248210347695,0.0,1.668904915362201,4.589831015135294,P,0.23895981744819952,1.95428460230011,0.9168743484285526
1.0,1.0,1.3793587663759086,0.6134150726601012,1.3793587663759086,0.0,0.0,0.0,0.8461194579008254,P,1.1943281807610973,0.0,0.9269665824346145
2.0,1.0,3.2506896992488885,0.11061870845219217,6.858770723511079,11.728751819624483,0.0,0.0,1.297419378043159,PID,5.751049409544316,0.0,0.9698697827723666
1.0,1.0,2.48544234123397,0.4724705708128666,2.48544234123397,0.0,0.0,0.0,1.1742983616852813,P,0.662822475795076,0.0,0.9292562202680026
1.0,1.0,1.1673678818834392,1.5694178938402874,1.1673678818834392,0.0,0.0,0.0,1.8320880425223045,P,1.4112149834075207,0.0,0.9110389892964861
2.0,1.0,1.8779053349697634,1.614261831807377,4.855229959669879,5.591133796661196,0.0,1.8543390314454253,9.025553884478436,P,0.8187655806467903,0.7409329859814869,0.9070360236967444
3.0,0.288477225485016,1.0949331246994216,1.4204127716608472,1.2637332168262883,1.5981339387723563,0.7576992469922347,1.9847346038073104,1.076245687505577,P,12.092347451567674,53.31118125987049,0.7069805398487814
3.0,0.836256590075756,0.9229477804716434,0.5687978520086477,4.528795367796535,5.4598411924442605,2.54285069212426,0.0,1.4463680116589825,Lead,6.182520507239525,27.171037875014164,0.738822294540577
2.0,1.0,2.7062004459351265,0.10399266000839587,6.327398975989363,9.799689076852397,0.0,0.0,1.019095734357102,PID,7.330005573394531,0.0,0.9679722618644921
3.0,0.8089488395243958,1.0976562939632364,1.3938856462799347,3.227273720808949,3.7823453679648646,1.7486920061463176,1.7631052276583596,2.4374766871318156,PID,19.597139991767083,0.0,0.8252784445771896
3.0,0.3738222650773368,3.8956147043368006,0.09995471382078353,7.223301252435074,27.73107154703891,65.41938613583564,1.8646949340998507,6.538976019538785,PID,10.5184815500082,0.0,0.9306617725044072
1.0,1.0,1.6160922018194979,0.8373598403314515,1.6160922018194979,0.0,0.0,0.0,1.3532507080764786,P,1.0193768921153483,0.0,0.9231757721220647
1.0,1.0,2.860570811486854,0.5008766223258708,2.860570811486854,0.0,0.0,0.0,1.4327930459815108,P,0.5759015086944583,0.0,0.9288708069279116
1.0,1.0,3.129609866192863,0.45862571241512917,3.129609866192863,0.0,0.0,0.0,1.4353195544641189,P,0.5263937412322461,0.0,0.9295918196901226
3.0,1.0,0.5555386531457905,0.14065486894900875,6.3391668073587955,11.276422180416652,4.479526589962665,0.0,0.6300672254647988,Lead,9.261766752625526,36.889204618274796,0.7189417207577766
1.0,1.0,1.2673660539046914,0.9164234311931462,1.2673660539046914,0.0,0.0,0.0,1.161443947697055,P,1.2998667914349067,0.0,0.9218390788635542
3.0,0.5857604743081224,4.199824577587082,0.01838925475894334,8.770206562042805,36.5813475258731,67.90875185009898,0.0,1.248791338133335,Lead,1.9829609181621615,31.78993816758494,0.6975289248071652
3.0,0.635777297539501,2.784690429108972,0.01683987283254439,8.195144830201983,24.234700619126187,36.09145444701798,0.0,0.6077755032293515,Lead,2.9246047798263692,39.63060100811946,0.6729614802034805
2.0,0.5392208565883434,4.631919425916582,0.09057698381279362,4.995255120981855,21.454677568183385,0.0,0.0,1.943299982802053,PID,6.184424969528836,0.0,0.9572830551959445
2.0,0.29305534929715177,1.1501568225138241,0.17591730755371698,0.6741192187365818,1.322860716375097,0.0,1.147918491500723,0.2327140954932883,P,8.552399603297001,256.40809465208,0.7545547856314602
2.0,1.0,0.35431562145368095,3.4057625588604274,3.2902335587050393,1.040241588474224,0.0,0.7510474994662689,3.542815854195009,P,4.391360082267197,0.0,0.8838143383367034
3.0,1.0,1.7659441383874794,0.3842169329278965,7.7910720524857275,19.020487387721474,14.799403137067566,1.250314473970028,5.68618128248759,PID,10.728674895281122,0.0,0.9367666917242137
1.0,1.0,4.27870491872589,0.4670205013874251,4.27870491872589,0.0,0.0,0.0,1.9982429164322073,P,0.38502469260095035,0.0,0.929351461454154
3.0,0.3228854471913808,1.6483943437482373,0.501083435686099,2.526267484024741,4.273249475629064,3.971960841199243,0.0,1.9902837847187644,PI,19.06955182620025,0.13322617206417142,0.8095293968403562
1.0,1.0,2.728511510539077,0.5345554928990731,2.728511510539077,0.0,0.0,0.0,1.4585408153970107,P,0.6037750032203929,0.0,0.9281988997940808
3.0,0.8412249786487452,2.784146126029529,0.0319815115022491,9.362267131425183,29.66447179053019,36.26199980070183,0.0,1.1597135637207001,Lead,2.38267631605103,21.45200372523117,0.7516950286673915
1.0,1.0,4.928224144260181,0.3772474955939463,4.928224144260181,0.0,0.0,0.0,1.8591602161477725,P,0.3342800566368957,0.0,0.930975943192268
3.0,1.0,1.4918264034694686,0.11822466419274412,4.933284874436968,13.383760073475843,12.307122458832563,0.0,1.455005419874459,PID,4.861955081850145,31.391638140586696,0.6542582526279164
2.0,1.0,1.7872495853424928,0.6100492511075829,3.5882892324385978,3.218907362457903,0.0,1.7757813183820366,1.9636920258521289,P,1.522219372026418,3.4332400149195617,0.9038033666555498
2.0,0.775813579019925,1.3709785967983192,0.2829000962029942,2.1272476238836364,1.8795823128790876,0.0,0.0,0.5317340171349403,PID,15.967781592301872,0.0,0.9406516534519442
3.0,1.0,0.5117445402077291,0.27216844736620477,2.8442358237908434,12.635638991330994,5.855380676912739,0.5325851835561344,1.593649867573417,Lead,9.15695708566504,67.54245658634764,0.654768982754276
1.0,1.0,4.274202143053226,0.1715163799815596,4.274202143053226,0.0,0.0,0.0,0.7330956788859134,PID,5.6177909659036,0.0,0.9444298830023238
2.0,0.16389945670044087,2.3814021497899414,0.32437912356854287,0.7806210370716665,5.671076199024156,0.0,0.0,1.839578727129879,P,9.578869514737159,63.466426594810194,0.7568033811862414
2.0,0.904474728027976,1.1394396257764532,0.5584585321274183,2.061188691256913,1.2983226607895841,0.0,0.0,0.7250593673723151,PID,17.08830701077591,0.0,0.9160781292986683
3.0,1.0,2.57150529757654,0.026913161953832938,11.025738267941644,39.308319320240294,45.17675652713616,0.0,1.2158493649636948,Lead,2.476935023434939,17.672616586326956,0.7738793757080513
1.0,1.0,1.9263982095997325,0.4342943399983035,1.9263982095997325,0.0,0.0,0.0,0.8366238390120295,P,0.8551747182141063,0.0,0.9300068766917577
3.0,0.11640964455892237,3.643623934235791,0.04619860354592083,3.1563627975700284,15.233933707776774,30.64175224158813,0.0,1.4156061637614608,PID,13.124773015769968,0.6623360779216991,0.8703920441195299
1.0,1.0,3.927912492265836,0.4368171584443676,3.927912492265836,0.0,0.0,0.0,1.7157795734896963,P,0.41941032273666956,0.0,0.9299604039258242
1.0,1.0,0.6934289414947972,1.748605507282016,0.6934289414947972,0.0,0.0,0.0,1.212533666006541,P,2.3757402489018706,0.0,0.9079661042355184
3.0,0.5048560175420487,1.3508745081174203,0.304058090748618,2.7427112350198373,3.7054239766072445,2.5159681497283737,0.0,0.7650004719907424,PID,9.368841372930106,20.258272005814604,0.7399741500231162
1.0,1.0,4.643296009936278,0.17272697602367146,4.643296009936278,0.0,0.0,0.0,0.8020224785790728,PID,5.1710836272580645,0.0,0.9442149957277105
3.0,1.0,0.25784894247644013,5.564651055624653,5.312839738905668,2.6661565937417864,0.35137915015863924,0.0,1.955302358854765,PID,15.545787453402871,61.5779431610203,0.7040487157609974
1.0,1.0,4.859408773741823,0.27276677477902606,4.859408773741823,0.0,0.0,0.0,1.325485258546459,P,0.33901388476814237,0.0,0.9325728949342083
3.0,0.6463071476700202,4.294009229683669,0.023371465457612393,8.701234086714976,35.92667029731297,58.09490069179305,0.0,1.3577629647816636,Lead,1.596970647743003,20.34153149746844,0.7498916411418577
2.0,1.0,0.5600830752874032,0.5828000503323398,4.263030757097605,2.0739583252566183,0.0,0.0,1.2087030163467323,P,2.356925064504241,0.0,0.9287232696423127
1.0,1.0,2.647185757073837,0.3657927694705817,2.647185757073837,0.0,0.0,0.0,0.9683214093831174,P,0.622323930861441,0.0,0.9311711168023306
3.0,0.5128908346379445,1.3320240833498296,0.4578341000116928,3.3375109435759294,4.467593522702062,3.497379331510001,0.0,1.6012195186413771,PID,8.622643692132426,23.871035520266208,0.743545337065433
3.0,0.43659846547861564,4.339937327068814,0.07416771794997992,8.077886431755317,35.08595621532699,80.76973925358521,1.890005732121923,5.99050723985333,PID,8.906334458923213,0.0,0.9428701651123982
1.0,1.0,3.526047634812104,0.5618100306921344,3.526047634812104,0.0,0.0,0.0,1.9809689299357158,P,0.46721066096726105,0.0,0.9277324464098521
1.0,1.0,0.9228717787664169,0.6854727282879959,0.9228717787664169,0.0,0.0,0.0,0.6326034360510115,P,1.7850876838651024,0.0,0.9257431013572723
3.0,0.5230219999164081,0.6348490436229774,2.0781717641019735,4.482179295172405,2.938556791835726,1.5388211766751563,1.7685491009704581,3.1979347193684844,P,8.924926473283232,24.295321000752203,0.7584630459310117
3.0,0.6792071848487848,4.778983259332488,0.05661444079753418,10.73695298229245,50.39727630736556,96.9527918697502,1.2338977862461966,5.488928095465625,PID,4.96348742075063,0.0,0.9705292198627287
1.0,1.0,0.9329126424388194,1.64141939234705,0.9329126424388194,0.0,0.0,0.0,1.5313009026648077,P,1.765874928820731,0.0,0.9098055891569525
1.0,1.0,0.427388032301551,2.17575265821814,0.427388032301551,0.0,0.0,0.0,0.9298906473707199,P,3.85459330059166,0.0,0.9008843386966229
2.0,0.5644700268730818,2.247462728373498,0.09957612207002102,2.537250693362476,5.0510887154280475,0.0,1.4215791598027787,0.5029678265139689,P,3.3537933361203334,176.05164446085362,0.7971611335232489
1.0,1.0,1.9938464138352865,0.7407804773031461,1.9938464138352865,0.0,0.0,0.0,1.4770024981100696,P,0.8262457101165186,0.0,0.924682153173511
3.0,0.5063271174647066,1.466982965060876,0.23699971884001036,3.5770919881468464,5.259127106641877,4.501087476012422,0.0,1.066756466289236,PID,7.942371663784422,23.2006268786926,0.7385101269636544
1.0,1.0,2.746117662094779,0.5062686890126796,2.746117662094779,0.0,0.0,0.0,1.3902733886632883,P,0.5999040277123245,0.0,0.9287821687934181
1.0,1.0,2.6726402088617074,0.38061497605452405,2.6726402088617074,0.0,0.0,0.0,1.017246889098257,P,0.6163968650177011,0.0,0.9309181639313145
1.0,1.0,2.2221446128796223,0.29270421644611044,2.2221446128796223,0.0,0.0,0.0,0.6504310977428753,P,0.7413590621034226,0.0,0.9322928178634711
1.0,1.0,4.723540403880908,0.11292445609360101,4.723540403880908,0.0,0.0,0.0,0.5334032309444,PID,5.083417630329652,0.0,0.9551000429367682
3.0,0.6627959951820085,4.001511248857116,0.031844740748260804,9.170822783820627,36.521186614664565,61.90997856179227,0.0,1.9715072170306591,Lead,1.6412678546366584,26.451584924150584,0.7241482789153801
3.0,0.23060147755481078,2.870842601617627,0.035068765422612856,3.1382130775719785,10.64377549988024,14.951928823123078,0.0,0.5243456845137071,PI,15.411679708383502,0.0,0.8625712934169716
1.0,1.0,2.3720380713170437,0.743656669725316,2.3720380713170437,0.0,0.0,0.0,1.7639819325772943,P,0.6945112163178344,0.0,0.9246329069512012
2.0,0.5226403844633764,4.896815005203509,0.035857708100034476,5.118546553931183,23.978797195186218,0.0,1.9181248586599227,0.8598247104149128,PID,50.169089116095975,0.0,0.6573487284953463
1.0,1.0,1.4758851837203153,0.8510796596524817,1.4758851837203153,0.0,0.0,0.0,1.2560958598468264,P,1.1162162641337272,0.0,0.9227983785368118
1.0,1.0,2.2335445786429045,0.8484980765535824,2.2335445786429045,0.0,0.0,0.0,1.8951582788751862,P,0.7375751806411539,0.0,0.9229916092371229
1.0,1.0,2.6115823694285045,0.7492402884201119,2.6115823694285045,0.0,0.0,0.0,1.9567027277034919,P,0.6308079979966759,0.0,0.9246659972854744
3.0,0.8613730734419142,1.6135906557798936,0.11507620389458466,7.10555488557732,14.628419188222084,11.262840558918917,0.0,1.296084936590351,Lead,3.878060919869877,23.286109218158444,0.7507142875213015
1.0,1.0,4.887329918792699,0.15954006688511194,4.887329918792699,0.0,0.0,0.0,0.7797249421337958,PID,4.913782395322206,0.0,0.9465442014319863
3.0,0.27816325322052465,2.141637236577247,0.19376738625253198,4.655617251846964,8.713991129604869,15.888786352365024,0.8952131422839765,3.078728602222672,PID,22.149431909730243,0.0,0.8900606379544713
1.0,1.0,1.905045603781759,0.5371477596327526,1.905045603781759,0.0,0.0,0.0,1.0232909780695962,P,0.864759900126431,0.0,0.9282586848661664
1.0,1.0,2.4392444630640466,0.4271602801837195,2.4392444630640466,0.0,0.0,0.0,1.0419483482790246,P,0.6753759498107978,0.0,0.93012354687578
3.0,0.40495876346994003,4.530429007275306,0.029205861573086384,6.614636860626888,31.332130458147155,60.45294824628469,0.6859070816613166,1.7655804381659461,PID,8.49230302917291,0.0,0.9573193784753116
3.0,1.0,0.8276087042063293,0.12983606790359445,8.636117769193042,21.076902399092987,12.095097612068479,0.0,1.5703799148611262,Lead,6.276636794635055,35.873973665092734,0.7206452452707695
1.0,1.0,4.965478194898136,0.20386906428116963,4.965478194898136,0.0,0.0,0.0,1.0123073933024342,PID,4.834265084063911,0.0,0.9387887208146947
2.0,1.0,1.0539799438214934,0.17919063919862652,3.8135790310136928,2.9085620908886787,0.0,0.0,0.521187100215236,PID,21.270281557466802,0.0,0.9487837147527411
1.0,1.0,4.652808331780263,0.1927570088383018,4.652808331780263,0.0,0.0,0.0,0.8968614167318925,PID,5.1594233596552685,0.0,0.9406963547580919
1.0,1.0,0.7195973190793139,1.195631778506713,0.7195973190793139,0.0,0.0,0.0,0.8603734224194626,P,2.289345724870653,0.0,0.9173641649377243
1.0,1.0,1.514749609309017,0.3625780761858908,1.514749609309017,0.0,0.0,0.0,0.549214999246593,P,1.0875771387814437,0.0,0.9312241890392994
2.0,0.44279928624681264,2.079518358942237,0.2293697631961929,1.8416184901535317,4.3243966051778155,0.0,0.0,0.9918858252960561,PID,15.936551244077835,0.0,0.9167746643855413
1.0,1.0,0.6307101331580058,0.8527014113383706,0.6307101331580058,0.0,0.0,0.0,0.5378074206892433,P,2.6119875985089034,0.0,0.9229193864774832
1.0,1.0,3.8319172515997537,0.5183344310207836,3.8319172515997537,0.0,0.0,0.0,1.9862146483266832,P,0.4299171766756833,0.0,0.9284770719843134
1.0,1.0,4.65692564027518,0.26977648568002816,4.65692564027518,0.0,0.0,0.0,1.256329033306653,P,0.35375420896032694,0.0,0.9326930475924337
3.0,0.7806334522600576,3.9375153615969833,0.01746559374180089,10.400019736496656,41.64636876692505,65.93098919860765,0.0,1.1515238723379437,Lead,1.7648693266567923,19.80930159123802,0.7568488120273206
2.0,1.0,1.6806061879892003,0.09377097211158983,5.751320086209418,6.841266966882538,0.0,0.0,0.6415122539594832,PID,13.232428454800223,0.0,0.9635055687612861
3.0,1.0,0.36406117245564884,1.5274980315342293,4.908658875344497,4.178533332996216,0.9188983230488167,0.0,1.4036153796371715,Lead,14.324721077798307,27.86263152451678,0.7563380864149986
3.0,0.13778757801700772,2.246634351485553,0.2655544978395299,1.2889563569933353,5.462074822776196,3.380926293748512,0.0,0.8978201841688489,PI,20.954673856926064,0.0,0.797398083724274
3.0,0.3406034637695986,4.433235147392115,0.011238302004503748,7.5099175116518735,33.21305198480054,88.24389846825176,0.0,0.991711581040979,PI,6.893372305474546,0.8054845631161989,0.8183125427841053
2.0,1.0,1.435387102664702,0.2299022647409168,3.6405548772063314,3.165269382788878,0.0,0.0,0.7277025996182469,PID,14.311227111961161,0.0,0.9482188938394306
3.0,1.0,1.4322644553687982,0.1284742287278346,8.471527606828968,20.686941511615643,15.18895702522657,0.0,1.9513895389962084,Lead,4.104062065502925,22.580642842279886,0.7625527211614024
2.0,1.0,0.8820988440878849,2.3614438591124802,3.6091072791359506,2.4054909883738107,0.0,1.3762432237749438,5.680431922645745,P,1.6597420814177208,0.1107910075565297,0.8985981626525513
1.0,1.0,4.662075065634422,0.14430893336116593,4.662075065634422,0.0,0.0,0.0,0.6727790799713911,PID,5.149999926419284,0.0,0.9493131925526265
1.0,1.0,2.9065395366623075,0.5441387643452654,2.9065395366623075,0.0,0.0,0.0,1.5815608320000882,P,0.5667932692064432,0.0,0.9281451698702204
1.0,1.0,3.0697089593897773,0.5615684893910343,3.0697089593897773,0.0,0.0,0.0,1.7238518231946411,P,0.536665549684585,0.0,0.9278491500931372
1.0,1.0,0.5241311092066562,2.4199373675410776,0.5241311092066562,0.0,0.0,0.0,1.2683644566599406,P,3.1431201413634557,0.0,0.8965771665475288
1.0,1.0,3.38203736737722,0.20047562370491215,3.38203736737722,0.0,0.0,0.0,0.6780160506182673,PID,7.099058772000094,0.0,0.9393558478869247
1.0,1.0,4.697846867218433,0.3921142865311806,4.697846867218433,0.0,0.0,0.0,1.8420928725720978,P,0.3506727853473074,0.0,0.9307237985498196
1.0,1.0,1.751676244952502,0.7886459989168966,1.751676244952502,0.0,0.0,0.0,1.3814524619795645,P,0.9404746172756832,0.0,0.9239978556244994
1.0,1.0,3.6466992158444023,0.31918838210813716,3.6466992158444023,0.0,0.0,0.0,1.1639840227403873,P,0.45175292738837763,0.0,0.9318937393994041
2.0,0.5052633880847035,4.9988970834974165,0.048964159247005604,5.051519354189296,24.988972051398974,0.0,0.0,1.2235640069436717,PID,6.013404939338107,0.0,0.9639752674952841
1.0,1.0,4.627316665020816,0.13650223658390678,4.627316665020816,0.0,0.0,0.0,0.6316390741573259,PID,5.187267815244916,0.0,0.9507560809657729
3.0,0.5026807090029338,1.9692749688711975,0.04263701576129576,6.727799691362779,13.278225249502682,18.412822987767573,0.0,0.785067823939395,PID,5.127673631575466,32.41219799588586,0.71062094107654
1.0,1.0,4.512201842908998,0.19501818218556422,4.512201842908998,0.0,0.0,0.0,0.8799614010584655,PID,5.32033123291525,0.0,0.9403043532644637
2.0,0.6818201205934593,0.48213125818361846,6.380664998765875,0.657453585193262,0.23245055011771892,0.0,0.0,1.483189089080002,P,11.462000057999086,21.109451542229507,0.6970272447619034
3.0,0.7661778755348542,4.7643014856045545,0.018277662837974995,11.706687499819942,54.86563720737506,100.01177104519466,1.0525162463095161,1.8279814309928182,PID,8.107454285527439,0.0,0.959256343920224
3.0,0.428301758856349,0.5849644882902038,1.6349268449754406,1.9229193486173513,1.0546411426961972,0.4865289944774185,0.0,0.7954393139300393,PID,18.36602113253258,23.383009405517676,0.8090433309586684
2.0,0.4454569127744778,3.246676000031664,0.12341050820722066,2.8925085355061912,10.540905049181598,0.0,0.0,1.3008584490835593,PID,10.16195975247969,0.0,0.9414505393781003
3.0,1.0,2.705504547766628,0.06667232684979983,8.582792694690644,25.272842293844917,25.355481295756153,0.0,1.6905089363846404,Lead,2.5925253492460296,11.546836087078294,0.7956458927575275
3.0,0.7215033830030447,2.3167646959055084,0.024124805980918835,8.27932431118704,21.86970151213623,26.494645457279855,0.0,0.6391781811901092,Lead,2.59115301894786,33.75581008815721,0.7007200576545093
2.0,0.5518325277409826,3.8321419333131472,0.12284674409700438,4.22940113944482,14.68531179705704,0.0,0.0,1.8040427403177857,PID,7.345983941624499,0.0,0.9515374958016194
2.0,1.0,3.1397087804152752,0.15030126484075976,6.961646198525502,11.999770469838364,0.0,0.0,1.803580679415504,PID,6.148462354278656,0.0,0.9631403222775776
1.0,1.0,2.869713424629389,0.287277453428227,2.869713424629389,0.0,0.0,0.0,0.8244039646963272,P,0.5740667454539875,0.0,0.9323212503528199
1.0,1.0,4.32966027575256,0.34011826194587114,4.32966027575256,0.0,0.0,0.0,1.4725965278050417,P,0.3804933738770685,0.0,0.9316099399574927
2.0,0.7263621481407997,1.8934110418231849,0.33175933338003266,2.7506042233043964,3.5850053732979577,0.0,1.8320431373413264,1.1893589928091657,P,3.3325759345944785,45.99839386662673,0.8358004098695431
2.0,1.0,1.1590156671590377,0.8408321078109936,2.7621110756229963,1.8580126943604445,0.0,0.0,1.562276730138676,PID,17.258932147282316,0.0,0.8834670086553617
2.0,0.1351760206343051,1.7058881775826547,0.19407294349656906,0.46119035098546013,2.9100544744162704,0.0,0.0,0.5647628375853269,PI,54.994635126151174,0.0,0.7656461697603284
2.0,0.9444976438627216,3.728626912946602,0.08685103445446599,7.043358668242398,13.902658655949708,0.0,0.0,1.207460285936568,PID,5.050334926046646,0.0,0.9730141315737397
1.0,1.0,2.293454828715706,0.43034006526223306,2.293454828715706,0.0,0.0,0.0,0.9869655006655005,P,0.7183080414036882,0.0,0.9299835457151455
2.0,1.0,2.269524594277354,0.28586276682873046,5.340730418473071,6.97017715210003,0.0,0.0,1.9925141259857155,PID,8.76128517543551,0.0,0.9437645720859025
3.0,0.41338722179372495,1.1493191201040056,2.3062502820493562,2.5300981650608363,2.8221711030557906,2.0869053394444967,1.2444331142438538,4.812926027704178,PID,10.466032138691904,41.826702975458694,0.7708707449262421
1.0,1.0,4.612378794642684,0.11900337966778889,4.612378794642684,0.0,0.0,0.0,0.5488886648705218,PID,5.203962810016297,0.0,0.9539995713122431
3.0,0.33382934080920185,0.677303405898974,0.6919515379576274,5.385150265805957,2.6894536151008146,2.2629376895002893,1.3604610031935636,1.5658432145520051,P,12.062348079756138,37.92743924395748,0.7920906933244712
1.0,1.0,2.5903917958071525,0.5291313260113139,2.5903917958071525,0.0,0.0,0.0,1.3706574458042673,P,0.6359682920279195,0.0,0.9283932274645244
1.0,1.0,4.1684593274957455,0.1698159371484036,4.1684593274957455,0.0,0.0,0.0,0.7078708271636942,PID,5.75855063208853,0.0,0.9447444981743784
2.0,0.8727304318517806,3.5418806876872084,0.10774229945708952,6.18221412426548,12.544918805811617,0.0,0.0,1.3516183986406292,PID,5.651733453850846,0.0,0.9691214563114137
2.0,0.7478139938786845,0.624949363590738,5.6403567499904135,0.9346917591174639,0.3905617070524685,0.0,0.5995974185649118,2.202907360661169,P,5.753700262650424,12.809257456032467,0.724115689859995
1.0,1.0,4.340229441959962,0.40396373523858775,4.340229441959962,0.0,0.0,0.0,1.7532952971666376,P,0.3795668104861004,0.0,0.9305201242568388
1.0,1.0,0.3140312309944953,1.8610671862864219,0.3140312309944953,0.0,0.0,0.0,0.5844332194729868,P,5.245997478803272,0.0,0.90603790075737
1.0,1.0,4.297424831104323,0.19827111981360435,4.297424831104323,0.0,0.0,0.0,0.8520552335778436,PID,5.588022819236601,0.0,0.9397084843411107
2.0,0.5351194883088969,4.03896997327443,0.12159652125942362,4.322663090787223,16.31327844501245,0.0,0.0,1.9836379092498535,PID,7.135944720888067,0.0,0.950620912764055
2.0,0.14605727358745743,4.20430851210588,0.10350081998208364,1.2281396771974489,17.676210064965943,0.0,0.0,1.8295022358995352,PI,20.875317466988232,0.0,0.8478477999884312
1.0,1.0,3.4890301729574382,0.2565113739403726,3.4890301729574382,0.0,0.0,0.0,0.8949759233847283,P,0.4721676123156607,0.0,0.9329188661734382
2.0,0.5640844570406149,2.022930998445537,0.24200563755740329,2.2822078677775597,4.0922498244718595,0.0,0.0,0.9903475278154841,PID,13.698893068478545,0.0,0.9278496268540046
3.0,0.23344791536131418,2.0157220603583648,0.03931693062059203,5.327232875494101,8.191036091909883,17.821320925387955,0.0,0.7006796383907832,PID,9.652881011856607,3.7178042515773058,0.8421750514998776
1.0,1.0,3.5305248042032065,0.501766677828727,3.5305248042032065,0.0,0.0,0.0,1.7714997019969598,P,0.4666181764539134,0.0,0.9288533790229883
1.0,1.0,0.9228828528188668,0.5557865596201508,0.9228828528188668,0.0,0.0,0.0,0.512925885700628,P,1.7850662638608423,0.0,0.9278347446643911
1.0,1.0,0.4268016265111285,3.850446953281275,0.4268016265111285,0.0,0.0,0.0,1.6433770224552675,P,3.8598893343712577,0.0,0.8765551503466196
1.0,1.0,0.41542554788612773,3.904686283435978,0.41542554788612773,0.0,0.0,0.0,1.622106438619839,P,3.965589151763437,0.0,0.8761648916250389
3.0,1.0,1.9241811068851378,0.33208667031573325,6.689963205077437,18.67526656573566,18.289415873018484,1.9868669422100416,6.073671219290428,PID,12.49380987366321,0.0,0.922536909896968
3.0,0.59417750171105,0.8824516959415183,0.6832250530181296,4.111602365079736,3.9907179965974713,2.385172942988556,0.0,1.6296099104307644,PID,9.63458144481981,40.04725027524876,0.7160479318069467
1.0,1.0,4.4841991750164185,0.38103995403085456,4.4841991750164185,0.0,0.0,0.0,1.708659047513452,P,0.3673804355616248,0.0,0.9309088976800611
1.0,1.0,2.8682115434036533,0.32986337455347853,2.8682115434036533,0.0,0.0,0.0,0.94611793864037,P,0.5743673439469053,0.0,0.9317848097640874
1.0,1.0,1.7829698218472116,1.0644692526981159,1.7829698218472116,0.0,0.0,0.0,1.8979165538449945,P,0.9239679919853302,0.0,0.9195667256834505
2.0,1.0,2.201180176249975,0.10801952804338018,4.980880528349061,6.118621310955584,0.0,0.0,0.6609305862855903,PID,8.862229579578965,0.0,0.9683075082515255
3.0,0.15996313156837563,2.7798908948410634,0.0525169419149776,5.5603773665970495,11.882009792908903,36.09665629869522,1.6479818359079548,1.8956860021634874,PID,55.975202361358924,0.0,0.7671381572320366
3.0,0.6621494025324721,3.551681188042564,0.037498117604768566,8.38685181276459,29.939097618210056,46.463579774800195,0.0,1.7422967787340038,Lead,1.8111036373952842,28.186124441589726,0.7169366761573968
1.0,1.0,3.6480827032311445,0.3780792693336774,3.6480827032311445,0.0,0.0,0.0,1.3792644429064578,P,0.4515816060319808,0.0,0.9309637219251529
2.0,1.0,3.0201045465385974,0.07983084371372107,7.813568152766338,14.4767612308357,0.0,0.0,1.1556920632997012,PID,6.860778817350444,0.0,0.9694865435210286
1.0,1.0,3.8293798867667572,0.5213640713493303,3.8293798867667572,0.0,0.0,0.0,1.9965010885079537,P,0.4302020417863421,0.0,0.9285289353319067
2.0,0.5284241035628758,2.835357465722631,0.0713512991696927,2.996542454209577,8.039251958429057,0.0,0.0,0.5736110715864096,PID,10.255431514128237,0.0,0.9604901112284054
1.0,1.0,2.140526990386155,0.6421163569866432,2.140526990386155,0.0,0.0,0.0,1.374467393098341,P,0.7696268505193739,0.0,0.9264785923842058
3.0,1.0,3.1988510464859963,0.030169002225622566,10.849055131568115,39.075023100291446,46.71333287034601,0.0,1.4092946433317164,Lead,2.1911146508056882,10.836594653863914,0.8012402626397167
2.0,0.5693858047857369,1.5838357414099442,0.6053640620736246,1.80362717654223,2.5085356557675866,0.0,0.0,1.5185773344319897,PID,17.374764014944706,0.0,0.8694854876448687
1.0,1.0,3.042919762133141,0.2736210766438272,3.042919762133141,0.0,0.0,0.0,0.8326069814556485,P,0.5413902353139106,0.0,0.9326236692552443
1.0,1.0,3.72327948698587,0.46764184231913625,3.72327948698587,0.0,0.0,0.0,1.7411612787631208,P,0.4424612903277498,0.0,0.9294374317235189
2.0,1.0,1.8252389274119063,0.3707808454577655,4.1672390289861925,4.274709753396026,0.0,0.0,1.5849804964507348,PID,10.728801015357172,0.0,0.934940234406646
2.0,1.0,0.4418227437850609,1.3737564932930306,2.4093381977772412,0.869293076322335,0.0,1.060075314888012,1.1941970081724818,P,4.143309092928629,0.0,0.9117508526891122
3.0,1.0,1.3272327836443107,0.3498613588338681,4.4495732030115365,7.716308517671692,4.741188665597343,0.0,1.6587587090336202,Lead,4.306497821370219,25.334827564387002,0.7284481714685854
3.0,1.0,0.7319396945537798,1.1289003905637647,7.6658635582721715,15.308274474543364,7.489983074010297,1.8254994223587244,8.45544481756621,P,2.9801228655265932,3.4762150928021565,0.8950499627939342
2.0,1.0,1.2163572933253999,0.10955755116837473,5.349720919939658,5.027646993198178,0.0,0.0,0.5508166927138347,PID,18.86552463102774,0.0,0.958693979336595
2.0,1.0,4.179922353659601,0.04376106560826847,8.94230444871259,19.906387375780234,0.0,1.9105271188072708,0.8711247239751261,PID,30.615344048313048,0.0,0.8217148078616269
2.0,1.0,2.4204802914118817,0.08546561274742585,5.703603867435248,7.946735910034257,0.0,0.0,0.6791726538930505,PID,8.224910904498353,0.0,0.9705432958359868
3.0,1.0,0.8999950435312635,1.3331315872103646,3.254500025319992,4.061835796018201,1.7485040548021307,0.8226968271174115,2.330985985822123,PID,22.862455048419573,0.0,0.839805536678686
2.0,1.0,1.966847700783755,0.11522698478925154,5.172412272818006,6.304857308219428,0.0,0.0,0.7264896971526015,PID,10.588618936625029,0.0,0.9637952963852285
1.0,1.0,4.584481567102706,0.404349962804169,4.584481567102706,0.0,0.0,0.0,1.853734951134378,P,0.35934424033549683,0.0,0.9305150422900277
3.0,1.0,0.2791145628615535,0.4423532785235165,6.970197164541685,13.031719141996648,3.1160742083775252,0.0,1.3784056421983697,Lead,17.70906518449389,38.789965359477286,0.720550403234935
3.0,0.5513992061911765,2.695752901419289,0.06908389126343907,4.983824847354855,13.24538909962801,14.613762525235863,0.0,1.009575581243115,Lead,3.089770295795414,28.80828325433221,0.7067663534950344
3.0,1.0,1.0300510772812734,0.9808157096493135,4.76578087242006,7.3190974884165705,3.5754154327630014,1.2489203854612219,3.5068236249765503,PID,19.458283696434624,0.0,0.8702050612216424
1.0,1.0,3.289954234036511,0.5851153295526204,3.289954234036511,0.0,0.0,0.0,1.9250026558613118,P,0.5007385905309003,0.0,0.9274448194133359
1.0,1.0,3.525303532423983,0.15248624680500955,3.525303532423983,0.0,0.0,0.0,0.5375603045077755,PID,6.811756263495868,0.0,0.9477983134861774
1.0,1.0,1.4594646691213977,0.8191904999760163,1.4594646691213977,0.0,0.0,0.0,1.195579591994889,P,1.128774872675989,0.0,0.923486515841049
3.0,1.0,2.679557623246375,0.01957977586781279,9.234382935472066,28.27361136207402,28.69693466121428,0.0,0.5618795487598438,Lead,2.6087795186872023,11.27675725531199,0.7993783705172638
1.0,1.0,0.6797689077176625,2.180879221557365,0.6797689077176625,0.0,0.0,0.0,1.4824938863021961,P,2.423481020327646,0.0,0.9007726503558459
1.0,1.0,0.27585554798382167,4.8444747803946635,0.27585554798382167,0.0,0.0,0.0,1.336375245239574,P,5.971991711253264,0.0,0.8630686294897819
3.0,1.0,3.175596704883714,0.014566715457627864,10.888395616668179,39.26713685437639,46.91752974733556,0.0,0.683434305804228,Lead,2.2141362952567616,10.982847983999145,0.8007439307154951
1.0,1.0,0.32488353704753603,5.399780002333509,0.32488353704753603,0.0,0.0,0.0,1.754299626436663,P,5.070761852182021,0.0,0.8557838718362157
3.0,0.1034657902792082,1.2147525945431343,0.21716914589958455,2.5886028609492433,2.063135496862003,3.4488755947719265,0.0,0.748989367230541,PID,32.74577028637554,0.0,0.8668691321486526
1.0,1.0,2.1313802392264822,0.7748460451371499,2.1313802392264822,0.0,0.0,0.0,1.6514915490481124,P,0.772929679905677,0.0,0.9242318549828816
2.0,1.0,0.7971698658873144,1.0924796063150233,4.129492674369308,2.65642732633083,0.0,0.6331017395118337,2.9020926796743747,P,1.9133073440477104,0.0,0.9200327217329787
2.0,1.0,2.1737752498346836,0.11445877193460419,6.936966488888215,10.354107225683967,0.0,0.0,1.1851183975309985,PID,10.093238112354813,0.0,0.9608731847927674
2.0,1.0,0.35159038732639286,2.706701072447864,1.2435447021489134,0.3136025630258974,0.0,0.0,0.8488283936645954,P,6.733201216914408,4.622180740408387,0.859773196555639
3.0,1.0,2.5656214403301574,0.017709115996626758,9.973554064578694,38.96213148078256,51.200005100499965,0.0,0.9067068293526356,Lead,2.237596099740961,28.136261794993533,0.7149386471401852
2.0,0.8661886899836844,1.2281656437574073,1.2286102799211414,2.1276463800983945,1.5083908485060469,0.0,0.0,1.853224502613502,PID,16.391542103492128,0.0,0.8533710911300763
2.0,1.0,1.296013911833244,0.18721112485018612,5.968770507650759,6.0559575547900515,0.0,0.0,1.1337426258772283,PID,17.768268753897253,0.0,0.9450028329953237
3.0,0.17336091061684286,1.4341773884943871,0.4827901036007125,2.341751908032278,2.9740576309560356,3.7938692195846575,0.0,1.8316425135708312,PID,19.678090998874683,0.14228391386763573,0.8378877669448647
2.0,1.0,2.2572460076044023,0.603670172388639,4.68637381392692,5.483139042782343,0.0,0.7975744449222921,3.310007491187294,P,0.7655402574353798,0.7431173378186404,0.9251288136191724
2.0,1.0,2.959371401733122,0.08224630388976871,6.807299456914658,11.387448242430787,0.0,0.0,0.936575528675975,PID,6.644679925136298,0.0,0.971521432244364
3.0,1.0,4.033999173256716,0.02014981295679129,13.263320195852959,58.402110286657944,85.40394539912353,0.0,1.7208735255643555,Lead,1.7735650159344531,9.688847696274197,0.8062630573111598
3.0,1.0,2.093244461948443,0.15611918792061819,7.381257655492082,17.986851070328534,14.480535048968163,1.761044255800641,2.2606893725009587,PID,12.731873486734948,0.0,0.9424836629998683
3.0,0.537533197524734,1.456110785495915,0.07016445908152524,5.633337187438731,8.48824696501364,8.625045443065654,0.0,0.6051716480662759,PID,6.468203925621141,35.61721514422282,0.706623314086331
2.0,1.0,2.4429121658832056,0.14274816510494168,5.591465048146782,7.691638141008323,0.0,0.0,1.0979672312801227,PID,8.028174498788877,0.0,0.9632258505588382
2.0,1.0,2.4662933648991046,0.2519413809429829,5.071012777851631,6.424002205588706,0.0,0.0,1.6184719868567865,PID,7.446581140302866,0.0,0.9540348599634332
2.0,0.8597490954140052,4.062712452322005,0.1684882317442829,6.985826711622118,16.505632470252287,0.0,0.9279679903988207,2.781004828733828,PID,7.6079831383319245,0.0,0.9293455773460352
3.0,0.32706094389129414,3.4555965636132515,0.03383105779672459,4.913871412069451,17.93904705822662,31.685716542638982,0.0,1.0719613076846517,PI,9.235438351731238,0.07194169283251117,0.8753526861942258
3.0,1.0,0.9961569426720461,0.1854438334321344,10.067850386219522,29.449543862637782,20.33426622902092,1.8061000599767958,3.770864279539231,PID,25.00759889726348,0.0,0.9395348293859576
3.0,1.0,2.061747320396591,0.04641914887463118,8.11597319350327,21.310724995523323,18.202014625686346,0.0,0.8449220267279486,Lead,3.202403648586772,14.44947146687496,0.7872047362020919
3.0,1.0,1.3868315518725012,0.10180448486208,7.797202442344226,19.920325874392915,15.297058873440847,1.7908453329104481,1.5573091985155554,PID,25.10076824904858,0.0,0.9370921295328191
3.0,0.5559372480074013,2.9154846254007323,0.02451875329636985,8.197840892916929,24.566291950024972,42.12784789029612,0.0,1.0329223093291655,PID,4.231650099062163,32.97190055474226,0.6809710762834777
1.0,1.0,2.1696385227153994,0.34655863777586804,2.1696385227153994,0.0,0.0,0.0,0.7519069708982955,P,0.7593002377192338,0.0,0.931498969999072
1.0,1.0,3.966602764103112,0.17773269043935933,3.966602764103112,0.0,0.0,0.0,0.7049949811682454,PID,6.05085904618386,0.0,0.9433708809083077
3.0,0.10240947357145026,4.496653478204609,0.030300701962457325,2.5550433700609676,21.72484632642299,33.04018470365297,0.0,1.00114078948993,PID,10.980356474842269,2.7665788070882824,0.8611514030724111
2.0,0.5713664644539405,1.1531586081155607,1.024942309091393,1.3177523137472302,1.3297747754710174,0.0,0.0,1.3629424289427532,PID,23.82387755002555,0.0,0.8084866347693072
1.0,1.0,0.6469247881209483,2.7307856395171486,0.6469247881209483,0.0,0.0,0.0,1.76661292124836,P,2.546520208087332,0.0,0.8921799609645198
2.0,1.0,1.9307125317240823,0.17866831082125942,5.887967002393372,7.640320797742348,0.0,1.2455387693262234,1.3650832110651625,PID,19.922067340597092,0.0,0.9074809011447491
1.0,1.0,0.35809287055213035,2.3400242704678864,0.35809287055213035,0.0,0.0,0.0,0.8379460081735001,P,4.600502220338912,0.0,0.8979912907964054
1.0,1.0,4.219440695866043,0.1472181008528711,4.219440695866043,0.0,0.0,0.0,0.6211780459067157,PID,5.689036441755139,0.0,0.9487782714787014
3.0,1.0,3.4359347230111066,0.030084941032561176,11.016474364444722,40.35582977878174,49.16681854672884,0.0,1.4791808367369725,Lead,2.084602913379191,8.98285944467574,0.8092327124543341
3.0,0.16448492650032645,1.7840930458766282,0.10038822917014371,5.3219776523729045,5.962058279205449,15.07165450094687,0.0,1.5130167060142825,PID,11.615953466805744,1.1528441532070888,0.8627566466455886
3.0,0.8898063793416963,4.057709246875664,0.048303121820646805,12.17795233753467,52.25881493518715,81.61375307973778,1.0320879817948254,3.9421990572507624,PID,5.34282457197909,0.0,0.9733162253055616
2.0,1.0,0.8490625376191333,0.8252898672107578,2.29582534763499,1.2283921028050513,0.0,1.4566850602018666,1.0137795554067244,P,0.8433929564694721,1.9317227193441384,0.9054671613803105
2.0,0.7157777325082537,1.3181771595676004,0.7531993550003501,1.8870437166389353,1.7375910240057073,0.0,0.0,1.3087524385354965,PID,17.6301772404179,0.0,0.875457319081774
2.0,0.16687407305965465,4.228555964965678,0.11088339512104248,1.4112727140690424,17.88068554884681,0.0,0.0,1.982671120747895,PI,18.54598071839565,0.0,0.8605649262811093
3.0,1.0,1.8957898372973407,0.10205396688699746,8.339709537624529,22.539949355927657,19.57143639392678,0.0,1.9973427216767807,Lead,3.2685270682121295,19.05769330352896,0.7677240982751792
1.0,1.0,0.4942595157125229,2.8199496049908097,0.4942595157125229,0.0,0.0,0.0,1.393786926096478,P,3.3330810913932805,0.0,0.890934288972145
2.0,0.39261412106210614,1.450395704713718,0.368746242883172,1.1388916695968605,2.1036477002520018,0.0,0.0,0.7757121858177508,PID,25.07291715126496,0.0,0.8763570259246933
3.0,1.0,0.39174303496460716,0.3503298266030084,6.709341900290479,21.872096994242817,7.598726475546516,0.9238016019300666,2.6620605285819,P,4.2545331841119545,0.0,0.9309659687899243
1.0,1.0,3.0642864820732583,0.37591337176218675,3.0642864820732583,0.0,0.0,0.0,1.151906263521448,P,0.5376152183225358,0.0,0.9309986302383126
1.0,1.0,1.581483271814566,0.9603124356262016,1.581483271814566,0.0,0.0,0.0,1.5187180526583401,P,1.0416847749343592,0.0,0.9209347476205338
3.0,1.0,3.7475582192787953,0.009642557659217245,13.072643519486256,57.91478294919345,86.07572682726051,0.0,0.829990158990892,Lead,1.8336719883469375,13.553365121454105,0.7879438996724386
3.0,1.0,1.2653793898925583,0.1889462757441078,5.401390087399831,11.36001500533574,7.75221056642478,0.0,1.4647513153100826,Lead,4.355841206980946,30.802036388928794,0.7014405185178421
3.0,0.80037761087279,0.514612741552519,2.9168919226955135,2.3220254142529018,1.499043484285348,0.3967776545391647,0.0,1.1573575356313603,PID,13.433451276122856,42.765164781576374,0.7650194545267222
3.0,1.0,0.5082024875142293,0.22333940646632935,2.3885686213582713,10.33612436333077,4.767202386964629,0.0,1.0647041516095488,PI,6.417484715288694,9.206081877034444,0.7690521011448532
1.0,1.0,2.0251308027166615,0.5663720193950168,2.0251308027166615,0.0,0.0,0.0,1.146977422273687,P,0.8134817977449436,0.0,0.9277615246124682
1.0,1.0,1.740017100511122,0.9408265679721637,1.740017100511122,0.0,0.0,0.0,1.6370543168867542,P,0.9467763538523226,0.0,0.921423420887572
3.0,0.5075286590787309,3.8146116987893217,0.026247061986920738,7.244216861224225,27.608461347094806,49.06929186972679,0.0,1.2879247453590248,PI,6.429779617471325,16.828712742929074,0.70835518438374
1.0,1.0,0.7004010381440058,1.6023363004474904,0.7004010381440058,0.0,0.0,0.0,1.1222780082892478,P,2.3520910968779796,0.0,0.9104735029037143
1.0,1.0,0.7945130294206493,1.4042088285785563,0.7945130294206493,0.0,0.0,0.0,1.11566221033317,P,2.0734802137403365,0.0,0.9138346517023316
2.0,1.0,0.3738671890174572,0.44570004069134567,3.5568675402267895,1.1900193939482122,0.0,0.0,0.5303916923062088,P,3.793058445683199,0.0,0.9305579142066043
2.0,0.2929467897009859,0.8568806860675674,3.7459679696517805,0.5020408922805442,0.7342445101556248,0.0,1.2935590902333354,2.7504564169356316,Lag,32.30019722686917,7.312945361351816,0.7398014075246379
2.0,0.5892093253438418,0.7397620123613635,2.41681468545995,0.8717493524368835,0.5472478349329338,0.0,0.0,1.3225966040520771,P,7.843974823748341,25.40494388054485,0.7425138758710448
1.0,1.0,1.2647518504384534,0.4240705644711586,1.2647518504384534,0.0,0.0,0.0,0.5363440311313773,P,1.3025535764122436,0.0,0.9301778545140044
2.0,0.23042667559402497,0.8962361154200694,1.7759222973594389,0.4130334172470989,0.8032391745832552,0.0,0.0,1.426490360254994,Lag,45.41482016234902,17.992914263725996,0.6838698186431826
3.0,0.2815717004330969,4.88015419494876,0.009613268190730261,7.684377997383804,37.3815676042386,117.55891186349385,0.0,1.1301253479541875,PI,7.528133703072923,0.016154063916506978,0.8779773429386925
1.0,1.0,4.66996797670142,0.15499926257988222,4.66996797670142,0.0,0.0,0.0,0.7238415926603847,PID,5.142130975245298,0.0,0.947391749245526
2.0,1.0,2.019800293239433,0.08760290911457394,5.333919831904494,6.6938596160262245,0.0,0.0,0.5864015755684622,PID,10.32250349279462,0.0,0.9679728663048834
2.0,1.0,0.9160840826544719,0.4603650715209713,4.497189101746243,3.2805933063040107,0.0,0.0,1.5102705720878655,P,1.3032864659797643,1.7078754699026608,0.919677636581927
3.0,0.31726597682616253,1.0284303370984669,1.5831133684460563,4.953657307763203,3.8644364749840303,4.549124511006956,1.9990850547717902,7.201779828100741,P,10.64030454753598,43.81592350480417,0.7127834283238932
2.0,0.15339184278096002,3.4684782141977317,0.1268459588818113,1.0640725298428066,12.03034112236429,0.0,0.0,1.5260001553415843,PI,24.28622185501615,0.0,0.8388672853663863
1.0,1.0,3.023102470947537,0.3465899897872777,3.023102470947537,0.0,0.0,0.0,1.0477770545316007,P,0.5449392013318887,0.0,0.9314984715387002
2.0,1.0,1.1966584260508144,0.4318558475914668,4.099709035259342,3.4739599727613344,0.0,0.0,1.500249928535675,PID,18.57582301457528,0.0,0.9131765676888732
3.0,0.17643872639943986,1.8114452834864205,0.9125912506145226,2.0134284347645703,4.159754205931111,4.50924279531738,0.8337233781931099,4.115095521903214,PID,11.849636400702362,4.545526602687988,0.8953712021508893
1.0,1.0,1.0094954326638974,0.9166972870460378,1.0094954326638974,0.0,0.0,0.0,0.9254017244083609,P,1.6319113418030688,0.0,0.9218349617828289
3.0,0.8105322233562765,1.824706621465543,0.04572899904308384,7.754895388212805,17.51871018280532,15.97163322410612,0.0,0.7303668004216348,Lead,3.3951795121433817,27.17118243954708,0.7304473736538135
1.0,1.0,0.9101451838626149,2.054695990266797,0.9101451838626149,0.0,0.0,0.0,1.870071659843152,P,1.8100486331983752,0.0,0.9026850487184063
3.0,0.3206728225781877,0.3555027144413212,7.3947718400801445,2.042629340420404,0.540117856413754,0.22933679700791973,0.0,1.6958932884083413,PID,31.843740217865214,30.997409313842937,0.9014232735220159
2.0,0.32886392188739133,3.0832400944766465,0.10316055255257672,2.027932859180081,9.50636948018836,0.0,0.0,0.9806823283451827,PID,13.459506924276715,0.0,0.9317014973568977
3.0,0.26315316406389144,2.9970729195156096,0.03143334717516887,4.029218940867631,12.849926432255673,22.023525077249015,0.0,0.6922731097742061,PI,12.69230823472602,0.0,0.8696355080125913
1.0,1.0,2.627478557379799,0.6581564492579591,2.627478557379799,0.0,0.0,0.0,1.7292919578265133,P,0.6269916233704508,0.0,0.9260888532296837
3.0,1.0,3.1453060882252335,0.0191249329461642,11.153790111988524,41.066083495453114,49.93786730261455,1.4093759291752121,0.9550583636369488,PID,18.562246194379238,0.0,0.9365563050123451
1.0,1.0,1.3582085681097449,0.43517673999469947,1.3582085681097449,0.0,0.0,0.0,0.5910607769028675,P,1.2129264125872439,0.0,0.9299850852249898
1.0,1.0,2.834660427231522,0.2612331199534613,2.834660427231522,0.0,0.0,0.0,0.7405071874143021,P,0.5811655710986005,0.0,0.9328407544676092
1.0,1.0,3.9961526281436845,0.4336223468928746,3.9961526281436845,0.0,0.0,0.0,1.7328210811577935,P,0.4122482796228614,0.0,0.9300163501050465
2.0,0.6010795764768595,2.8800863036641315,0.17874493393995863,3.4623221112464795,8.294897116553717,0.0,0.0,1.4826708371371473,PID,9.181160166883558,0.0,0.9430975200997074
1.0,1.0,4.900367550016613,0.1320553476920736,4.900367550016613,0.0,0.0,0.0,0.6471197406363987,PID,4.901178820420392,0.0,0.9515445898215595
1.0,1.0,4.180261477774972,0.3327887472645003,4.180261477774972,0.0,0.0,0.0,1.3911439804267818,P,0.39409186598046864,0.0,0.9317363842377387
2.0,1.0,0.6055082992499454,0.2808403963388929,4.522713904604104,2.3719005039103496,0.0,0.0,0.6661254775946024,P,2.159885198313845,0.0,0.9335541146386381
1.0,1.0,0.581626702843377,2.7960451131361115,0.581626702843377,0.0,0.0,0.0,1.6262545001546937,P,2.8324130202567934,0.0,0.89091224955235
1.0,1.0,4.468648883682625,0.3676971662609512,4.468648883682625,0.0,0.0,0.0,1.6431095315452642,P,0.3686588695921389,0.0,0.9311403343110427
1.0,1.0,3.551313174645037,0.25847032739992687,3.551313174645037,0.0,0.0,0.0,0.9179090789501765,P,0.4638867272603387,0.0,0.932887781860026
3.0,0.44999261961659276,1.4029596476694925,0.9623928722375742,1.902130179121066,2.7757397994092208,1.2586999624401263,0.0,1.21136387213808,Lead,7.238529933892894,24.310485370213332,0.7105443438063145
3.0,0.8651154681053691,1.5545881500073242,0.2584956908374651,4.397739972985333,7.010764681952966,4.127662655957928,0.0,1.0669830097958506,Lead,4.415614860560824,15.721163116880652,0.7754170732021077
2.0,0.30479180711103204,1.493288113235212,0.699197860321013,0.9102839651407675,2.229909389129581,0.0,0.0,1.5591478735891404,P,8.71036073924601,45.95043059674677,0.755730197719979
3.0,1.0,0.2239278334134699,0.6807650148749174,3.1030510589907303,11.449374590000275,2.4194638277868465,0.0,1.647086328712637,P,5.946000696618954,24.213956431799577,0.6727654080414885
2.0,1.0,2.4127079585670597,0.15944012083479325,7.294648712932922,11.778697311311392,0.0,0.0,1.8779969225919428,PID,8.983022662379604,0.0,0.9545735713255762
2.0,0.18681478902795456,4.466822194231508,0.08391215082716738,1.6689368916814884,19.95250051487918,0.0,0.0,1.6742572325836766,PI,15.957563627920532,0.0,0.8888953720075882
2.0,0.23498070081370556,3.201531369650724,0.20378362574710107,1.5045961698351804,10.249803110857643,0.0,1.3966690109450572,2.0887420411244864,P,2.9196764605870373,104.81824977600631,0.7778952430616222
2.0,0.8857003056086763,1.449036459683446,0.5567670952732876,2.566824070359485,2.099706661491935,0.0,0.0,1.1690475788448367,PID,13.656069744317183,0.0,0.9146410869579457
3.0,1.0,0.27803412748504847,0.44352786074949146,4.010159803659964,15.015139491188478,3.8862167857514835,0.0,1.7236454173931204,P,5.288108683897167,29.949158726980023,0.6526203102489908
2.0,1.0,4.371640978488943,0.07116827762478642,8.92431579579558,19.90265979307236,0.0,0.0,1.416438017625048,PID,4.187506524674802,0.0,0.9760614951457757
1.0,1.0,1.4830384102908654,0.5616364157468047,1.4830384102908654,0.0,0.0,0.0,0.8329283771706009,P,1.1108323524402226,0.0,0.927842649938289
2.0,0.795017902017394,3.3987767208073287,0.08435247479384203,5.404176676003601,11.551683197901816,0.0,0.0,0.9744130657774615,PID,6.3272694757291665,0.0,0.9698189676552647
3.0,0.9179875438920158,2.8700232631303986,0.04899535711311502,9.6684423529835,31.417441977946538,36.235955451965346,0.0,1.7753935777039693,Lead,2.406687565929368,15.479956375442812,0.7782485804146753
1.0,1.0,4.829989781294294,0.24808541011705637,4.829989781294294,0.0,0.0,0.0,1.1982499957535862,P,0.3410787849785376,0.0,0.9330657393739515
3.0,0.3293415112329678,2.1342978663300145,0.17142027272765856,2.4215406079699724,5.9831454766300975,4.626812045014106,0.0,0.7931293826159337,PI,13.0064367378669,0.127539396646692,0.8681190496229112
1.0,1.0,4.805020507113109,0.34157154127691547,4.805020507113109,0.0,0.0,0.0,1.6412582604818107,P,0.34285119982815315,0.0,0.931588519717677
1.0,1.0,3.4448910084290163,0.2894754821121169,3.4448910084290163,0.0,0.0,0.0,0.997211485488686,P,0.47821746523524467,0.0,0.932351886222236
2.0,1.0,1.0961221677500732,0.17131857196687617,5.797108243922775,5.152855048377333,0.0,0.0,0.8827797684403133,PID,21.21294935778933,0.0,0.9460725883693737
2.0,1.0,2.366234808047865,0.4060695854185479,5.60197673456364,7.656525176381484,0.0,0.9059160427927908,3.1090820041199034,P,0.7011389625226431,0.0,0.9311575132308828
3.0,0.3958156501821859,1.0622456942357867,0.3889675968915779,2.630912029728708,2.6335936177330685,2.0197807305231987,0.0,0.7856292569995242,PID,13.045786782968285,14.77622239426697,0.8122484721213505
3.0,1.0,0.8186115424182806,0.07435003577519245,7.798176730547759,16.35164807092463,8.708467722147788,0.0,0.6474748866887967,Lead,6.491485039220438,32.91765813018315,0.7325285655166999
1.0,1.0,0.40619661140309393,3.8947969329581404,0.40619661140309393,0.0,0.0,0.0,1.58205331627076,P,4.0556887965463275,0.0,0.8763015001368926
2.0,1.0,0.47272485631991085,0.5141606428481617,4.4018787201126965,1.8574086957202671,0.0,0.0,0.9550064490232979,P,2.977463794149031,0.0,0.9294613475234923
3.0,0.15666059449378833,4.9812740489818745,0.015490001754117353,5.7303771778183625,31.320807308488945,103.4616194260154,0.0,1.6026206663928007,PI,12.766973727082386,0.0,0.8451870138622577
1.0,1.0,4.320485528351276,0.1795372533235101,4.320485528351276,0.0,0.0,0.0,0.7756881047841624,PID,5.556845487022274,0.0,0.9430078287739301
3.0,1.0,0.794179189362261,0.14097450220503166,3.3776290747772517,11.743013494877726,7.69662191546006,0.6053500563300549,1.0850274431923193,PID,33.375819044475755,0.0,0.9454686636220351
3.0,1.0,0.8843421551701458,0.19322654855164043,7.411396992053808,13.972176650303677,7.251629469105415,0.0,1.401207333690604,Lead,6.257526287458448,27.809350411237165,0.7498384257749944
1.0,1.0,3.5151059509047373,0.18329077672776325,3.5151059509047373,0.0,0.0,0.0,0.6442865000217122,PID,6.828153848934771,0.0,0.9423462596962155
1.0,1.0,0.5678655749642312,2.476292576661617,0.5678655749642312,0.0,0.0,0.0,1.4062013078256068,P,2.901051091477727,0.0,0.8953720973418391
1.0,1.0,4.935637164075637,0.3055282947990629,4.935637164075637,0.0,0.0,0.0,1.5079768064869121,P,0.33377798879815795,0.0,0.9322045189983502
1.0,1.0,4.926008199407749,0.3079607807879987,4.926008199407749,0.0,0.0,0.0,1.5170173312576942,P,0.33443043116750737,0.0,0.9320323532459851
3.0,1.0,0.2209453832706336,0.4505963431701487,3.93581500931045,19.96076363398153,4.2288902921585745,0.0,1.9055225013143955,P,4.4842101018047105,21.50627187049127,0.7042296831988188
3.0,0.1513464777831319,1.1167513725772367,2.455085598037538,0.9246485178210284,1.4454289752091285,0.7315882214245147,0.0,1.7961117061132237,PID,27.4525700406917,0.9726602472751811,0.9401342229380533
1.0,1.0,0.8878344284119573,1.0502835009266291,0.8878344284119573,0.0,0.0,0.0,0.9324778517157031,P,1.8555340875992814,0.0,0.9198168538314377
1.0,1.0,0.3289077292468541,4.044134377371729,0.3289077292468541,0.0,0.0,0.0,1.3301470548304755,P,5.008720986383956,0.0,0.8742363084376245
1.0,1.0,3.5596264166607083,0.4134749125466708,3.5596264166607083,0.0,0.0,0.0,1.4718162213276056,P,0.46280335440595066,0.0,0.9303575755226112
3.0,1.0,0.6516766718538787,0.1313974823376194,7.930461517814363,26.640523506481454,14.269835261616944,0.0,1.875020426749051,Lead,7.55415123614119,41.68672500388226,0.6821779270434009
2.0,1.0,2.200179694795823,0.0324456743873192,6.855725205734217,10.243036701364499,0.0,0.6642309885512228,0.33234223354983267,PID,34.897988101282,0.0,0.9027358010883397
3.0,0.80367743787444,3.595972793413979,0.099744139742574,8.813028119408484,30.461910767442383,39.220091346966605,1.0322028787063984,3.9119742720283543,PID,5.405121209925377,0.0,0.9723958494321613
1.0,1.0,0.262368073624622,3.509889439203107,0.262368073624622,0.0,0.0,0.0,0.920882930799124,P,6.278992040851761,0.0,0.8812735780796518
1.0,1.0,1.5163785690468938,1.1328340197138829,1.5163785690468938,0.0,0.0,0.0,1.7178052297813784,P,1.086408816169219,0.0,0.9184266454903207
1.0,1.0,3.8476467084516335,0.401109603495802,3.8476467084516335,0.0,0.0,0.0,1.5433280456189622,P,0.42815964429477427,0.0,0.9305695756340023
1.0,1.0,4.077602766590154,0.3717291823800004,4.077602766590154,0.0,0.0,0.0,1.5157639424949856,P,0.40401361789349444,0.0,0.9310695457878024
1.0,1.0,1.135220895110681,1.296788053992562,1.135220895110681,0.0,0.0,0.0,1.4721408954222746,P,1.4511775225049854,0.0,0.9156585948088183
2.0,0.5612908055021972,0.8269788683202274,1.0099876273077588,0.928351270265512,0.6838940486482042,0.0,0.6988194714121441,0.6907245275240967,P,4.395097402250303,16.217474931418778,0.8375585608107419
2.0,1.0,1.567350514130671,0.618726185189064,3.4723312673915094,2.985772563032408,0.0,0.0,1.8473756677672157,PID,12.2912114395616,0.0,0.9105372278254589
3.0,0.40752792269311583,2.91422672780362,0.13063811277572737,4.014897077251028,12.387283602670546,13.92499535331227,0.0,1.819135113367488,PI,9.238391529120396,4.523492165957954,0.7939513931274316
2.0,0.5921815756465212,4.86538741320189,0.0598213139085276,5.762385568961292,23.671994680543364,0.0,0.5559654386043914,1.4160898246257803,PID,10.350100365718708,0.0,0.9245364635986085
1.0,1.0,0.6868882441012205,1.4021534667764393,0.6868882441012205,0.0,0.0,0.0,0.9631227327545074,P,2.398362557825122,0.0,0.9136674337517233
3.0,1.0,0.4062806031051147,0.19448755443414603,1.5769678819487316,13.233003314066018,5.183074326087285,0.0,1.0080434501311255,P,9.378498901261883,8.043042514529123,0.806413713194645
1.0,1.0,1.106138709745594,1.4872609792104983,1.106138709745594,0.0,0.0,0.0,1.6451169405988693,P,1.4893313393231717,0.0,0.9124334215641041
1.0,1.0,4.767402527121356,0.14898461148693296,4.767402527121356,0.0,0.0,0.0,0.7102696133049976,PID,5.037336213789682,0.0,0.9484837420416374
3.0,1.0,3.2799699457436375,0.026775995233351356,10.994833938736924,40.10720782993774,48.552364531823805,0.0,1.3000378812720517,Lead,2.159001941075576,10.346758686525746,0.8034140803437768
3.0,1.0,0.36132785209400425,2.246998262028859,1.460460054397909,1.028712159866881,0.2282020545514693,0.7860907359840771,0.5127696199685664,P,8.52398567598915,10.934006353868265,0.8456667821588449
3.0,0.4139429359538807,2.3368574073592185,0.1128319387400817,4.155714814595118,9.757885938809409,12.12901176369157,0.0,1.3685399122985775,PI,12.784006300793807,5.141920607872197,0.757235904112609
2.0,0.9600042296617727,2.588815786833478,0.1858363831964421,4.970548210350617,6.7019671781582355,0.0,0.0,1.2454693406901918,PID,7.180764195073057,0.0,0.9611477447063187
3.0,1.0,1.42850759302757,0.04937982830184383,5.061602341032673,27.560850342065848,31.95706752179743,0.0,1.5780345072567867,PI,4.723471152047287,9.24367872442069,0.8250553882827547
2.0,0.12269639192457613,0.5908617420202094,1.7396623752386646,0.14499320774429877,0.34911759818315646,0.0,0.0,0.6073467500929277,Lag,78.49234775938719,27.38732672513652,0.7337373366205682
1.0,1.0,4.697151392108854,0.28082575799838105,4.697151392108854,0.0,0.0,0.0,1.3190811001221197,P,0.35072470707038106,0.0,0.9325028934892442
3.0,0.1905895299866256,3.7660640924015274,0.03869040626197335,3.0366378978618305,16.48167961415067,22.7086860827005,0.5186984897568231,0.8786082902153024,PI,17.85132223587342,0.0,0.921275398746905
3.0,1.0,2.1512105780821265,0.03393064744332704,10.462681623854216,35.13792427917646,37.12602206756032,0.0,1.259709965747569,Lead,2.816217010176563,21.886831257676736,0.7575216114635372
2.0,0.3447240777150337,4.73748453930419,0.0638538270024639,3.266249977001736,22.443759760146232,0.0,1.0500313418861416,1.4331199530092382,PID,26.05484350490781,0.0,0.8019351197384644
1.0,1.0,2.718404045329144,0.6712358768701553,2.718404045329144,0.0,0.0,0.0,1.8246903230538853,P,0.60601993618029,0.0,0.9259868216644408
2.0,0.4027236687827467,2.7476218574080935,0.09754414209583548,2.2130647096861047,7.549425871306702,0.0,0.0,0.7364022699327175,PID,12.947382348916639,0.0,0.942691358629953
1.0,1.0,2.6143772155404883,0.5767459147384412,2.6143772155404883,0.0,0.0,0.0,1.5078313786482378,P,0.6301336456996434,0.0,0.9275863108460002
1.0,1.0,4.0185209652356795,0.34451413625430216,4.0185209652356795,0.0,0.0,0.0,1.3844372793579747,P,0.40995357752625106,0.0,0.931535131263561
3.0,0.20332838403238615,0.45447805025240423,15.598713937529393,0.5706850609712028,0.2778651901533401,0.07970125081349713,0.0,1.2432370119030236,PID,52.18849251298767,0.4369297921726023,0.8499505015887217
3.0,0.527742142158581,2.9348175328120423,0.03284256114638715,6.551779232168492,19.312838715553312,29.75091425750469,0.0,0.9770962206630192,PID,4.768649526938545,26.433698276782874,0.6965564425235855
1.0,1.0,3.008709543878256,0.4635371681769411,3.008709543878256,0.0,0.0,0.0,1.3946487018362628,P,0.5475460565525665,0.0,0.9295058309937472
2.0,0.7177000617356709,1.8524940631444986,0.20472919958871832,2.659070206967541,3.4317342539856135,0.0,0.0,0.7025762070196621,PID,12.52354997476349,0.0,0.9475624963901339
2.0,1.0,0.37426724530148103,1.8585930327026812,4.679054188425707,1.6111407508128872,0.0,1.1365046433845172,2.994454974164199,P,4.5539803211628245,0.0,0.9051480246204808
2.0,0.5048834523275321,4.602365604321269,0.04391115041551702,4.647316470366422,21.18176915583949,0.0,0.0,0.9301158514688268,PID,6.53326744931396,0.0,0.9650731278981762
1.0,1.0,4.627469955179026,0.28854830771224604,4.627469955179026,0.0,0.0,0.0,1.335248624556171,P,0.35600599507271696,0.0,0.9323681941631737
3.0,0.5885904792112207,3.5206629308968775,0.015385932743135336,8.878199759368151,32.01386100232706,58.675056399327985,0.0,0.902770471459733,Lead,2.4137647392177843,40.91674546714818,0.663700856725967
3.0,0.9249680226781033,3.780093167457191,0.01608836371689439,11.868656776390576,48.384719119572395,69.66976006367514,1.537935647674563,1.1208724399731689,PID,16.82410986016191,0.0,0.9322056265148421
1.0,1.0,3.310224204299784,0.18223572958919046,3.310224204299784,0.0,0.0,0.0,0.6032411229743686,PID,7.250771019596518,0.0,0.9425476663969452
2.0,1.0,4.414356228764951,0.06335853469160765,8.968903620780722,20.105394649149982,0.0,0.0,1.273848344366632,PID,4.127539337580887,0.0,0.9772696775865011
3.0,0.18972212624358373,2.6780848683823213,0.06399390583380701,4.378645423652973,10.589017852727352,24.116039879147642,0.5815729612502267,1.543279585110509,PID,26.382440599770813,0.0,0.9003872916486564
2.0,0.8002401737000326,3.2141482507448513,0.7423050941427639,5.144181108947432,10.330748977766186,0.0,1.7911515424319067,7.668567592505991,P,0.9831551705949126,4.387415776159742,0.8937567560417562
1.0,1.0,1.8428915565825092,0.8077014046967557,1.8428915565825092,0.0,0.0,0.0,1.4885060989554832,P,0.8939251146809697,0.0,0.9236740335299847
1.0,1.0,0.9401162345102312,1.3753550682148061,0.9401162345102312,0.0,0.0,0.0,1.2929936278446656,P,1.7523440034208686,0.0,0.9143305266278388
2.0,0.9226178858745517,4.428819130361144,0.06851035549411297,8.172215485949136,19.61443888945283,0.0,0.0,1.343792181133968,PID,4.33856016603859,0.0,0.9748104026233394
1.0,1.0,4.926115407684463,0.17698581186034198,4.926115407684463,0.0,0.0,0.0,0.8718525347467743,PID,4.874952819550741,0.0,0.9434447051972777
2.0,0.3926191820509921,2.941122340925535,0.05903077320784766,2.309482095612165,8.650200624291301,0.0,0.0,0.5106280312549221,PID,12.32977963089654,0.0,0.9534727540100285
2.0,0.13598441893977337,1.1829351765056006,1.2995119021030959,0.3217215052410646,1.3993356318143366,0.0,0.0,1.8184533085796861,Lag,42.6304791687686,14.094042771581751,0.7401951563472043
2.0,0.7733267974276975,3.491648787562091,0.1421027185156003,5.400371149255388,12.191611255683817,0.0,0.0,1.7324611025180618,PID,6.288088354360766,0.0,0.9602478073317163
1.0,1.0,2.8843626977645673,0.1738646448536469,2.8843626977645673,0.0,0.0,0.0,0.5014886960759434,PID,8.3212266665119,0.0,0.9440154246680523
3.0,0.7962326919181686,4.957069467298495,0.004594552339059694,12.594274774055028,61.67662962493164,115.49862436059011,0.0,0.5306644747141263,Lead,1.4504349587815715,16.380846783480216,0.7724435475250855
1.0,1.0,2.365499571253542,0.7120429555218256,2.365499571253542,0.0,0.0,0.0,1.6843373060009834,P,0.6964309214351726,0.0,0.925298404193094
3.0,0.768678160454259,1.6545367156426514,0.08678930584144481,6.55011226325608,12.928474590245107,10.967760082197119,0.0,0.9518842841693956,Lead,3.6385234703131806,30.505647710936582,0.7154624086441553
2.0,1.0,2.308218460324167,0.20575082231163572,4.6544211014946,5.415548248010912,0.0,0.0,1.1142535052965832,PID,7.83998897609774,0.0,0.9602377999515562
1.0,1.0,2.852823510067588,0.4025847130389524,2.852823510067588,0.0,0.0,0.0,1.1485031341513368,P,0.5774654619358421,0.0,0.9305445990119788
3.0,1.0,2.322313075829588,0.03454801585991927,10.581594605144137,35.93810263007633,38.916080406786854,0.0,1.3444733630995658,Lead,2.6756072213246034,19.48697755251863,0.7669989426006973
3.0,1.0,1.2014975962687915,0.0800975577608372,8.781639547231467,23.472085857332196,17.25898854538535,0.0,1.3824028319076307,Lead,4.514100053221725,31.47051910531251,0.7278455852943634
3.0,0.7381807001320843,4.136878241106384,0.020324775814037396,9.235644993297779,36.21882563396848,53.533859499759316,0.0,1.0880636927927843,Lead,1.7516096578620253,15.132138885256431,0.7766011593054526
1.0,1.0,4.300172032135962,0.260696866269721,4.300172032135962,0.0,0.0,0.0,1.1210413731985434,P,0.38310259072224084,0.0,0.9328481351159129
3.0,0.739176454993864,3.330903638985964,0.052895298491559134,7.846376041929796,25.484196036704308,32.420739828913554,0.0,1.7149047105675623,Lead,2.111580808125626,18.661344458639338,0.760617561952218
2.0,1.0,1.5347553906561107,0.26883258676375194,6.338307413440042,7.372277361264702,0.0,0.0,1.981908393368637,PID,14.851963269573483,0.0,0.9331280537861791
1.0,1.0,4.610766669488432,0.35418346424785585,4.610766669488432,0.0,0.0,0.0,1.6330573118379614,P,0.3572956872800052,0.0,0.9313677216937261
3.0,1.0,1.0264191856780356,0.061892709467475805,7.600340854957533,17.207322072248655,10.736060103116493,0.0,0.6644838487875474,Lead,5.307850638764366,30.890411220317983,0.7310006345145202
2.0,1.0,0.7212154295434549,3.1549157353650763,2.9963768497151735,1.6408815209298429,0.0,1.2265763888021766,5.17684293025134,P,1.957275009980386,0.29982347890227984,0.8862239806121645
2.0,0.5213931077749506,0.37750891719495455,42.58336541752338,0.39366109509806774,0.14251298256170708,0.0,1.692985193791627,6.06868241316631,Lead,6.2976244615016155,25.282401891023593,0.6807751633802582
2.0,1.0,0.9413342887298528,0.8436969866190205,2.5985310163829105,1.5599761029107306,0.0,0.0,1.3161471372234663,PID,22.474118841141692,0.0,0.8733413237637747
1.0,1.0,4.45226573669216,0.18818995896048257,4.45226573669216,0.0,0.0,0.0,0.8378717062692604,PID,5.393825086362404,0.0,0.9414780092321235
1.0,1.0,2.460570264592722,0.49586883591547043,2.460570264592722,0.0,0.0,0.0,1.2201201127918142,P,0.6695224557366142,0.0,0.9289549837491825
1.0,1.0,4.988710242481762,0.1346376008646589,4.988710242481762,0.0,0.0,0.0,0.6716679784566951,PID,4.8130383541088975,0.0,0.9510745845794892
1.0,1.0,4.345673789224977,0.30600500907451733,4.345673789224977,0.0,0.0,0.0,1.329797947306681,P,0.3790912815746382,0.0,0.9321949497404635
3.0,0.36029625727784204,2.740362690154987,0.0623219259862508,6.0104005942050724,15.4788543954615,30.306561269189068,0.0,1.888763268316176,PID,5.397892717328956,12.037447217756183,0.7791278661596321
2.0,1.0,4.098514648885717,0.09890284627172585,8.430034785837096,17.752798733238695,0.0,0.0,1.755802324006396,PID,4.479561137923491,0.0,0.9723899037784612
1.0,1.0,3.857351257108041,0.18423918129673936,3.857351257108041,0.0,0.0,0.0,0.7106752375835339,PID,6.22350804533556,0.0,0.9421683918670365
1.0,1.0,1.6738491966200417,0.6981507040176137,1.6738491966200417,0.0,0.0,0.0,1.1685989950395992,P,0.9842027880344146,0.0,0.9255335685837902
1.0,1.0,2.0576821549960815,0.8408281682254477,2.0576821549960815,0.0,0.0,0.0,1.730157117175547,P,0.8006129819723046,0.0,0.9231213757482872
1.0,1.0,1.4320442822824042,1.1297986928541073,1.4320442822824042,0.0,0.0,0.0,1.6179217582318584,P,1.1503883409505737,0.0,0.9184713733995367
1.0,1.0,3.8755477160722918,0.43556033570279795,3.8755477160722918,0.0,0.0,0.0,1.6880348642446594,P,0.4250772192097249,0.0,0.9298889758496551
1.0,1.0,2.128154122411914,0.744173891389183,2.128154122411914,0.0,0.0,0.0,1.5837167347512056,P,0.7741013814335703,0.0,0.924617141990642
2.0,1.0,2.074143249905408,0.17932828566386694,4.5983681184497165,5.235603972334543,0.0,0.0,0.9388918847736853,PID,9.295011563055523,0.0,0.9593789879679667
3.0,1.0,0.41310702517083214,3.990711746614221,2.8044906375468224,2.082277735823083,0.4520962172681932,0.0,1.8041856848520337,PID,11.54538287722366,48.89004402628112,0.7775114900624253
3.0,0.5460761288492335,0.9111174765841439,1.2409984695618945,3.2989972942694443,3.122715780364537,1.9125633350110154,0.5060047436641686,2.373488171688863,PID,9.139927335677992,54.56230647496132,0.7105000082693075
3.0,0.27707147331794385,1.4584365094921048,0.36302805997035575,2.091918800433923,3.1645301720412182,2.730555091390646,0.0,0.9912681174697238,PID,11.92587376303069,2.3990627389249397,0.8192556654135035
2.0,1.0,3.0922724745233685,0.06768414378546236,6.626029872698001,10.927340734018731,0.0,0.0,0.7396077014340637,PID,6.112448828656278,0.0,0.975216749808287
2.0,0.6534121321632919,4.832128448909309,0.17753805918841964,6.314742705377464,23.349465346758677,0.0,1.7532695561464915,4.145418760750795,PID,10.089948480325509,0.0,0.8819020453666878
2.0,1.0,3.4277099466405936,0.05145552682940571,7.87649175448303,15.249133653175242,0.0,0.0,0.7846522058161522,PID,5.742151770369274,0.0,0.9759822383029073
3.0,1.0,2.195280363902861,0.011543973777152307,8.317713741919833,36.828978216313445,51.344359667610576,0.0,0.5927179416075731,PI,5.699419465161843,34.173539605741695,0.6157796130530837
2.0,0.5755968145046133,4.0813662296943525,0.03570195571343457,4.6984428012775465,16.657550300889486,0.0,1.7237500329899085,0.5947071231366651,P,2.3357214110323445,353.64426917674416,0.7890948954520177
3.0,0.7727311804350331,0.5434840435074051,1.5676170657120925,2.7201416003644634,1.87462533448118,0.5553661030894725,0.0,0.8706013809210784,PID,12.163442140494755,44.29552120235316,0.7203828678893955
2.0,0.37523225643917885,1.2879050778298125,0.6492666681116946,0.9665270568671135,1.6586994894998148,0.0,0.6244043343022596,1.0769382909461136,P,4.697404546211994,31.236003802118475,0.810084375412805
3.0,1.0,0.4749955842669725,3.448642857489087,4.465177112144044,7.0035900831007,2.426406394781263,1.8350220112398825,8.367809082728247,Lag,58.310966274241295,0.0,0.6724426653339668
1.0,1.0,1.3542730596571422,0.834186158786682,1.3542730596571422,0.0,0.0,0.0,1.1297158415836785,P,1.2164511686289319,0.0,0.9230945231140242
3.0,0.4381985711173647,0.9043659928884551,0.5842214336716058,3.7565274760393947,3.1670515293886297,2.4241439017368016,0.0,1.4162368256989546,PID,10.813326775845184,31.043460226770936,0.7870005119202101
3.0,1.0,1.7457635913490497,0.03257435996757132,8.827871392964525,28.493274331606443,28.158448139934094,0.0,0.9172434258384021,Lead,3.1753369302771115,30.836849373603687,0.7078248471976871
1.0,1.0,0.4560062801956521,3.5236044805155124,0.4560062801956521,0.0,0.0,0.0,1.606785772040612,P,3.6126849949430095,0.0,0.8814427623025975
1.0,1.0,2.2434201139852026,0.5485233159841643,2.2434201139852026,0.0,0.0,0.0,1.2305682400687352,P,0.7343283746957955,0.0,0.9279585697578407
1.0,1.0,1.0854636040597083,0.5912985231329682,1.0854636040597083,0.0,0.0,0.0,0.6418330259950944,P,1.5176990180980687,0.0,0.9272292398027127
2.0,1.0,2.030769096333932,0.3072436308953197,5.183419928278355,6.402305881044196,0.0,0.6383864614030589,1.9670677049944776,P,0.8000377600853819,0.0,0.9317734616267357
2.0,1.0,2.233209671814974,0.026990251450498427,6.04257211151934,8.507105043796477,0.0,0.5371668127423952,0.22960890424787034,PID,38.40485164392332,0.0,0.8950620398683021
1.0,1.0,4.440057299374246,0.19506373674768737,4.440057299374246,0.0,0.0,0.0,0.8660941681897856,PID,5.4066053774280425,0.0,0.940301126329446
2.0,1.0,0.4919833640065348,1.5716261452717597,3.976651298469392,1.7143986528427397,0.0,1.5051397612228556,2.694393746226333,P,3.664362939255428,0.0,0.9087174931770753
3.0,1.0,3.82093312991197,0.021127660753961348,13.148189479766838,57.298754791956924,82.76115174604247,0.0,1.7485495376975013,Lead,1.8256108455598974,11.198577011558708,0.7997321716524778
2.0,1.0,4.0486487199482895,0.07681234901244086,8.735128213711842,18.97390920348971,0.0,0.0,1.4574305358688153,PID,4.691946000255616,0.0,0.9738575455546619
2.0,1.0,2.270526093783236,0.20694994616181048,6.405214595277952,9.38791813230926,0.0,0.0,1.9428291520528858,PID,9.382439898181103,0.0,0.9487445302008435
2.0,0.7736583529062628,3.6352116964637875,0.14077842147521502,5.62482378710351,13.214764078107127,0.0,0.0,1.8603536270832965,PID,6.0387751378150485,0.0,0.9604361248233719
2.0,1.0,1.002997896340301,1.273001816364907,5.882818867974403,4.894450169066288,0.0,1.6936925072079687,6.230643955328911,P,1.7207561078602012,0.0,0.9150732399159887
2.0,0.2681747419555212,1.2926104841365726,0.7577825033179021,0.6932909660646535,1.670841863699785,0.0,0.0,1.2661347301227721,P,10.742132848530586,49.83235991730866,0.7516790834210707
1.0,1.0,3.641693469261866,0.2403432871534215,3.641693469261866,0.0,0.0,0.0,0.8752565792075444,P,0.45237389142379486,0.0,0.9331410542293044
1.0,1.0,4.40669480360422,0.21883922577443257,4.40669480360422,0.0,0.0,0.0,0.9643576790449628,PID,5.448056519725285,0.0,0.9362031365712744
2.0,0.5011564531582757,2.704196342196943,0.16367518222056776,2.7104508949980057,7.312677857151327,0.0,0.0,1.1969038807895545,PID,11.179609869370271,0.0,0.9385710898558992
1.0,1.0,1.850316650836981,0.4823403459325226,1.850316650836981,0.0,0.0,0.0,0.892482373449416,P,0.890337902605705,0.0,0.929086894004014
1.0,1.0,4.653669928773507,0.16065125257578294,4.653669928773507,0.0,0.0,0.0,0.7476179031317185,PID,5.158466709137585,0.0,0.9463350948907852
1.0,1.0,4.94324683787432,0.2003499350265537,4.94324683787432,0.0,0.0,0.0,0.9903791827883371,PID,4.856265088406983,0.0,0.9393620767520429
2.0,0.8031264945558853,0.574547583906708,3.0459403922168233,0.9228687740370952,0.33010492617303555,0.0,0.0,1.0054799283002014,P,8.770407782892404,16.497598504742,0.753405455482907
1.0,1.0,3.3778381022315,0.4280755161031045,3.3778381022315,0.0,0.0,0.0,1.4459697889254803,P,0.4877104811430378,0.0,0.9300213344230106
2.0,1.0,3.467282123193939,0.08647418981437363,7.592798573965954,14.304329438704318,0.0,0.0,1.2369552990498498,PID,5.520281886940917,0.0,0.9720962331936931
3.0,1.0,0.5756432368811265,1.1269471771931316,6.000320486408046,6.050708495442123,1.6855005082890262,0.0,1.8994700399739068,Lead,9.52031142323505,17.311104551985117,0.7924070573891887
2.0,1.0,4.653719482222372,0.12964055188669413,9.46280430393259,22.380131726452742,0.0,1.547216961726285,2.9013726283142462,PID,8.70477787179404,0.0,0.9193496702145612
1.0,1.0,1.2634807970524653,0.7812987306610645,1.2634807970524653,0.0,0.0,0.0,0.9871559429517212,P,1.3038639367577207,0.0,0.9241207125412274
1.0,1.0,0.9369040684697547,1.4339720434995493,0.9369040684697547,0.0,0.0,0.0,1.3434942416266158,P,1.7583518969592264,0.0,0.9131178520599379
1.0,1.0,3.3348323182600774,0.44181164329499883,3.3348323182600774,0.0,0.0,0.0,1.4733677466437554,P,0.4939999642687079,0.0,0.9297840914876814
2.0,0.11386682303784727,1.5854063663334306,0.5188014172280571,0.36105037231673043,2.513513346410573,0.0,0.7673102847206983,1.3040142863394415,P,13.061536857866537,85.58572788547389,0.7306700587883311
3.0,0.6928286026751393,1.0400037607264006,0.4870232983567632,4.663098703710384,5.72481003822595,3.4849512186019926,0.0,1.6972524370959639,PID,7.880736486061582,42.417222112300415,0.6805152003205467
3.0,0.1548196042136212,2.9511375489482368,0.05779503542970927,3.182035402188336,10.781909947225053,19.754650300941183,0.0,1.1417207140444126,PI,21.6683907522753,0.0,0.8247188880970874
2.0,0.8484405758959136,3.5234031038319715,0.11612576470936357,5.978796317057295,12.41436943209277,0.0,0.0,1.4416281436863205,PID,5.81346873127058,0.0,0.9671624998321499
1.0,1.0,0.34920406403854576,4.537178003355061,0.34920406403854576,0.0,0.0,0.0,1.5844009980378817,P,4.717605594305931,0.0,0.8674362134565061
2.0,1.0,1.4995570431866552,0.5401194768519421,3.273198829683177,2.6596770330310213,0.0,0.0,1.4365433676758406,PID,12.733955743011746,0.0,0.9194494460867808
2.0,1.0,2.1859631599311578,0.6577538100710877,4.642838071305631,5.3706380448237265,0.0,1.5283883486568657,3.5325576364955436,P,0.7188281505467251,0.0,0.9250882953650117
2.0,0.3518517913665685,4.0366288142919275,0.08985237083416543,2.8405901587810436,16.294372184371852,0.0,0.0,1.46408797202009,PI,10.622041657391097,0.0,0.9335948454704014
2.0,1.0,2.640051980937877,0.12286511966648346,7.443740803671643,12.681988192267417,0.0,0.0,1.5581739968518664,PID,8.061682903137568,0.0,0.9613586422431453
2.0,0.47737521735970156,1.63153744417808,0.8001094127619267,1.557711084090006,2.661914431755143,0.0,1.0864409208924588,2.1298227928141054,P,3.1689031669252947,22.4400942617435,0.8263600553326058
2.0,0.4894073575266389,4.080171769620432,0.037372124813155265,3.9937321680494517,16.647801669607517,0.0,0.0,0.6221637218612268,PID,7.541190818543013,0.0,0.9656788456764102
2.0,0.7015598927158526,0.4326318012334431,10.278764705835759,0.6070342401176008,0.18717027543849335,0.0,0.0,1.923879221158743,P,12.643905625202548,20.29805995633423,0.7050626735536436
2.0,1.0,1.4354603633341507,0.23157656485787964,4.612000982281383,4.559798151019683,0.0,0.0,1.0559423922584492,PID,15.305579108445828,0.0,0.9424365260295047
1.0,1.0,1.1777088755848635,0.5665933489936579,1.1777088755848635,0.0,0.0,0.0,0.667282015957183,P,1.398823665351498,0.0,0.92765001302056
3.0,0.11778213256453321,4.778765315942263,0.03167444148845901,3.304797828788938,25.289615049090035,49.763036217396255,0.0,1.576216378955984,PID,9.009658627259547,2.2280699037287244,0.870081235820438
1.0,1.0,4.590076372984456,0.3418961493505124,4.590076372984456,0.0,0.0,0.0,1.5693294371481517,P,0.3589062386322497,0.0,0.9315811334656106
3.0,1.0,0.38873303855969793,0.17057206062708347,9.324676568966728,23.40002829893804,7.746023514946342,1.4949729190590502,1.3212551926102416,PID,66.12821068354596,0.0,0.9404113345775098
2.0,1.0,2.7112062115730216,0.07686621149561505,7.349378268292465,12.575040890522175,0.0,0.0,0.9665957526568849,PID,7.762199443911166,0.0,0.9692167970517622
1.0,1.0,0.8407800084408861,0.9377852143221721,0.8407800084408861,0.0,0.0,0.0,0.788471060413534,P,1.959379420923085,0.0,0.921327786368255
2.0,0.7273373864951858,4.108369303693366,0.06289298673030809,5.976341184210758,16.878698335529915,0.0,0.0,1.061551750441356,PID,5.59624296818852,0.0,0.9708000726000482
2.0,1.0,2.8256778953904016,0.1012148077957602,7.255597330614604,12.51752542647336,0.0,0.0,1.2669589301190425,PID,7.311191985634181,0.0,0.9663251204967387
3.0,0.4438728032755514,4.36752972142387,0.031899137125247924,5.977636181070771,27.219028732156726,40.06542833506165,0.0,1.278052592441925,PI,6.188560560083323,11.334089699426997,0.7517885920546039
3.0,0.4079407718418327,4.374157693345218,0.01870291761833031,5.835205619688216,27.221611024348054,43.36382248429579,0.0,0.8110299995396837,PI,6.178349725877841,5.342655421624287,0.8082150493798742
2.0,1.0,2.775752448941372,0.510959920455097,6.953262118990948,11.595732697116373,0.0,1.2971422582581051,5.92495465653715,P,0.5903776367579642,0.025237547446865672,0.9294082083700607
3.0,1.0,0.372919552814079,1.4118693263044224,1.6192299784771262,2.8323201769150663,0.8829044380998069,0.0,1.246545694211159,PID,10.30425703078622,21.108619923524685,0.7850920347068432
2.0,0.2652353490994596,0.6432939913802669,5.780316124966102,0.34124861275465973,0.4138271593459548,0.0,0.7667216960683142,2.3920518021163395,Lag,33.648059901619625,23.644127580761243,0.7003626432801282
1.0,1.0,1.206851170944383,0.5275689194064805,1.206851170944383,0.0,0.0,0.0,0.6366971681395739,P,1.3650457369764029,0.0,0.9284212746366762
3.0,1.0,1.617572365168318,0.016140716048894943,10.660227357598814,37.73847438599643,37.384241552291215,0.0,0.6034084275988321,Lead,3.336878906505494,32.56333514234565,0.7160910357427451
1.0,1.0,4.947574088202837,0.38814463581555575,4.947574088202837,0.0,0.0,0.0,1.9203743426359707,P,0.3329726885729196,0.0,0.9307077920408194
2.0,0.38082770385352716,2.1610463245247327,0.6894060883585634,1.645972619379716,4.670121216741856,0.0,0.9107725465403551,3.2196100001943377,P,2.786017786897787,29.546539125418427,0.8095896643327806
3.0,0.24076939865033073,2.6404475262597322,0.21624383196392138,3.545511959312162,9.86334721539123,15.854481456016618,0.7174737997957139,3.428433823849965,PID,6.487829247717922,36.24136993380549,0.8060792610716149
2.0,1.0,0.5665366566685244,0.5058045114610394,1.7120398181996643,0.6489695313370767,0.0,0.7090960746814832,0.3282517167510498,PID,55.59232281484379,0.0,0.8591594063715732
3.0,1.0,0.6192311123445607,0.10677148189897591,2.489651970283658,10.350403956671846,5.69208456969297,0.0,0.607752304600413,PI,7.2941173382518985,6.567608456697749,0.7934183102437692
2.0,0.9814935392435369,2.4937387518190177,0.3166935344576166,4.895176946943216,6.218732962323874,0.0,0.0,1.969432521686432,PID,7.320630359106014,0.0,0.9476009569596998
2.0,0.3115657940801699,1.820795155071867,0.23384458870009744,1.1345949766945849,3.3152949967331864,0.0,1.1797879025735991,0.7752637949305629,P,3.7394080822882327,111.19035447891379,0.7820091815207328
2.0,0.7373289738862849,1.1476624916820704,1.3497550510760705,1.6924096147194359,1.3171291948138981,0.0,0.0,1.7778017836198166,PID,19.809817788987424,0.0,0.8173140337601781
2.0,1.0,1.083868242316076,0.49530762703688286,3.6613112009681177,2.793608569264135,0.0,1.4183350655630236,1.38369563131212,P,0.5619842199718371,1.3288436523905929,0.9137140556923901
1.0,1.0,1.4661730024436803,0.517367894908779,1.4661730024436803,0.0,0.0,0.0,0.758550839846371,P,1.1236102719916858,0.0,0.9284972693676258
1.0,1.0,0.40641560355224515,3.3161181737712977,0.40641560355224515,0.0,0.0,0.0,1.3477221690438308,P,4.053503437524476,0.0,0.8843204303791795
3.0,0.741930429872259,0.7123675804883864,1.540889276137734,2.459976967572305,1.9904330324177932,0.7119377208884713,0.9723177174162545,1.0970171993949847,P,6.876290301667256,17.035615914549425,0.7952907583514077
2.0,1.0,3.329419260958812,0.07722609630184125,8.074502258400846,15.798370726531681,0.0,0.0,1.2200464991393254,PID,6.059635637642401,0.0,0.9711581835469543
3.0,0.586064149126857,3.3097625466130247,0.06961260977822296,6.531676657882987,21.243688768089843,29.05371247886591,0.9699881166417199,2.0225047493999795,PID,9.252058958353029,0.0,0.9560804953859965
3.0,0.4937267385718399,4.161309593402798,0.08567610838477677,7.925902332015886,33.00012010352009,66.09365461383705,1.2208398361983774,5.662647116241104,PID,6.805663346752929,0.0,0.9327973836150746
3.0,0.33591878683172544,1.4350011499145912,0.4767323801792744,2.9243637207691253,3.9491062912827504,4.036655877302736,0.0,1.9244045643511902,PID,10.759140438335173,5.526914512121017,0.828312762411276
1.0,1.0,2.8263981005316836,0.4149793023866894,2.8263981005316836,0.0,0.0,0.0,1.1728967120257021,P,0.5828644753733421,0.0,0.9302478483990694
3.0,0.451652673253679,4.781075168671127,0.0199415023642112,8.597125333655338,41.33591240202118,97.7975370914584,0.0,1.95022981712335,PI,6.1903002799971825,9.655464590517738,0.7499911475371283
3.0,0.20571163955506463,3.0548436893174746,0.1772673612737627,5.244715599198727,14.34417462317889,37.21519189385937,1.8651345111952984,6.597038866321173,PID,20.554839673161133,0.0,0.8571585189226396
3.0,0.6759357213854744,2.146431841425482,0.03693990918973607,5.116061155762976,11.032581477232462,10.201937924083255,1.1098972155529443,0.3768586604749599,PID,41.94228597028921,0.0,0.881082814614504
2.0,1.0,0.9499579508510839,0.4059145395098421,3.3132864814145395,2.245062728081963,0.0,0.0,0.9113036034400999,PID,23.47282074973074,0.0,0.9161896211359241
2.0,1.0,1.6863297441304843,0.27793754409533916,4.479011115329025,4.7093816621312055,0.0,0.0,1.3089139733803736,PID,12.389276609101909,0.0,0.9403895640857278
1.0,1.0,0.5515807336042468,1.3909137300706793,0.5515807336042468,0.0,0.0,0.0,0.7672012156126045,P,2.9867015754843376,0.0,0.9140631720644937
2.0,0.8439697620159898,3.8946208572724483,0.08132082069583312,6.573884476109477,15.168071621901582,0.0,0.9848109342391743,1.2334800326662132,PID,13.92301057827161,0.0,0.9108348642982845
1.0,1.0,3.1846217302400937,0.48047494095847526,3.1846217302400937,0.0,0.0,0.0,1.5301309378121863,P,0.5173006986730602,0.0,0.9292199366960577
2.0,1.0,1.6161926743833828,0.17644591772369284,4.978235822575907,5.433709507069603,0.0,0.0,0.9587558606188507,PID,13.473221833129884,0.0,0.9516152508621918
1.0,1.0,0.658320377404244,2.381821365503988,0.658320377404244,0.0,0.0,0.0,1.5680015402480771,P,2.5024396974590593,0.0,0.8972395114083815
3.0,1.0,1.7437872234523784,0.037408160199378857,10.510509771692295,34.45696824347438,33.427824703604884,0.0,1.2504734216292055,Lead,3.25778745446947,27.3233586537559,0.7398323879099069
2.0,0.8700132747612093,3.0706797528962992,0.12995178050601291,5.3430642951205,9.429074144847277,0.0,0.0,1.225324973646115,PID,6.536021781151486,0.0,0.9659301072603085
3.0,1.0,2.0491858922741426,0.07965083182850859,11.06382797998436,38.56213557256242,41.16703429106344,1.218910073444374,3.27898852519594,PID,11.873269611729446,0.0,0.9613232173391718
2.0,1.0,3.20871793342545,0.10632001841462124,6.918186942584141,11.902639733173427,0.0,0.0,1.2654888756136011,PID,5.905485960886971,0.0,0.9700037761140768
3.0,1.0,0.297768673685013,0.23477548633553214,8.210943768003604,17.886925770833898,4.62453513183698,0.0,1.0857274846527813,Lead,16.429760614508613,39.92361625776072,0.7220176306990551
1.0,1.0,0.3607211311860823,2.9787467945694686,0.3607211311860823,0.0,0.0,0.0,1.0744969132540154,P,4.566982368473378,0.0,0.8887285371791277
2.0,0.12780447130167835,1.4994818281156839,0.5126348388937958,0.38328096453759825,2.2484457528491526,0.0,0.0,1.1526316262732648,P,19.294003636416495,69.34175217983936,0.7176489695192769
1.0,1.0,1.3999364193368427,0.9334321048066154,1.3999364193368427,0.0,0.0,0.0,1.3067455984970255,P,1.1767727614679784,0.0,0.921551626101728
2.0,0.61697550010838,2.5277270232367273,0.4326509561629818,3.1190912885978928,6.389403904001206,0.0,0.606631095417622,2.764381708377611,PID,11.581523519785806,0.0,0.8827416244207044
3.0,0.34940479682945297,2.7617771360384156,0.04417022347648399,6.257987548911958,15.980324264174484,33.01168114825045,0.0,1.458133333652656,PID,5.344976587098933,11.725826611878132,0.7867920528570816
2.0,0.45969753669581576,0.3912089073218823,7.771082480949895,0.3596755420586619,0.1530444091679811,0.0,0.0,1.1893207268926254,P,20.563484460430654,33.10117981849644,0.6653135120321491
3.0,0.594447036116485,4.0085504141535875,0.024732150780056597,9.744956868636127,39.79812981207219,80.00839952258141,0.0,1.9787798006634916,Lead,2.1080737662281916,38.64758747885771,0.6721328146959911
3.0,1.0,0.811453384278801,0.144136080329327,8.883008277043105,22.608186118497233,13.030720588364451,0.0,1.8781969894735138,Lead,6.3494289595998135,36.81642916198085,0.7173470055370949
3.0,0.16195379160075932,0.9294035251717248,2.2005973775933603,2.868616248431508,1.636735992207898,2.2178482968806255,1.3285378721756491,4.880591146015405,PID,15.877935605151485,40.77561237972041,0.8642118896612679
3.0,1.0,0.7639024923706134,0.10653269159331652,6.7530502907142775,11.435588423369369,5.240725161149846,0.8075758977847749,0.5583085573181106,PID,38.62639081783651,0.0,0.9445370192079303
1.0,1.0,0.7079097328864774,2.008223896654953,0.7079097328864774,0.0,0.0,0.0,1.4216412422572489,P,2.3271428114787533,0.0,0.9034990110999055
3.0,0.49943768155727375,0.5896327923747766,2.7825311918744666,4.394159239905381,2.5888080737919186,1.3229381948666035,1.0350391994831316,3.681116792138426,P,13.077279272458512,30.169573932497272,0.7041508166843687
1.0,1.0,0.7447276788882167,1.814522902975278,0.7447276788882167,0.0,0.0,0.0,1.3513254298222876,P,2.2120932157671094,0.0,0.9068388656327144
2.0,0.16334025206762537,3.491232606300203,0.125262729218384,1.1405176278795761,12.188705111293714,0.0,0.0,1.5267904678787176,PI,22.88899341044323,0.0,0.847835476657802
2.0,0.2360038050064646,1.8719755933645281,1.7595507134678399,0.8835867258265259,3.504292622152478,0.0,1.4048069900762743,6.16598058350848,Lag,22.188757167428843,0.0,0.7325219559852857
1.0,1.0,1.0469967345387174,1.2750652002934264,1.0469967345387174,0.0,0.0,0.0,1.3349891010311732,P,1.5734595837000576,0.0,0.9160178536074952
2.0,1.0,0.3572347052657373,0.4526495284714322,4.072363131671249,1.3271728084313354,0.0,0.0,0.6007441459365503,P,4.074558461207527,0.0,0.9302733299443416
1.0,1.0,1.0249729483104875,1.0502325846065668,1.0249729483104875,0.0,0.0,0.0,1.0764599886559363,P,1.6072688052676032,0.0,0.9198176068600509
3.0,1.0,2.4861658068016697,0.04541414419223495,10.00662807085676,32.664429890909275,34.72505787968391,0.0,1.5770087856316692,Lead,2.6246140299644694,15.958138938122323,0.7802890529898227
3.0,0.11850027378349921,4.316101760917963,0.047589657670439434,2.1626221712991205,19.79455837823411,21.231237359091487,0.0,1.0103873178390084,PI,10.975829330262197,0.00440796624234796,0.8623546533537143
1.0,1.0,1.0964228274147358,1.1821485019244542,1.0964228274147358,0.0,0.0,0.0,1.2961346029041043,P,1.5025289558655437,0.0,0.9175941335670715
1.0,1.0,4.2616713408559415,0.14219211787809002,4.2616713408559415,0.0,0.0,0.0,0.605976073656666,PID,5.634197123261907,0.0,0.9496972584091645
3.0,0.3483187250385728,4.794080850752091,0.008375036307862052,8.143754846853433,39.027366270797465,110.41177382278373,0.0,0.9247026145812667,PI,6.354127643512054,1.0255509377225636,0.8150176903438104
1.0,1.0,4.121350708429504,0.37094658086882354,4.121350708429504,0.0,0.0,0.0,1.5288009538532281,P,0.39972503254652086,0.0,0.93100509058888
3.0,0.805840695098569,4.132862952849644,0.01859904391236817,10.49415272186725,42.61358712685744,65.4748005945764,0.0,1.2177686914120758,Lead,1.7577538837650184,15.452428665468824,0.7766471033295974
2.0,1.0,1.215692390977683,0.7250046954126477,5.55558855249838,5.275978741193964,0.0,1.785105026655164,3.8251093602629345,P,1.5021623381661526,0.0,0.9209079531068186
3.0,1.0,0.23527106750846088,0.3061908810316224,1.611320418447312,10.518536784667011,2.398539640374761,0.0,0.7344109656756188,P,8.619594847328026,6.903731325430576,0.8227552530054397
1.0,1.0,4.567009016019174,0.18055229585318605,4.567009016019174,0.0,0.0,0.0,0.824583963024462,PID,5.25727571483691,0.0,0.9428342071228997
2.0,1.0,0.5133307254975664,16.738279540105236,1.1181862188014615,0.3104909091988769,0.0,1.7143688034910778,5.197083632832234,P,6.092984941801318,5.0486063348666965,0.7218682533596305
3.0,0.6244660562615183,2.390728068624752,0.07659546785472934,5.74445196019014,13.952350757155735,15.766971781346358,0.0,1.2076785802445398,Lead,3.336014522677498,34.220596015573314,0.6906828309265027
1.0,1.0,4.987091564223844,0.20562019970305895,4.987091564223844,0.0,0.0,0.0,1.0254467633731474,PID,4.813056920365317,0.0,0.9384672034135265
3.0,0.5926276246383883,0.8904377140927772,0.9812153299985173,2.907833353076809,2.7479342752672156,1.4687592938068468,0.0,1.4411691351610745,PID,11.128452156598621,32.082339901420994,0.738766645594401
1.0,1.0,4.03058960610569,0.2202865817022505,4.03058960610569,0.0,0.0,0.0,0.8878848065736427,PID,5.955814751899379,0.0,0.9359893165233942
2.0,1.0,0.21469330334764614,2.4676557585646073,3.389144641599091,0.6815334441255587,0.0,0.0,1.681789928050805,P,7.07552523007007,0.0,0.8968219551867505
1.0,1.0,2.1053825368232024,0.8247234831586324,2.1053825368232024,0.0,0.0,0.0,1.7363584191501893,P,0.7824739766999167,0.0,0.923394384272376
3.0,0.5903583298070613,1.2472929767196441,1.341965804294565,4.641692732247929,6.222714683004793,4.930128650595791,1.7600855127828523,6.61606405987246,PID,21.237568754891704,0.0,0.7774523274247472
1.0,1.0,0.6884886040630684,2.773583122167807,0.6884886040630684,0.0,0.0,0.0,1.9095803720342002,P,2.392787674829402,0.0,0.8915807838498454
3.0,1.0,0.5374934651093856,0.11792450040957889,4.824197503495425,8.695184081949918,3.435179147325841,1.2669053591540504,0.405091784765803,PID,74.32912774639104,0.0,0.9219069036066432
2.0,0.6060067009943145,0.8856681941738409,9.089845084850676,1.0734417210537626,0.7844081501711522,0.0,1.9244530822651247,7.130148568350059,Lag,17.556992482986765,11.847048092954331,0.6636611041353248
3.0,1.0,1.077935283136074,0.09703174626332008,9.683509701999034,27.778640565432024,19.94437713602215,0.5779287556370839,1.9352377416424638,PID,21.84944939302958,0.0,0.9587529607827968
2.0,1.0,1.706655950303531,0.19805856977003425,6.477219432266308,8.141710552792505,0.0,0.0,1.6125355475676786,PID,13.233849781564437,0.0,0.9451573241828055
3.0,0.6869258747548754,2.8466894545248334,0.017060455884182844,8.8092108287557,27.260473588531497,39.69391439571412,0.0,0.6771962754186109,Lead,2.1077747970548213,34.78537042895825,0.6938780957554971
2.0,1.0,0.903791085748893,0.475434188936204,3.1772281592580693,2.0547121610486445,0.0,1.2680629001951818,0.9768804097855173,PID,35.18085756456194,0.0,0.8630275928372296
2.0,0.25103026969526027,3.075525820352899,0.08382220609674236,1.5441001522758495,9.458859071657375,0.0,0.0,0.7928624345445057,PI,18.209424534390838,0.0,0.9135035115845125
3.0,0.3848932416390259,2.753387719114958,0.18163109746160613,3.3998879731165204,10.294908913208527,9.70664896664552,0.0,1.7630293044863912,PI,9.934129917326176,3.1354447223487014,0.8221638440321574
3.0,1.0,1.6555933671096594,0.21893339783608481,6.209677509362293,21.11643157795165,22.47752770953089,1.2783956528632117,4.921081516402347,PID,15.479922887847117,0.0,0.9340386913301646
1.0,1.0,1.9248273630242658,0.6019481872561873,1.9248273630242658,0.0,0.0,0.0,1.158646341953564,P,0.8558726240644376,0.0,0.9271603412905544
2.0,0.23974007849509468,3.8556245779331038,0.11415511543174191,1.8486954779225973,14.865840885961815,0.0,0.0,1.697011782326879,PI,15.05909504329826,0.0,0.8977294278133623
3.0,0.5168205910847141,1.583726099251367,0.13861672513858608,4.695617535303379,7.515151684825446,7.67157756129269,0.0,1.0634089581930535,PID,6.7424744574904425,28.365489178245753,0.7225834719878028
3.0,0.7608154690395051,0.5457254508602176,8.131363773614911,1.8148533127828383,1.1153051785888095,0.2931883765600771,1.6628498782898222,2.3840213440055784,P,10.433888833837555,21.584751730311872,0.6798340738058981
3.0,0.5544879622485087,0.310505462312767,16.52223787304138,2.008129548125809,0.6693270018328118,0.16041171290674158,0.8426547075761406,2.6503604782672063,PID,21.98997354095389,56.86490086250389,0.9090113646150304
2.0,1.0,1.0963818448149902,0.32876765248898665,3.116858407629101,2.215213821343585,0.0,0.5447481620194776,0.728290647804288,P,1.286370488691238,0.0,0.9269193568654631
3.0,0.604950897522513,3.0064180073344744,0.022558518518515397,7.828008747968205,24.28150851511651,37.8763858794252,0.0,0.8544351522754484,Lead,2.78385423272157,39.887778422010875,0.6687809515712678
1.0,1.0,1.6226599462064593,0.5871089336035187,1.6226599462064593,0.0,0.0,0.0,0.9526781506184172,P,1.0152509463945332,0.0,0.9274097449797042
2.0,0.9116690063386177,4.426194749963634,0.13125495382167462,8.070449139121106,19.591199964605625,0.0,1.0720233523814586,2.571442046665505,PID,7.955192227080479,0.0,0.929153705984547
1.0,1.0,2.548924143792262,0.5226045229051667,2.548924143792262,0.0,0.0,0.0,1.3320792860880157,P,0.6463146618445913,0.0,0.9285059385496366
3.0,1.0,2.7343033175874005,0.01610909719164756,10.978061613587599,38.965757845370526,44.91044579732211,0.0,0.7234667362692817,Lead,2.412503536153605,15.075140096399334,0.7847918280523641
1.0,1.0,3.0035040449410433,0.1889167108729326,3.0035040449410433,0.0,0.0,0.0,0.5674121052638106,PID,7.991492448263433,0.0,0.9413799922882986
3.0,0.3911820640435562,2.2493448535612797,0.028229421333727123,6.61270539087692,13.599715978578992,24.553494461569084,0.7482972523175453,0.6931309403709691,PID,33.80423862408005,0.0,0.9045499333430763
3.0,0.34796873769527376,4.556401766217196,0.00544435300713335,8.132068271948295,36.49229217094441,102.9963389892872,0.0,0.5607484279000516,PI,6.598313463822339,1.398441720835164,0.8047195916490313
3.0,1.0,2.7743349306686156,0.029793794407519045,10.855390451615879,40.00865090231151,48.79804424699144,0.0,1.4538788977838806,Lead,2.302518676273924,17.94865278967347,0.7685127821544453
2.0,1.0,1.359147490984611,0.4435154490214942,5.708509324242781,5.91142422305707,0.0,0.6681488486396331,2.621807968645694,P,1.242418419512173,0.0,0.9294138601684929
3.0,1.0,0.7146120601286751,0.24118614622533402,8.415648956174701,19.050828565286857,9.681260283176528,1.2183776117150076,2.3349858583037326,P,2.211637564084951,0.0,0.9327787925737916
1.0,1.0,2.5707667671411154,0.6940701963044634,2.5707667671411154,0.0,0.0,0.0,1.784292594722625,P,0.6408232232963902,0.0,0.9256064171893474
1.0,1.0,0.2904875793821759,4.070854400693667,0.2904875793821759,0.0,0.0,0.0,1.1825326408747818,P,5.6711789521824,0.0,0.8735095101822484
3.0,0.4663735686654654,2.168128193346045,0.33206056251189453,4.432214183756519,9.574355272323837,11.32840383521517,0.9821010202137153,3.7617161498834526,PID,12.993743935956063,0.0,0.883541436693396
3.0,0.36728450551948505,0.8370361387912617,0.3066432194472032,5.02651078891444,3.413180172086595,3.09093210942954,0.0,0.9478133731282092,PID,12.553672913817682,36.67548219902215,0.7838452100222357
2.0,1.0,0.6069187653067747,1.9859785881229586,1.984194812231413,0.835894677886097,0.0,0.0,1.660068932207726,P,4.14953513603868,5.420571512924609,0.8629405497610456
3.0,1.0,1.3249598359762926,0.12512748147666927,7.673485662233599,18.39962975463377,13.233815460965726,0.0,1.6559139989576481,Lead,4.301320674043443,26.4001507298581,0.7416244753189167
3.0,0.5285175804917316,3.373673789569575,0.20531288178268445,6.181254301799458,20.707584375347047,29.7649290486473,1.79853055303178,6.111123359034914,PID,7.666137962507871,0.0,0.933125325046335
3.0,0.1263723785189881,0.5287370377519243,0.7466225211488943,5.083996298167959,0.9411068636600388,1.3839369945107902,0.0,1.0332785279528696,PID,31.427724574423404,20.968772268978487,0.8364805561672934
1.0,1.0,1.5194099678000907,1.2965684108745,1.5194099678000907,0.0,0.0,0.0,1.9700189674174386,P,1.0842413048321926,0.0,0.9156618097600676
1.0,1.0,3.6834002995411677,0.25129963306573144,3.6834002995411677,0.0,0.0,0.0,0.9256371437089007,P,0.4472517000847896,0.0,0.9330119604112943
1.0,1.0,0.5383496257132118,2.832573571044444,0.5383496257132118,0.0,0.0,0.0,1.524914921776912,P,3.0601062346427876,0.0,0.8907601990189725
1.0,1.0,3.4435928554907336,0.2542591227324292,3.4435928554907336,0.0,0.0,0.0,0.8755648984847346,P,0.47839774189212175,0.0,0.9328993403670918
1.0,1.0,3.781300313943206,0.4375810207204891,3.781300313943206,0.0,0.0,0.0,1.654625251025974,P,0.4356720993537446,0.0,0.9299453988731916
2.0,0.9812295965096292,3.607562112325712,0.20043430368469137,7.079693431721568,13.01450439428795,0.0,1.7202898243708091,2.6085531260704613,PID,10.919369995711554,0.0,0.9009095856391325
3.0,1.0,0.37837117673291437,0.3109345330371075,5.635114178146367,13.581276803009294,4.386183401639291,0.0,1.3638158878038245,Lead,13.032140162344035,40.37326588158207,0.6895942771804079
2.0,1.0,0.9811986526393106,0.41117511694544534,2.929333258267441,1.9115070502023361,0.0,0.0,0.7859641349089888,PID,22.021293794432026,0.0,0.9192097437683507
1.0,1.0,4.14259585437284,0.14932756846143896,4.14259585437284,0.0,0.0,0.0,0.6186037660519336,PID,5.794655142062751,0.0,0.9484067908637629
3.0,0.8036353252594842,3.486146849789121,0.028996255014529945,9.88250254664986,36.131032359499486,52.00752934107228,0.0,1.5080235834493803,Lead,1.9579442820849564,20.329817353919275,0.7552281489655298
2.0,1.0,2.627639735942381,0.15163574577725664,7.208776861611787,12.037577947209796,0.0,0.0,1.8253271093770151,PID,8.040856142523058,0.0,0.957483216336488
3.0,0.28042236156078854,3.730148928999879,0.06817033792799186,3.306465350944677,16.45464240809128,16.89760643877949,0.0,1.151915541105809,PI,7.541249819859528,0.18134745079225745,0.8748371738522119
1.0,1.0,1.072714174034104,0.9296006775245201,1.072714174034104,0.0,0.0,0.0,0.9971958229722591,P,1.535737185113614,0.0,0.9216188860451798
1.0,1.0,3.1908092358570617,0.5906094188878829,3.1908092358570617,0.0,0.0,0.0,1.8845219885716287,P,0.5162975672596458,0.0,0.9273571641182102
2.0,1.0,3.3281540427733374,0.15073349266702102,6.887781374602419,11.846988095193426,0.0,0.0,1.7857378931731236,PID,5.548830292113499,0.0,0.9656636309884183
3.0,1.0,1.6574966457830393,0.030485575291756092,10.129848778339698,37.80172647342539,39.38018307446689,0.0,1.2005275361197993,Lead,3.2053748701239013,35.33225708468229,0.693372934026743
1.0,1.0,1.75101538949826,0.5312125305803125,1.75101538949826,0.0,0.0,0.0,0.9301613161404423,P,0.9408295643447555,0.0,0.9283622170456751
2.0,1.0,2.3436641125640394,1.1009885795087244,5.0021589300037705,6.230618897070985,0.0,1.4578867944958123,6.859840248946399,P,0.7134932854231143,0.896620818213211,0.9148313885224513
1.0,1.0,4.518083155440017,0.1469443403780104,4.518083155440017,0.0,0.0,0.0,0.6639067490491332,PID,5.312675809661596,0.0,0.9488438925386841
2.0,1.0,1.136687211852735,0.8697054808046694,2.9251069549621747,2.0328738514174534,0.0,1.1707984473853028,1.7680015303622563,P,1.3843645166078007,0.0,0.9205311414361014
2.0,0.6771759455805726,1.5749881417275593,1.134456214019925,2.133088168305098,2.48058764658243,0.0,1.5346279489107122,2.8141180700865,P,2.257899504763079,9.655939731335756,0.8585588748580453
1.0,1.0,1.2604537386219794,0.6354853919471001,1.2604537386219794,0.0,0.0,0.0,0.8009999381193762,P,1.3069952474921265,0.0,0.9265951620221651
1.0,1.0,0.20444531231074362,5.921640433150393,0.20444531231074362,0.0,0.0,0.0,1.2106516277473591,P,8.05793504112561,0.0,0.8486210434435786
2.0,0.9173726281373671,4.975576095582266,0.08151901828265057,9.128914638603526,24.756357482929676,0.0,1.1955568734028272,2.0181139582627776,PID,9.785047557018078,0.0,0.9207546697608897
1.0,1.0,4.2531850239643685,0.40063361986104645,4.2531850239643685,0.0,0.0,0.0,1.7039689120896366,P,0.3873349117850208,0.0,0.9305760850630053
2.0,0.8743848967562572,2.2586415933020096,0.1295802643156753,3.9498441927375327,5.101461846993843,0.0,0.0,0.6610487745297953,PID,8.84844848126925,0.0,0.9661121398335849
1.0,1.0,2.956626982234648,0.2480910849069209,2.956626982234648,0.0,0.0,0.0,0.7335127956876694,P,0.5571913724529036,0.0,0.9330656461287887
1.0,1.0,4.598879590058751,0.25705259630385063,4.598879590058751,0.0,0.0,0.0,1.1821539387133904,P,0.358219217050987,0.0,0.9328478879986114
3.0,0.4635798364209106,3.0224947207043633,0.04847758911181771,6.8946492276174,20.603510006905978,37.38522962700461,0.0,1.8123458007088837,PID,4.635648991237873,22.727897965773593,0.7168133807505422
3.0,0.13107505472224423,1.7404577733973294,0.1519479146114528,2.0062418367759784,3.736389281675437,4.695190912354353,0.0,0.7134244678348884,PID,23.527796846469336,0.09129478849860817,0.775124362368486
1.0,1.0,0.7345518693756223,0.9510260146439012,0.7345518693756223,0.0,0.0,0.0,0.6985779368815256,P,2.2427375312010644,0.0,0.921102972398756
3.0,0.7560650545783049,3.8723373732546396,0.014401245192606108,10.5872304892941,42.7016694079539,70.95261409105223,0.0,1.0218059925816023,Lead,1.7182875143566871,23.684401717316714,0.739759475853283
1.0,1.0,1.5704431601139976,0.7511403221553798,1.5704431601139976,0.0,0.0,0.0,1.1796231812147409,P,1.0490077501073174,0.0,0.9246318541918195
2.0,1.0,1.373901647772191,0.5263765085011273,3.837695954816205,3.385011058219514,0.0,0.0,1.7817903020632941,PID,15.45050510966186,0.0,0.9074854171603464
3.0,0.45618869884717267,3.442351595358627,0.05622859575389047,5.637492293601406,19.69144474311539,29.586168723025825,0.0,1.6635887210334168,PI,7.473755918832341,10.157544566924948,0.7449103426862661
2.0,0.43249599576042824,1.9088805293637476,0.2808609764149473,1.6511663706697353,3.6438248753840226,0.0,0.6296711199032093,1.0234082123854302,PID,25.52131402676842,0.0,0.8462638946872075
3.0,0.4083020039172238,1.086579165761929,1.2272627007087258,4.896478098670313,4.738013312562384,4.733447508296821,1.8517721288729192,5.8091835726953445,P,7.543243043088181,35.319370681330696,0.7597657158485596
2.0,0.6254285943938188,1.9204011116399857,0.19602533398189953,2.4021475358506463,3.6879404295880915,0.0,0.0,0.7229297544153557,PID,13.374031485744927,0.0,0.942217821919049
2.0,0.33792611586723964,2.8524134660781675,0.07438798135727152,1.9278100068784103,8.136262581464065,0.0,0.0,0.6052401492278148,PID,14.304669934718182,0.0,0.9419855703779889
3.0,1.0,1.444567044359156,0.18850221377557644,5.331718353761827,9.34230667903567,5.383982271576225,0.0,1.0148925771205752,Lead,4.559449734739527,13.695401270892248,0.7887890595337743
2.0,0.7638904767828751,4.573716183509273,0.027453784360687974,6.987636472180899,20.918879727294616,0.0,0.0,0.5743024131003137,PID,4.85040074552579,0.0,0.9777356897838203
2.0,1.0,1.2052776153260425,0.6006593434631438,2.4883399463517724,1.5464463066533656,0.0,0.0,0.928887423255414,PID,15.275562905821737,0.0,0.918303378001292
1.0,1.0,0.5436190503291968,1.0202878663448534,0.5436190503291968,0.0,0.0,0.0,0.5546479209647917,P,3.030443920361139,0.0,0.9203113081141536
2.0,1.0,0.7318610961566685,0.8971336928383782,5.102510216437323,3.1987080560847785,0.0,1.0461625433629627,2.8696687706672073,P,2.4247158810831304,0.0,0.9209045717250673
2.0,0.5849535719395719,4.643385850225812,0.09202527253197398,5.432330277966508,21.561032154077296,0.0,0.0,1.9841598600496173,PID,5.811274230096757,0.0,0.9583091333962309
2.0,1.0,2.6079768419142004,0.1846850898199053,5.226007263196582,6.827762710131329,0.0,0.0,1.2609859693896044,PID,6.908911009338202,0.0,0.9629892964091303
1.0,1.0,2.304354034544714,0.39435471917636244,2.304354034544714,0.0,0.0,0.0,0.9087328881757986,P,0.7149105655494898,0.0,0.9306841186163393
2.0,1.0,1.2288580973493584,0.24738989309556766,4.834040089643718,4.430257083649016,0.0,0.0,1.0960008263098113,PID,18.452944349188773,0.0,0.9370267178579884
2.0,0.10539172424592402,2.398931405828082,0.24536140061529116,0.5056550344158403,5.754871889868299,0.0,0.6228798262779915,1.4120234272596535,P,9.766754225207281,94.22056592785007,0.7528070461205828
3.0,1.0,1.6813536445252126,0.07744918680091209,9.289090949327635,26.629672220195015,23.267202873039867,0.0,1.8020259416487832,Lead,3.4711474593580625,24.043899476688566,0.7525292486289537
1.0,1.0,1.7307128904343376,0.9385695212394864,1.7307128904343376,0.0,0.0,0.0,1.624394368977964,P,0.9518661675011728,0.0,0.9214723299266373
2.0,1.0,0.28076450841355866,6.490800312435297,2.837957275587545,0.717968970194312,0.0,0.973747227632721,4.660193216056089,P,5.5179047170053215,0.0,0.8418970166676119
1.0,1.0,1.0709813854469152,0.7295151722289562,1.0709813854469152,0.0,0.0,0.0,0.7812971698583124,P,1.538221922853641,0.0,0.9250031939963139
2.0,1.0,2.296889636181316,0.05702828361090604,6.13529810882138,8.816400640237518,0.0,1.1939454792240967,0.5027841961388387,PID,38.615525871866424,0.0,0.8684341228173631
2.0,1.0,2.161283684610801,0.14425843205461486,5.863757253863508,8.002095717928594,0.0,0.0,1.1543697814193266,PID,9.732953867118951,0.0,0.9588136860162715
2.0,1.0,2.637002448958996,0.12485687425732533,6.105642129559758,9.14681133230056,0.0,0.0,1.1420422723725294,PID,7.489541387066952,0.0,0.9653244935002842
2.0,0.5455401037149239,1.4109556164222274,0.6673598649977425,1.5394657466402724,1.9907957515134274,0.0,0.0,1.3285771839680802,PID,20.155475663663875,0.0,0.8572119410203262
2.0,0.7265887230760995,3.425047291494942,0.09404641120833686,4.977201476005126,11.730948948976842,0.0,0.0,1.103253648719483,PID,6.717745627129053,0.0,0.9655884710847285
3.0,0.8002664996192416,2.2457406684002557,0.04123967537269909,8.157452474145938,21.444769572727452,23.013166482385273,0.0,0.9490555150314481,Lead,2.8153222757866034,26.360979335796518,0.731498014420014
1.0,1.0,3.7527018017408187,0.26602677774927097,3.7527018017408187,0.0,0.0,0.0,0.9983191681709935,P,0.438992260269229,0.0,0.9327573130759592
3.0,0.23884742956648355,0.8779626313706477,2.664912606751064,0.973138229780643,1.0030559586125842,0.42683296647340124,0.0,1.1374725533319212,PID,26.47858143057536,2.0739310934202893,0.9260012847507418
2.0,0.3683008845093352,2.1557521956929717,0.5078909665545497,1.587930880913326,4.6472675292350685,0.0,0.704906604169483,2.360305197260773,P,2.850854050741607,31.01956253650217,0.8152259286265081
1.0,1.0,3.9220373728288367,0.20462120669233716,3.9220373728288367,0.0,0.0,0.0,0.8025320199206805,PID,6.121156782621152,0.0,0.9386487210605461
2.0,1.0,0.6163796877824196,2.4178240824456685,1.417944534699783,0.4940682900802874,0.0,0.0,1.194570210128871,P,5.117712033609328,9.216112623064912,0.8015969622233456
3.0,1.0,0.311650112584485,2.624858160311325,5.067034455804225,8.6396152259863,2.230666584060887,1.4933193923880528,5.855183386106007,P,4.476283116411499,0.0,0.8960383203419886
3.0,0.4938495529402251,1.417960971261512,0.13266681267733382,4.650123150116772,6.561745270389794,6.533697811342709,0.0,0.866804863627709,PID,7.305099444708333,29.21830737452986,0.7321242679085966
1.0,1.0,3.540218087495722,0.3888762240184725,3.540218087495722,0.0,0.0,0.0,1.3767066420672347,P,0.4653405539848966,0.0,0.930779493090981
3.0,1.0,1.265123102210348,0.8490434619857538,5.2697712075005345,9.072347634594717,5.06805126681957,1.4039966158197599,4.302995793101773,PID,15.202257487398558,0.0,0.8894605837737795
2.0,0.8524575298567312,4.341295267268011,0.2046549760858463,7.401539679828011,18.846844597603624,0.0,1.0907521342775335,3.8571005304162314,PID,6.8296076189652375,0.0,0.9244783568418706
2.0,0.49347460215459743,1.6184637654481007,1.6420054735453182,1.5973415255122663,2.619424960068444,0.0,1.2213621682722209,4.301110121973611,P,3.451197091611846,20.343870957714653,0.785838767303333
3.0,0.8910211120648845,2.6799581265868455,0.032438767063677855,8.77929764535772,26.30208074214883,28.75383342658921,0.0,0.9327389047129215,Lead,2.5768416035588895,16.882028199226767,0.77183756787107
3.0,1.0,0.7841133793956295,0.06594767894329191,8.81420099436698,22.252042949453696,12.510955379177489,0.0,0.825068468619848,Lead,6.549148435627424,37.21275456439281,0.7176875302844754
1.0,1.0,0.7787717168767376,1.5388498825003964,0.7787717168767376,0.0,0.0,0.0,1.1984127650103997,P,2.115391468849861,0.0,0.911317454508246
1.0,1.0,4.71763332476089,0.2089965989838131,4.71763332476089,0.0,0.0,0.0,0.9859693201277246,PID,5.088588075922832,0.0,0.9379166333834272
2.0,1.0,3.4060345762809785,0.08603435862146164,7.200404178529029,12.923754060446361,0.0,0.0,1.1118868915720133,PID,5.49479619080435,0.0,0.9731077494437141
3.0,0.8830010458941755,1.5960817548268234,0.1306091237963583,5.29571795566396,9.529453042829141,6.3101876704132405,0.0,0.8241680826232567,Lead,4.210251853693826,18.141883335352652,0.7659171315925977
2.0,0.35515590265679714,3.668327241183285,0.10735839700504092,2.605656145165936,13.456624748407373,0.0,0.0,1.4446816620873777,PID,10.667892955554391,0.0,0.9350477928999837
2.0,0.23682439874506944,3.2658322802453106,0.14875217009192818,1.5468575323426699,10.665660482692301,0.0,0.0,1.586540142264202,PI,17.998227993905108,0.0,0.8806105266556066
3.0,1.0,0.4560847152568728,0.8445090808501791,4.614851501756896,5.264782001450926,1.536107932028577,0.0,1.297257097764123,Lead,11.580377255576108,32.06878661322613,0.7325710094934964
2.0,1.0,3.346851849705376,0.06352772226117635,7.305675761335743,13.249597131297966,0.0,0.0,0.8417167266295761,PID,5.715927017610224,0.0,0.9753392601808432
3.0,1.0,1.2933785166141127,0.37278051861362776,3.97142918987132,5.256713403261834,2.319002066307619,0.0,0.8644787929442287,Lead,5.312734735996752,8.88542032654487,0.8077147259466916
1.0,1.0,3.6302727736593297,0.2033243550313477,3.6302727736593297,0.0,0.0,0.0,0.7381228702921449,PID,6.614579325909566,0.0,0.9388516507324454
2.0,0.3168901112671269,2.585884589353109,0.03857610765812088,1.638882510488111,6.686799109453896,0.0,1.0556743867969218,0.25795068233452034,P,3.968267485749025,478.51528616696845,0.7667807778383564
1.0,1.0,0.34954789196801794,4.096290666377422,0.34954789196801794,0.0,0.0,0.0,1.4318497673204953,P,4.712965187080404,0.0,0.8735176955857398
1.0,1.0,3.2079448736160994,0.1889685551164597,3.2079448736160994,0.0,0.0,0.0,0.6062007076604883,PID,7.484044264637345,0.0,0.9413682085440567
1.0,1.0,4.389466553577909,0.312851364876562,4.389466553577909,0.0,0.0,0.0,1.3732506023668676,P,0.37530916933853564,0.0,0.9320772049050952
1.0,1.0,2.1774786752575417,0.550018195955233,2.1774786752575417,0.0,0.0,0.0,1.1976528926961438,P,0.7565663281950454,0.0,0.9280424145804015
2.0,1.0,4.571187402800213,0.05977044125808044,9.158409988964854,20.96905409971642,0.0,0.7409341622143052,1.253329616304611,PID,9.32972368807271,0.0,0.9386992112456003
1.0,1.0,1.674565441435103,0.5966969301167346,1.674565441435103,0.0,0.0,0.0,0.9992080581839005,P,0.9837818250033763,0.0,0.9272493949796883
2.0,0.19175852837592572,4.621165544528396,0.3135132071642668,1.772295808400598,21.35517098993642,0.0,1.5556547116490744,6.695128146596277,P,2.5461703513458085,69.2086995529425,0.7760071789812418
2.0,0.29895424974691776,3.0988486177775543,0.2639654600286897,1.8528279272139236,9.602862755901862,0.0,1.0297817445814412,2.534824084954006,P,2.6189665499394947,53.43884905794591,0.8048723376580788
2.0,0.7825067530695038,3.4157601926349073,0.04079298853282859,5.345710835205608,11.667417693589261,0.0,1.159381062952008,0.4759488361823081,PID,39.725671382645146,0.0,0.8100838967370537
2.0,1.0,3.3237432107558833,0.0718579523281825,6.892775468745922,11.862546736463134,0.0,0.0,0.8524183178796048,PID,5.557986960150436,0.0,0.9755726414380317
2.0,0.2753001458039347,3.7132748758298075,0.2347486825534818,2.044530229452067,13.788410303468883,0.0,1.2300649012152425,3.2368111532461743,P,2.3304372581264228,63.15725402868978,0.7983974539367434
2.0,1.0,2.2997340823996018,0.1714148510528795,6.913205963248039,10.609758522579346,0.0,0.0,1.8186701768549576,PID,9.417957703052494,0.0,0.9528054388823113
2.0,1.0,2.28744394122299,0.19422627114307553,5.411597623059544,7.146326410966521,0.0,0.0,1.3880043311733055,PID,8.718560445925863,0.0,0.9553348950063294
2.0,0.8579612254041061,0.3350452276918742,34.454954188336735,0.5749116282326364,0.11225530459909985,0.0,1.4224816444244677,3.8677513773597716,Lead,5.401456350833487,16.89130814125942,0.6868249775366381
1.0,1.0,4.499508023672712,0.1744954456113384,4.499508023672712,0.0,0.0,0.0,0.7851436576225626,PID,5.336802828281146,0.0,0.9438869588095089
1.0,1.0,4.445671939360039,0.3699070526189746,4.445671939360039,0.0,0.0,0.0,1.6444854039995527,P,0.3705642405768153,0.0,0.9311047220731749
1.0,1.0,0.923571998125249,1.0549790024569556,0.923571998125249,0.0,0.0,0.0,0.9743490652793527,P,1.7837342940308578,0.0,0.9197284170544163
1.0,1.0,2.1101627180973184,0.41166352115805066,2.1101627180973184,0.0,0.0,0.0,0.8686770147483851,P,0.7807014273989432,0.0,0.9303012192694329
1.0,1.0,1.302331213949989,1.340636100688079,1.302331213949989,0.0,0.0,0.0,1.7459522404742853,P,1.2649677965300405,0.0,0.9149112876393771
3.0,0.30071587787194526,4.907149738796956,0.012704823110857128,5.17542074606407,30.64415471216092,53.55671360372328,0.0,0.6804285727341399,PI,5.729781936865926,0.008123125720216342,0.8820336115689519
2.0,0.5891740915169897,2.88156853752782,0.07023946387224117,3.395491050483788,8.30343723647022,0.0,0.0,0.583228979786472,PID,9.314652592405944,0.0,0.9629908959289437
3.0,0.36882562088010806,1.0576035417398124,1.2672295599156906,1.6757305187744063,1.817211535039894,1.0017377402807799,0.0,1.269431675766951,PID,15.536472592708531,6.010412763071216,0.7719844965929022
3.0,0.5478276815066689,1.5983568628593832,0.2861842339004059,3.363998548008262,5.3790707955197306,4.120165165410998,0.0,1.1791263114062858,PID,7.761554870812972,24.079672523051077,0.7190704673234769
2.0,1.0,1.2719484231773144,0.11562430687983452,6.19665567973014,6.263973629582245,0.0,0.0,0.7242676092340083,PID,18.180517847961156,0.0,0.956249374782669
1.0,1.0,3.6430914497907407,0.20907880741907084,3.6430914497907407,0.0,0.0,0.0,0.7616932156408618,PID,6.590672046689899,0.0,0.9378772540462964
2.0,1.0,0.44758181314147033,1.137751089937843,2.6477467262679046,0.9847538010273751,0.0,0.0,1.1204047104393295,P,2.7406820056585044,0.5823240802052065,0.916383976954469
2.0,0.35851859764171884,4.705593511420288,0.07398840238720795,3.3740855735727457,22.142610294720715,0.0,0.0,1.6382963603889296,PI,9.000602288000865,0.0,0.939566570062031
3.0,0.9853926243386586,2.012478235275335,0.12618637891229142,6.8331121426784955,15.420856898272042,11.611343188228176,0.0,1.4651933512304147,Lead,3.443891868042556,11.277376596899844,0.798836833551988
2.0,1.0,1.6138691598387158,1.1681064091026412,4.517498595696203,4.686077998130288,0.0,1.7382032498984294,5.473837743170863,P,1.0057474451487385,0.013418557925145947,0.9182952000587161
3.0,0.3563930449127212,1.0741188603070628,0.24799507256030545,3.4135638441029794,3.1810444119665706,3.0550192440553294,0.0,0.7576297191026309,PID,12.211321240243905,18.22057077371648,0.8224623992204515
2.0,1.0,0.7601777200585251,0.3930448182781233,5.453205817665677,3.567535399409602,0.0,0.0,1.4022013027617193,P,1.7145677783486164,0.019166688686784755,0.9316566739359975
2.0,1.0,0.4581186059290661,0.797134696334838,3.087629753003923,1.204627980972873,0.0,0.0,0.9602507598092602,P,2.756997436370514,0.14488856170622347,0.9245627732748678
1.0,1.0,2.8606310493420706,0.46452055044466206,2.8606310493420706,0.0,0.0,0.0,1.3288219096594698,P,0.5758893816249057,0.0,0.9294872042357859
2.0,0.2902981577650856,2.365564302920794,0.35112706204143074,1.3734379184255103,5.595894471253142,0.0,0.0,1.9648699851850011,PID,19.361956904837964,0.0,0.8447645065025106
1.0,1.0,1.040889906805082,0.796680053290018,1.040889906805082,0.0,0.0,0.0,0.8292562264225146,P,1.582690960198834,0.0,0.9238679331490112
1.0,1.0,2.493210825694178,0.7266767735798375,2.493210825694178,0.0,0.0,0.0,1.8117583986697676,P,0.6607572167924979,0.0,0.9249170311187036
3.0,0.3023779416043349,0.4874623327517772,1.3327529621698695,4.540097846099518,1.4891163973479136,1.0087666798283046,0.0,1.3444367806794373,PID,22.583089954327168,42.37664188467123,0.7925497299347996
2.0,0.3947486380162979,4.6682994037170795,0.08460760987989421,3.685609662939226,21.793019322745245,0.0,0.0,1.8438552769638261,PI,8.42253159338013,0.0,0.9409969942040437
3.0,1.0,0.6222259929170542,0.10765904615852914,4.62576600003757,6.27435273423747,2.3540340474101056,0.5055882621164312,0.25343306016887374,PID,50.58869883764293,0.0,0.9405801098702511
2.0,0.5051550094095301,3.0707937943227845,0.21069433213091965,3.102453736131706,9.429774527251325,0.0,0.0,1.9868000461643767,PID,9.789600608202594,0.0,0.9293477859279872
2.0,0.6774737712543137,2.2510049053419254,0.20713508010346707,3.049993564667907,5.06702308387341,0.0,0.0,1.0495582323642356,PID,10.759280463365032,0.0,0.9438826824128012
3.0,1.0,0.7959200619712559,0.05327766742993207,5.61362425120709,17.283126754187762,10.704025936397114,0.0,0.5702855340007327,Lead,6.273363275934969,46.548968350371794,0.6032891419264
3.0,0.10381170146331192,1.2029368539712917,0.3921406705757508,2.869967291185926,2.1014749349314084,3.79159261885787,0.0,1.4868376721089922,PID,32.10676514086851,0.004501892198871538,0.8393000942855858
1.0,1.0,2.0475797465650087,0.2465405984185187,2.0475797465650087,0.0,0.0,0.0,0.5048115360277761,P,0.8045630695587205,0.0,0.9330312410971375
1.0,1.0,0.46059722118998037,3.9063536718222736,0.46059722118998037,0.0,0.0,0.0,1.7992556462266158,P,3.5766760420447956,0.0,0.8761425042321173
3.0,0.8964769153231144,2.7932330793061753,0.06619100211282741,7.956087913215903,22.56589112198772,23.00035086205582,0.0,1.5224162725061086,Lead,2.5903734366199536,12.613045866919904,0.790479402634805
3.0,1.0,1.8536232880522314,0.06885944503696625,8.605976318633804,22.813379936652343,19.08687227202313,0.0,1.3143114321429719,Lead,3.4137635520769205,17.41657195090853,0.7781401932197239
1.0,1.0,1.4350623413841461,0.5283650790551859,1.4350623413841461,0.0,0.0,0.0,0.7582368274545545,P,1.1479689756708782,0.0,0.9284051323622227
3.0,0.11754986017022272,1.0995847063935544,1.1200496791831946,0.7085381768182669,1.325423704465609,0.5441205181047364,0.0,0.6094420117402036,PID,33.73137085603263,1.3533612290103747,0.8735599266421326
1.0,1.0,0.5512673147886058,2.13468608918263,0.5512673147886058,0.0,0.0,0.0,1.1767826683002987,P,2.988399641822299,0.0,0.9015818510149913
3.0,0.4338511512372582,2.409038141256421,0.04138608748053384,6.663059971506581,15.361974298378414,26.53768921821096,0.6840102044179761,1.0982911275160983,PID,20.53024686860527,0.0,0.9347949656486618
1.0,1.0,0.6913775840725891,1.9400287054486811,0.6913775840725891,0.0,0.0,0.0,1.3412923594045818,P,2.3827892081176376,0.0,0.9049540361725589
3.0,1.0,0.8606469686353733,0.17070811495912716,3.3864739053230677,8.719329843708838,5.633351433927317,0.8538383812730611,0.9616588041880284,PID,34.467920313832366,0.0,0.9304455096695846
1.0,1.0,4.041192529322564,0.4635160320126655,4.041192529322564,0.0,0.0,0.0,1.8731575257908224,P,0.4076536898722738,0.0,0.929412239844553
1.0,1.0,2.1441282872046936,0.73163622484779,2.1441282872046936,0.0,0.0,0.0,1.5687219256398002,P,0.7683341784601609,0.0,0.9249708775373099
2.0,1.0,0.7169077870201346,1.733820506017484,1.8007806831484985,0.7770369193744896,0.0,0.0,1.3472425447441445,P,4.1847033912210465,8.235224355348475,0.8304149524669374
1.0,1.0,1.6077127683605337,0.5964464010718259,1.6077127683605337,0.0,0.0,0.0,0.9589144946458623,P,1.0246899063584318,0.0,0.927253259327777
1.0,1.0,1.4542313649159873,0.8190869267260649,1.4542313649159873,0.0,0.0,0.0,1.1911418994376866,P,1.132836965153604,0.0,0.9234880832841804
3.0,1.0,1.1669914987872518,0.121397768929404,5.551086374414028,22.445031821585346,20.222597727877787,1.7060506675762321,2.4549782461211977,PID,25.55671019371643,0.0,0.940868395862799
2.0,1.0,3.090021564808122,0.08376948365150141,7.493941402715535,13.608207268820196,0.0,0.0,1.139952496331676,PID,6.529758832566864,0.0,0.9701116575464674
2.0,1.0,0.9433491748584122,0.3709433767372025,3.9516792041041118,2.837905650790714,0.0,0.0,1.0527023049658957,PID,24.198195553725725,0.0,0.9178625662040462
1.0,1.0,0.43874607450112874,2.26058177796215,0.43874607450112874,0.0,0.0,0.0,0.9918213811696757,P,3.754807488444827,0.0,0.8993828592920521
3.0,1.0,2.5539124028462474,0.022937280403013422,11.116180529140006,40.18098524110761,46.771591897716554,0.0,1.0728131182532352,Lead,2.479034986428754,18.650257533200833,0.7694461936575674
3.0,1.0,1.0533733163877186,0.08214348973254997,7.735291307672956,18.063859535085676,11.613762535269021,0.0,0.9539949835721444,Lead,5.168872789131973,31.251753908383616,0.7284324892446865
3.0,0.19993474452221244,1.2387004359988552,0.1577982464557773,4.463135694205221,3.4997120672419593,6.088134450608593,0.0,0.9606969404930432,PID,15.006364745999008,5.246131388274677,0.8758036723703294
3.0,1.0,1.7940857016368232,0.04042542155240556,7.843980464785304,29.815886235993002,34.019195703910455,0.0,1.3752403272043643,Lead,2.9049775503643542,42.548477998711626,0.6310437819857679
1.0,1.0,1.3587683181962849,0.6575342750589199,1.3587683181962849,0.0,0.0,0.0,0.8934367410782221,P,1.2124267426616795,0.0,0.9262186096287852
3.0,0.6458897204034468,2.903891659732343,0.01668397755117037,7.435803094287182,22.2542707281042,31.070840344134634,0.0,0.5183852027975409,Lead,2.1300942178191993,33.854074916315554,0.6938677219969815
2.0,1.0,1.0828853718512954,1.1242931739249467,2.6967222700432583,1.7476003696059448,0.0,0.876369393428847,1.9648151662966775,P,1.5058977666787683,0.35289207791832217,0.9183755830146804
2.0,0.40707490828992715,3.299571671323003,0.05144098318088425,2.6863456709997067,10.887173214197283,0.0,0.0,0.5600468941988959,PID,10.697436995082908,0.0,0.955582024701783
1.0,1.0,2.1530526075912975,0.4608411659584207,2.1530526075912975,0.0,0.0,0.0,0.9922152740521915,P,0.765149462792564,0.0,0.9295550878705134
3.0,1.0,0.39753536025152164,0.29608495721570605,6.098039704264509,13.028889382146417,4.2785686634174,1.4034122830216893,1.2668198196524016,P,4.728486623230733,0.0,0.9290691442426311
1.0,1.0,2.3012881619144463,0.4413657051300368,2.3012881619144463,0.0,0.0,0.0,1.015709672290776,P,0.7158629993960116,0.0,0.9298851463184947
3.0,0.4184509288496664,1.0558839028470643,0.3675629629111203,4.648002696234658,4.441322146212589,4.196818614843627,0.0,1.5425950848724674,PID,9.191630691893147,31.96690699669307,0.7785468752553588
3.0,0.8731837404651444,0.49899541786312684,2.4859108254444173,2.4016548701280764,1.582479871168866,0.38102068188878324,0.0,0.9471834378255399,PID,13.187972225489466,44.91904350458471,0.7289081726926604
2.0,0.7663763923986644,3.70002466486356,0.058850307890917775,5.671223108888425,13.6901825205987,0.0,0.0,0.8056714564200943,PID,5.970934722467641,0.0,0.9727628799647188
2.0,1.0,3.3245308324245713,0.16955685921986235,6.6817611856276375,11.161215820775228,0.0,0.0,1.8924606996456856,PID,5.437041389041882,0.0,0.9645238033998805
3.0,1.0,2.2000131726202286,0.043101845444624774,7.791268922017634,29.52060199925716,37.88371136744143,1.8502788426572696,1.632857872228235,PID,23.458006334656307,0.0,0.9308550856927209
2.0,1.0,2.253684643175954,0.10898959035919603,6.217176999851349,8.932461857584608,0.0,0.0,0.9735453587572896,PID,9.39007957568005,0.0,0.9638977163436644
3.0,0.12689509133870094,4.986023899704115,0.01996904168346549,4.33261632615473,28.74169692404646,76.2522326855207,0.0,1.5226840129544725,PID,8.47241821133505,1.3887094363614905,0.8773577720083586
1.0,1.0,3.6635803726344838,0.22508018415027378,3.6635803726344838,0.0,0.0,0.0,0.8245993449218982,PID,6.553667369481473,0.0,0.9351363576028139
1.0,1.0,4.179383627608075,0.1982768477277151,4.179383627608075,0.0,0.0,0.0,0.8286750111269519,PID,5.745562281021635,0.0,0.939716553718551
3.0,0.17653908475510796,3.9617875720515228,0.2603368781797964,2.5057603061467817,17.244170799643292,17.374259178901408,1.8952728931171559,4.523160395321865,PID,9.310922631187948,0.0,0.815634846739197
3.0,1.0,2.0608536713993497,0.08487697814652545,6.768595814961581,15.237500879379546,11.407923915936818,0.0,0.9682701089101944,Lead,3.4253895764957405,10.023424408668284,0.8043095191467362
1.0,1.0,3.501617887661591,0.16028402127784175,3.501617887661591,0.0,0.0,0.0,0.5612533960128216,PID,6.8571035899286485,0.0,0.9464051447820621
1.0,1.0,3.4727202831023307,0.23088722437285408,3.4727202831023307,0.0,0.0,0.0,0.8018067471888093,PID,6.914570329183909,0.0,0.9341268594722223
2.0,0.7491218960074045,2.897929907140607,0.0887264903831624,4.341805493067467,8.397997746699971,0.0,0.0,0.7451248663103944,PID,7.755569387123922,0.0,0.9674792832072419
2.0,0.33820737420326863,4.145130717070191,0.05801378223367389,2.8038275510992423,17.182108661598832,0.0,0.0,0.9967991102093166,PI,10.666296766464344,0.0,0.9419937505402528
2.0,1.0,0.3501308061190708,0.8415747742558998,2.7991469476000628,0.857475995815356,0.0,0.0,0.7216301676081611,P,3.8388113599579996,0.0,0.9246961770027059
1.0,1.0,1.8963534869748386,0.5680333122976737,1.8963534869748386,0.0,0.0,0.0,1.077191952493561,P,0.8687236094841364,0.0,0.9277372238864483
3.0,1.0,0.2292333424406084,0.5249090386499264,8.293097371329953,17.57035427089055,3.6039717128713433,0.0,1.8917573271248254,Lead,21.396785448300268,38.08782818118436,0.7257370518024534
2.0,1.0,1.915083117810436,0.2560126128599566,4.241070620755737,4.454459399128599,0.0,0.0,1.1403977896495046,PID,10.057626149280006,0.0,0.9498294940295583
2.0,0.2817278892813837,4.200937250228977,0.04155280738249278,2.3670423690210995,17.647873780361397,0.0,0.0,0.7333186999059018,PI,12.162780563600876,0.0,0.9393837822623565
3.0,0.8286446266556826,4.115817719760749,0.014274192969783713,10.567145690977961,42.492106302690246,63.45783925897488,0.0,0.905809443028124,Lead,1.7857367450640829,13.781486402323731,0.7846187312164752
1.0,1.0,1.8897945442084199,0.6911322409924183,1.8897945442084199,0.0,0.0,0.0,1.306097938354011,P,0.8717387036127048,0.0,0.9256513247307822
3.0,0.6112713522498502,0.3274951065659543,14.898614399591194,4.188405014558533,1.6238915014473867,0.406277564902691,1.2955993091277558,6.052972778690078,PID,10.383749361611828,70.23737124615262,0.7018605207681085
1.0,1.0,3.300548340401049,0.23871308083228382,3.300548340401049,0.0,0.0,0.0,0.7878840627730159,P,0.49913131884698697,0.0,0.9332300378021192
1.0,1.0,0.5049600718176148,3.025928086014587,0.5049600718176148,0.0,0.0,0.0,1.5279728636288634,P,3.2624501183484322,0.0,0.8877154317654937
2.0,0.14912998755518328,3.777734746954523,0.11871557138089338,1.1267470716002232,14.271279818347548,0.0,0.0,1.6942231379717414,PI,22.839023233787717,0.0,0.8403600089365558
1.0,1.0,0.8786884547732767,1.4539521533204827,0.8786884547732767,0.0,0.0,0.0,1.2775709709154532,P,1.874847720046216,0.0,0.9129987021089556
3.0,1.0,0.5020640622586232,0.6787742280154114,5.177065940586112,6.510563946511597,2.0903003009039143,1.176424473325056,1.4188419730664368,P,2.681198693866973,0.008032386025515563,0.92715269467378
1.0,1.0,2.9508614784392777,0.6771903307519642,2.9508614784392777,0.0,0.0,0.0,1.9982948605875244,P,0.5582800338475836,0.0,0.9258870042350239
3.0,0.42587916734415393,1.9467253451602557,0.10815096443168706,6.100558271362652,11.155889715878223,16.835610057726928,0.0,1.820787464538978,PID,6.399936227732953,25.376437585572464,0.7564437567895399
1.0,1.0,0.8872580023330294,1.260239129803772,0.8872580023330294,0.0,0.0,0.0,1.1181572527716102,P,1.8567395748821445,0.0,0.9162707786056274
2.0,0.3110571482400718,3.4172187339995923,0.1533429484752402,2.1259006286209234,11.677383875997766,0.0,0.0,1.7906444740227259,PID,12.677910795058883,0.0,0.911881889309214
3.0,1.0,0.3129349271517313,0.1762164339377169,3.9137019965160174,24.478153370585495,7.30745225698506,1.2602404493263246,1.287693177896028,PI,87.08089305477748,0.0,0.9357808602039919
2.0,1.0,1.9400906326579317,0.4170339263894508,6.339606171329105,8.535458884808959,0.0,1.6789502321759406,3.5595759322676033,P,0.550597443501854,0.0,0.9223245857280569
1.0,1.0,3.039140835582059,0.21444048013871914,3.039140835582059,0.0,0.0,0.0,0.6517148199914047,PID,7.900878866609055,0.0,0.9369310067980895
2.0,0.1980429304874578,1.837427603299459,0.22631316686309788,0.7277790942319416,3.376140197366794,0.0,0.0,0.7640649798398834,PID,33.83627675094839,0.0,0.8384682297895181
2.0,0.6074718044420551,0.984238652880508,0.9025627685236581,1.1957944609338798,0.9687257258240382,0.0,0.0,0.874335773039834,PID,26.77745071818785,0.0,0.8337198237993995
1.0,1.0,3.4329048850962463,0.2687376516760325,3.4329048850962463,0.0,0.0,0.0,0.9225507972479452,P,0.479887180450216,0.0,0.9327104120005303
2.0,1.0,1.1512593479496962,0.8922103673094303,2.821721286402683,1.923134922038171,0.0,0.0,1.715840915177269,PID,17.628649922414905,0.0,0.8761170557685406
3.0,1.0,2.6903083959382483,0.06762784673541317,9.224550196601339,35.60912321417955,48.50625402093554,1.0540853352796957,3.2803735126368476,PID,9.749468297077255,0.0,0.9620663376285813
2.0,0.5891698777048248,4.820533984581312,0.06024031213407761,5.6802268363354464,23.237547896503386,0.0,0.0,1.3998371385159425,PID,5.570409147758356,0.0,0.9649806307192839
1.0,1.0,1.5922296549132486,1.229322780995892,1.5922296549132486,0.0,0.0,0.0,1.9573641873620844,P,1.0346541662373245,0.0,0.9167912276495146
2.0,1.0,2.3830052351218383,0.06401424106215228,5.803427765780855,8.150884796889123,0.0,1.0253452948518293,0.5217727042578925,PID,31.404587962888627,0.0,0.8860100398380758
2.0,1.0,1.6532233195791308,0.2060711692674615,6.072441966632184,7.305955321627043,0.0,0.0,1.5055467557435176,PID,13.590618882033981,0.0,0.9443106103055181
1.0,1.0,0.9165028843579344,2.0667214171873773,0.9165028843579344,0.0,0.0,0.0,1.8941561400165488,P,1.7974924838525945,0.0,0.9027679786321361
1.0,1.0,0.6857573404485183,1.1112181560937584,0.6857573404485183,0.0,0.0,0.0,0.7620260073809623,P,2.4023177717428834,0.0,0.918778448979511
2.0,1.0,1.3861725841712955,0.43947482364136153,4.765062842561471,4.6837250411039255,0.0,1.8188573283499663,2.0583792364237765,PID,23.32139198294245,0.0,0.8672132482496862
1.0,1.0,0.29000281633414,4.3166814726621086,0.29000281633414,0.0,0.0,0.0,1.2518497842894143,P,5.680658784239098,0.0,0.8701169508086771
1.0,1.0,4.341088703662086,0.22781994002774947,4.341088703662086,0.0,0.0,0.0,0.9889865681234371,PID,5.531424949080559,0.0,0.9346525911941558
1.0,1.0,4.914707981915061,0.30828035964890516,4.914707981915061,0.0,0.0,0.0,1.51510794423412,P,0.3351993754511296,0.0,0.9320830340280042
1.0,1.0,4.283315033351151,0.3801278672746888,4.283315033351151,0.0,0.0,0.0,1.6282074084933855,P,0.384610292083448,0.0,0.9309297340235881
2.0,0.7380931503460819,1.8243979680571052,0.5786162739302739,2.6931512874565184,3.328427945850894,0.0,0.0,1.92588257607364,PID,12.452263811628274,0.0,0.8997339264497207
3.0,0.4797895216234516,3.1844549386118226,0.08411745439602027,4.669917531036842,15.073265549137858,16.369014352732254,0.0,1.3769198183237565,Lead,2.707685916014049,19.9974774450554,0.7399181281222685
2.0,1.0,3.241298172520934,0.09146237307531103,7.834552179932471,14.888105820147471,0.0,0.0,1.3617014889070376,PID,6.215733007837911,0.0,0.9691267362214525
1.0,1.0,2.479987763428995,0.5231818728449451,2.479987763428995,0.0,0.0,0.0,1.2974846427033282,P,0.6642803123289593,0.0,0.9284969644901804
2.0,1.0,2.830686127244637,0.045325142231613526,7.40066535843644,12.936176811530748,0.0,0.0,0.5863340539159319,PID,7.341913899759351,0.0,0.9748274887776175
1.0,1.0,3.0701624629748325,0.37253002035290644,3.0701624629748325,0.0,0.0,0.0,1.1437276848187437,P,0.5365862770878763,0.0,0.9309734230898251
1.0,1.0,0.42619959965874743,3.675112612373114,0.42619959965874743,0.0,0.0,0.0,1.5663315240942346,P,3.865341608442777,0.0,0.8789845734929036
3.0,1.0,1.2888391262347154,0.12029207723982306,5.715522826286834,17.015153399668964,14.576603287714295,0.0,1.7534498885799867,PID,4.300891128309532,38.162174812244864,0.6213307003550946
3.0,0.3774765983123466,2.381671507207902,0.027713174934100103,5.07794977645239,11.569783728414782,18.604766631440206,0.0,0.5155971522652107,PID,6.248858273543051,12.46731029878083,0.7776850708052772
2.0,1.0,3.7272783391276914,0.12940488303912862,7.617182494655259,14.498755500180694,0.0,1.131910340827286,1.8762097597138054,PID,10.17489589430313,0.0,0.92443675020884
3.0,0.20076338187627632,0.634308818380284,1.5075632362204052,3.664426828712354,1.2707797561547198,1.3718989010258582,0.572162792025002,2.06822434699776,Lag,70.85156421586231,14.654544031399688,0.698416176734797
1.0,1.0,2.900974654608814,0.37476128709123857,2.900974654608814,0.0,0.0,0.0,1.0871729953802605,P,0.5678805374756909,0.0,0.9310184303792657
1.0,1.0,3.962967584986697,0.26831899097903716,3.962967584986697,0.0,0.0,0.0,1.0633394636862623,P,0.4157003585655471,0.0,0.9326539533248079
3.0,1.0,0.5900705309481086,2.9734892117424616,4.168405665050979,5.065648292252077,1.7431734870473174,1.1673512269502477,5.183307557930686,Lead,8.238651653370042,30.694608209181204,0.6654895577899028
3.0,0.2805986069247647,1.6570828656270742,0.055688182524578064,5.506933884109403,7.002290834403238,12.568047383080748,0.0,0.6998917166465464,PID,8.352209633637953,13.149091878548136,0.829618919258025
2.0,1.0,0.2739039438107353,1.1488004767211422,2.4828516735866706,0.6050394948573992,0.0,0.0,0.6950696601272992,P,5.109384721108337,0.0,0.919506565024852
1.0,1.0,3.5409966148356466,0.25013100888064643,3.5409966148356466,0.0,0.0,0.0,0.8857130557117942,P,0.4652382437081413,0.0,0.9330314797154691
1.0,1.0,4.4810633688407195,0.33156296069533814,4.4810633688407195,0.0,0.0,0.0,1.485754637636255,P,0.36763752494953117,0.0,0.9316823653680733
3.0,0.5591424563954572,2.8809607113622193,0.020603161003807796,7.59221293476543,22.38045623224134,36.27468196626691,0.0,0.7473731129129203,PID,4.442893440869714,31.516519579122686,0.6839728335547027
3.0,0.4319831426991838,4.377633165695087,0.04638068610505979,7.603397197291785,33.61620133906765,73.22956028285684,1.1308520150559687,3.3964372490907366,PID,8.724303280610133,0.0,0.9521503225121145
3.0,0.7847036639711561,1.2178027469709725,0.0990490416184981,6.393018232046513,10.048767939022841,6.646689185614838,0.0,0.6583481937711853,Lead,4.844633785752314,30.846954138200804,0.7268966821114501
1.0,1.0,2.7652109707608608,0.6449447111822734,2.7652109707608608,0.0,0.0,0.0,1.7834081908954174,P,0.5957617930357474,0.0,0.9264303479266235
1.0,1.0,1.5972711857473998,0.429379757208616,1.5972711857473998,0.0,0.0,0.0,0.6858359139325367,P,1.0313884459712148,0.0,0.9300867853323835
3.0,0.18651924762859654,4.17127010217545,0.0669794982042368,5.855670306061459,24.08990286514767,74.81131764867727,1.304465932887437,5.010824516106169,PI,18.016145642148164,0.0,0.8915561457943365
1.0,1.0,4.538538540684905,0.387559859266104,4.538538540684905,0.0,0.0,0.0,1.7589553581016306,P,0.3629818346356936,0.0,0.930802889963523
2.0,0.7873179888546378,3.1956100371235094,0.1933532156604603,5.031922535183552,10.211923509364519,0.0,0.0,1.9745082486142824,PID,6.777269257434666,0.0,0.953643721700013
3.0,0.8353586028675212,1.2320006563997812,0.14820638690324536,7.042756725216621,11.77740515315002,7.5654986248294565,1.6450805812149252,1.1212552163074452,PID,29.2381991187437,0.0,0.9229279015883222
3.0,0.8910466698785995,0.6222325455047828,0.9429743050598306,5.151035574252806,4.8694284744184255,1.5650162419913387,0.0,1.4757701031991304,Lead,8.993148201819487,23.655818833432658,0.7728608307903412
3.0,1.0,1.6338729198772741,0.022518361594038288,7.939374233250731,30.248276006770798,32.58904653503944,0.0,0.7338519338809586,Lead,3.194438661780527,43.02572503428579,0.6274860592290339
1.0,1.0,4.771024629275031,0.2974441226613681,4.771024629275031,0.0,0.0,0.0,1.4191132350504905,P,0.3452941818732421,0.0,0.9322122879998664
3.0,1.0,2.0276142785342284,0.05752261961180746,9.282462310488349,27.743071768884526,26.425974571455683,0.0,1.5200912831451419,Lead,3.049595720730972,19.956952078072778,0.7647860339202606
3.0,0.9490405822177047,1.1607596254939676,0.08496991978609417,7.052738253797885,12.031907881374543,6.534066431954413,0.0,0.555199100600177,Lead,5.491880216622677,17.736860197896583,0.7855888530385736
3.0,0.22715396050136272,3.1645977693207366,0.02250398618325726,5.251553690947559,15.497860849478085,38.194502265610296,0.0,0.8595285512616823,PI,14.895654519910588,0.0004015567481974181,0.8661900120100323
2.0,0.9106947252596181,0.676091299975065,4.151691693510394,1.2314255613624199,0.45709944590197327,0.0,0.0,1.8977359726594256,P,5.212924223321964,13.171390129815155,0.7443039422382542
3.0,0.6485133154863598,1.9845142747598505,0.22896096797127322,4.461452921371439,8.796622788242335,7.4334765632949855,0.0,1.7019759893237931,Lead,3.1653362985936333,28.295573237656882,0.71492021835227
2.0,1.0,1.3654444651773305,0.15933383230668902,4.095150301780733,3.7272617261523706,0.0,1.5617379562547566,0.5938788948379021,PID,47.034666758655064,0.0,0.8532418427372741
3.0,1.0,0.6205899747513772,0.1152969091186847,8.025462258513993,16.689412769535615,7.505429593238752,0.0,0.8653528337083352,Lead,8.245751070341528,36.87071557046137,0.7246670353747959
2.0,1.0,4.110398077187725,0.0657455874054903,8.530682189892854,18.169127317486613,0.0,0.0,1.1945399481332977,PID,4.495210231272941,0.0,0.9763643435342806
3.0,1.0,0.8357667110921799,0.14430646058357016,5.994556249703851,19.740995976602765,12.895421859477802,0.0,1.8608926862732422,Lead,5.984418978725015,46.58169489640965,0.6037045782520744
3.0,1.0,2.101504376423837,0.06078234188734244,6.9860554597315465,20.153719640842393,20.781386239937085,0.0,1.2631413233287696,Lead,2.725730582842539,28.32518862040984,0.7131599857350661
2.0,1.0,0.5002485741310132,0.6068375484398606,4.685913409076106,2.0938728654716052,0.0,0.0,1.270640676427535,P,2.7909140275821995,0.0,0.9279932208179007
3.0,0.7377207726617284,3.4913471323967427,0.02873373994873902,7.86468902209856,26.167037819072753,33.07512926056322,0.0,0.9503721629439523,Lead,2.062258292934427,15.858467110933441,0.7732339477063028
2.0,0.7193809061379303,2.2272374124910943,0.31878837064847654,3.2044641359642854,4.960586491600026,0.0,0.0,1.5813772851180148,PID,10.399379134191086,0.0,0.9311208358279386
1.0,1.0,1.0351402835340873,1.0137037886477265,1.0351402835340873,0.0,0.0,0.0,1.0493256272003861,P,1.5914819201491937,0.0,0.9204274349927968
2.0,1.0,1.391225015441092,0.3978140792612666,4.113082293129956,3.7867159331811386,0.0,0.0,1.5064089123824227,PID,15.49845759449681,0.0,0.9212575419026129
1.0,1.0,1.6321951551926368,0.6122430413699953,1.6321951551926368,0.0,0.0,0.0,0.9993001259245113,P,1.0093198970855775,0.0,0.9269831273958083
2.0,1.0,0.6626887398562133,0.41544738357069666,5.057848368369235,2.9126227956861963,0.0,0.0,1.210041519796198,P,1.9865451295439729,0.0,0.9313829695840738
2.0,0.39621412746043844,2.071870949161525,0.8127858502053127,1.6418090806653278,4.29264922997948,0.0,1.193413040420423,3.4890045540220527,P,2.8544400793486897,28.631901936419062,0.8082364275275163
1.0,1.0,4.718451089826372,0.17573778514522004,4.718451089826372,0.0,0.0,0.0,0.8292101438421363,PID,5.087704834286257,0.0,0.9437080834839613
3.0,0.9854266492383611,3.9910864919923803,0.01147794373821113,12.211126312549101,50.108077232003296,69.21497707152653,0.5650134155618959,0.794445612668555,PID,8.707146769186709,0.0,0.9657547125703404
2.0,1.0,2.665848997601865,0.22102593759416675,5.527208431185191,7.6279521777967485,0.0,0.546000467696045,1.6859752820209926,PID,8.772863374612978,0.0,0.9378720913229365
3.0,1.0,1.794164087898659,0.02486788294997959,9.68550846536925,29.678124042605003,27.844991299791573,0.0,0.6924459843864168,Lead,3.2551814446782092,24.580820399214275,0.7486255361741692
1.0,1.0,3.2581203832555454,0.28670647196917054,3.2581203832555454,0.0,0.0,0.0,0.9341242003340392,P,0.5056311161886858,0.0,0.9323978654093877
1.0,1.0,0.7732781189419373,0.947205761785994,0.7732781189419373,0.0,0.0,0.0,0.7324534897248383,P,2.1304198395225873,0.0,0.9213255073102693
1.0,1.0,2.493396352728235,0.5659261427090269,2.493396352728235,0.0,0.0,0.0,1.411078180144246,P,0.6607080515939808,0.0,0.9277684243107853
1.0,1.0,1.0467309193011918,1.4987088721828736,1.0467309193011918,0.0,0.0,0.0,1.5687449155448316,P,1.5738591606355103,0.0,0.9120060419128341
3.0,0.79883346098944,1.350443519048305,0.06422546594276857,6.964665338481243,12.195313084732025,8.766708872921523,0.0,0.5630459621479883,Lead,4.429469212978914,29.403760606717317,0.7322146580295592
1.0,1.0,1.450732718842284,0.508071147155536,1.450732718842284,0.0,0.0,0.0,0.737075436678269,P,1.1355689608884514,0.0,0.9287505009058316
3.0,1.0,2.6851509779559857,0.008597225434516775,8.72635681749228,39.670758759882204,62.964666456674145,0.0,0.5413214319371842,PI,5.472772777244272,31.20952813789415,0.6333450077896499
3.0,1.0,0.49342113132844057,0.526692041533813,3.993166402399057,3.8084595123275182,1.0271109736753974,0.0,0.5409711756068775,Lead,11.290058902836412,24.38550097754856,0.7615346946337015
3.0,1.0,2.431381394517857,0.06477393163078522,8.874379924893036,26.042628522593496,25.231032568261,1.941758586345024,1.6343131785506533,PID,16.763518916300388,0.0,0.9408080989706104
1.0,1.0,0.7030289078882968,1.8399185091772587,0.7030289078882968,0.0,0.0,0.0,1.2935159001103513,P,2.343299155380342,0.0,0.9061299618201896
2.0,0.8101613642891932,3.094555230723221,0.1882990081610332,5.014178175181969,9.576272075996451,0.0,0.0,1.8032025337903304,PID,6.8486502185217555,0.0,0.9554352064165108
1.0,1.0,1.6059331419793619,0.7463742052768562,1.6059331419793619,0.0,0.0,0.0,1.1986270725726107,P,1.0258254238605042,0.0,0.9245853405364869
3.0,1.0,1.012641353693361,0.26279269479836653,6.7970059262210984,12.682284610090411,6.911072522479884,0.0,1.8161793721294333,Lead,5.60638444687025,24.591041143058632,0.7560783902483993
1.0,1.0,0.4204975861122696,4.729368563203966,0.4204975861122696,0.0,0.0,0.0,1.9886880646625205,P,3.917756249908092,0.0,0.8647917532178924
2.0,0.3381041015462138,1.4718779271950968,0.3968362450892776,0.9952959283200035,2.166424632564135,0.0,0.0,0.8597158164556693,PID,27.715071598587496,0.0,0.8495456841952271
1.0,1.0,2.0901022947219428,0.7097307521315214,2.0901022947219428,0.0,0.0,0.0,1.4834098736648231,P,0.788194458339549,0.0,0.925333696685012
3.0,0.13317465031380457,4.135743327244029,0.013623691485675353,4.154301997765899,20.46713640322722,52.21536837399676,1.5011434633766938,0.7113660695382218,P,6.26168282422832,397.7829293975162,0.7374181935690641
3.0,0.40885755378019517,3.364627871062875,0.021028308630576857,5.138862549324439,17.88961899138735,27.02884908560166,0.0,0.5683709805013168,PI,7.746905332039152,3.778363751777203,0.7999612283693022
2.0,1.0,0.561362078135779,0.608281964382332,3.382412859297861,1.5836309290397088,0.0,0.0,0.9632941323728914,P,2.1866586746171506,0.5017877231682738,0.9254541659513783
2.0,0.542828095011738,1.0312991182959526,1.4494232741078181,1.119636271543754,1.063577871398009,0.0,0.0,1.5415745206303262,P,7.229075802665268,27.929563784572057,0.7531762210374812
1.0,1.0,3.9094216086808093,0.2378141487801036,3.9094216086808093,0.0,0.0,0.0,0.9297157720909699,P,0.4213940605445493,0.0,0.9332451377558548
1.0,1.0,3.180145796405195,0.5341970711836873,3.180145796405195,0.0,0.0,0.0,1.6988245703767701,P,0.5180287796631282,0.0,0.9282098717416026
1.0,1.0,0.4246637207142582,3.0687064093831067,0.4246637207142582,0.0,0.0,0.0,1.3031682815883214,P,3.8793213681916914,0.0,0.8871189864805632
2.0,1.0,1.2609065309320073,0.16633168957449299,6.112067489541192,6.116860535312699,0.0,0.0,1.0174277477300988,PID,18.336132199694585,0.0,0.947348820987581
3.0,1.0,1.8154096442596388,0.05320589567670402,8.591064324718563,23.163843959366396,19.721258088008543,0.0,1.049287200443938,Lead,3.3996197876569165,19.4281373731226,0.7689659245309507
1.0,1.0,0.4050747035860601,2.6341379788921553,0.4050747035860601,0.0,0.0,0.0,1.0670226610045233,P,4.066921561574656,0.0,0.8935274329716639
2.0,0.7121658781448408,0.8086830531332807,2.847107307110472,1.1518329533510276,0.6539682804249641,0.0,0.0,1.8619178698163856,P,6.663538858637254,19.866222556785157,0.7536937572592909
3.0,1.0,2.006147572872953,0.03305924668418953,10.456555913117928,34.79329314499978,35.790729866463494,0.0,1.1832145676626067,Lead,2.94674080927444,23.7611006493418,0.751064551882678
1.0,1.0,2.9320324483461264,0.2505576779903778,2.9320324483461264,0.0,0.0,0.0,0.7346432420500478,P,0.5618652163934489,0.0,0.9330251485289802
1.0,1.0,0.4926000027097087,2.5334992758389085,0.4926000027097087,0.0,0.0,0.0,1.2480017501432914,P,3.344309859927943,0.0,0.8949299785894207
2.0,1.0,3.9576106589806423,0.09105459876186386,8.27236512021209,17.076118246653856,0.0,0.0,1.554859095359209,PID,4.699950705387559,0.0,0.9727400301345462
2.0,0.20722880568381474,3.2426808655032895,0.1568754111684943,1.3439537659440108,10.514979195501164,0.0,1.7349382421626254,1.6495416847224083,P,3.8151544916079545,182.43776113097934,0.7603550354439114
2.0,1.0,4.487763134595106,0.35311431272900273,9.386849176117085,21.985937730351807,0.0,1.757955702182968,7.763549291355829,P,0.33503036777406137,0.0,0.929437936276248
3.0,1.0,0.9280909621591589,0.05920534797040426,3.2927287877606783,23.741850703252137,19.99780957005675,0.0,1.1839772742410903,PI,4.74820393809997,3.8108932991147038,0.8259252605466983
1.0,1.0,0.29904458255622757,6.658323944979986,0.29904458255622757,0.0,0.0,0.0,1.9911357046506741,P,5.508901154405157,0.0,0.840618655997518
1.0,1.0,4.407954775207814,0.42389429776712373,4.407954775207814,0.0,0.0,0.0,1.868506894025956,P,0.37373501546075705,0.0,0.930180627314638
1.0,1.0,1.2564875491781073,0.9063359505695466,1.2564875491781073,0.0,0.0,0.0,1.1387998372631398,P,1.3111208679626083,0.0,0.922017043025598
1.0,1.0,2.375932971094433,0.2139787462363366,2.375932971094433,0.0,0.0,0.0,0.508399158296361,PID,10.103487890631067,0.0,0.9370331912579404
3.0,0.18550864763316918,2.1459338981396563,0.23763725646143785,3.533894767198156,6.784743302341529,12.607271407786588,1.147772001702046,2.995957388811134,PID,31.093299717538287,0.0,0.8178284904799957
3.0,0.13402064630163957,0.43002165025966593,6.363614058352016,4.390778672442547,0.6777297081549821,0.7906223532534247,1.7122772150568872,5.031215522010847,Lag,53.445116369153325,58.606692271487084,0.6664522324382254
1.0,1.0,3.248543369479862,0.3400646853156283,3.248543369479862,0.0,0.0,0.0,1.10471487867634,P,0.5071217646468987,0.0,0.9316107924686324
3.0,0.3958494691779282,2.1866661953843503,0.040110623832213595,6.107305533538688,12.357373503962986,20.924477600813095,0.0,0.8392938499317932,PID,6.090303770333318,20.4772846400657,0.7710231858104007
1.0,1.0,0.8550567898049073,2.196202867451833,0.8550567898049073,0.0,0.0,0.0,1.8778781736036967,P,1.9266638961354698,0.0,0.9002000111419702
1.0,1.0,0.441660061935049,1.175721822251172,0.441660061935049,0.0,0.0,0.0,0.5192693728338413,P,3.7300339968364162,0.0,0.9175105233294198
1.0,1.0,4.092195285971004,0.3140613020968444,4.092195285971004,0.0,0.0,0.0,1.285200179946622,P,0.4025729299162003,0.0,0.9319852166299982
1.0,1.0,3.204047779409535,0.3235274828874849,3.204047779409535,0.0,0.0,0.0,1.0365975131236023,P,0.5141643194741017,0.0,0.9318953298741322
3.0,0.17412740614229485,2.9917094388860104,0.4984375521164421,2.162969715251239,10.118366098167407,10.034142696698666,1.237414383976993,5.001393523329558,PID,8.346585080580407,15.469257814600903,0.8202193625550667
1.0,1.0,1.3592405707862865,0.7525817408816258,1.3592405707862865,0.0,0.0,0.0,1.022939635039278,P,1.2120054988570763,0.0,0.9246099242608056
1.0,1.0,0.5184998948316888,1.3012942348210836,0.5184998948316888,0.0,0.0,0.0,0.6747209238998149,P,3.177256278127844,0.0,0.9155839527820141
3.0,1.0,0.5123726104520757,0.45732466509916037,5.62367444592035,8.839086879743915,3.1870579675090465,0.0,1.4575202176426854,Lead,10.105982948405506,36.194590786828705,0.7168969716142933
2.0,1.0,1.14928218395967,0.2340444555149225,5.403986461788798,4.889855824526011,0.0,0.0,1.1444436439976626,PID,20.073350736399657,0.0,0.9370728482462894
1.0,1.0,4.840367314461459,0.4069238311294889,4.840367314461459,0.0,0.0,0.0,1.9696608116746124,P,0.3403475271681734,0.0,0.9304737512332611
1.0,1.0,1.9650262631958446,0.7127040647244458,1.9650262631958446,0.0,0.0,0.0,1.400482205069967,P,0.8383638819072724,0.0,0.9252883156767335
1.0,1.0,0.6072214859909331,1.7686845418003576,0.6072214859909331,0.0,0.0,0.0,1.0739832557212057,P,2.713024957234812,0.0,0.9073600461647984
2.0,1.0,2.1756119495910586,0.08306517598346286,6.036432070619118,8.399646390530243,0.0,0.0,0.6977181056282532,PID,9.74563702076745,0.0,0.9679171992515411
1.0,1.0,4.343127344772068,0.11526840813389255,4.343127344772068,0.0,0.0,0.0,0.5006253753546558,PID,5.52688296788736,0.0,0.9546900728659098
1.0,1.0,1.9490451483058076,0.7851780060653533,1.9490451483058076,0.0,0.0,0.0,1.5303473832781047,P,0.8452380118000888,0.0,0.9240637139190163
1.0,1.0,1.8401806173957234,0.32576651485431285,1.8401806173957234,0.0,0.0,0.0,0.5994692264314625,P,0.8952420379223797,0.0,0.9318599657874265
1.0,1.0,1.375908123152779,0.36930496388302436,1.375908123152779,0.0,0.0,0.0,0.5081296997272969,P,1.1973234392189749,0.0,0.9311133386477313
1.0,1.0,2.7670491832659287,0.24393092692324972,2.7670491832659287,0.0,0.0,0.0,0.6749688721162791,P,0.5953660151852405,0.0,0.9331410574775493
1.0,1.0,3.2777111850675897,0.4843848172064392,3.2777111850675897,0.0,0.0,0.0,1.5876735332344658,P,0.5026089710306916,0.0,0.9291528512718092
1.0,1.0,1.4645870089089081,0.6785465804030363,1.4645870089089081,0.0,0.0,0.0,0.993790506597851,P,1.1248270236193751,0.0,0.9258594680298826
3.0,0.2684826596885066,2.3916658904081984,0.15123074222190575,2.398736328225681,7.151346217743308,6.3749828813977825,1.460256872162374,0.9640933928057299,PID,30.923285651831737,0.0,0.8387017025430245
1.0,1.0,3.1379948235291013,0.4701232541097174,3.1379948235291013,0.0,0.0,0.0,1.4752443378169495,P,0.5249871777066468,0.0,0.929396517070625
2.0,0.7525521038511931,4.616591547976031,0.07420116200390856,6.948451364101995,21.31291752084373,0.0,0.0,1.5814432457400667,PID,4.856616357271556,0.0,0.9699277003133596
3.0,1.0,0.6657457305601205,0.31915993608684384,2.217877341136634,3.691048838958614,1.7693683034489671,0.0,0.5647114746428598,PID,9.140517990290437,21.67776031915598,0.7419024518367842
1.0,1.0,4.671194909478525,0.3283967636993957,4.671194909478525,0.0,0.0,0.0,1.5340052908818393,P,0.35267358309536273,0.0,0.9318116206157092
1.0,1.0,2.896865345916651,0.3492233633021941,2.896865345916651,0.0,0.0,0.0,1.0116530591345867,P,0.5686860966405477,0.0,0.9314569464762104
1.0,1.0,4.479563726423993,0.3300701343289361,4.479563726423993,0.0,0.0,0.0,1.4785702009157968,P,0.3677606005122569,0.0,0.9317068471050286
2.0,1.0,1.8593457471241193,0.4401460852970571,4.268327361388173,4.479129719382064,0.0,0.0,1.9714714115237213,PID,10.569111984072151,0.0,0.9267978655633304
2.0,0.47873413156425226,2.312133320115699,0.2918404259039237,2.213794274132721,5.345960489989249,0.0,0.0,1.5601673862640109,PID,13.524337235842923,0.0,0.9088521256474071
2.0,0.48340926302220955,2.0460611569855964,1.121174454721336,1.9781698319935532,4.186366258125236,0.0,1.717071427284147,4.693646906717362,P,2.5584903105241374,21.22238526833197,0.8157540536013007
2.0,0.7403181596355068,3.7217609344783393,0.32618157262290337,5.510574411232656,13.851504453409074,0.0,1.4164235496829043,4.518105505806122,PID,8.658763881385235,0.0,0.8909826233237755
2.0,1.0,0.8531470968005181,0.5846253778204074,1.9883719184558273,0.968513760811113,0.0,0.0,0.5662177233384605,PID,23.201886912138608,0.0,0.9102420220619715
1.0,1.0,3.9834514015986717,0.18151886845809348,3.9834514015986717,0.0,0.0,0.0,0.7230715909759973,PID,6.026225818787977,0.0,0.942671791773187
2.0,0.5502688119481293,4.95191539689749,0.05457220095391183,5.449769204636861,24.521466098030416,0.0,0.0,1.338190375586252,PID,5.700727122143729,0.0,0.9653084534745584
2.0,0.4522324608161354,3.48356675684101,0.05112212210707058,3.1507639337269877,12.13523734936779,0.0,1.7690757457677238,0.6203790855726636,P,1.6428993250418482,351.618713870684,0.779745345891141
1.0,1.0,0.3551785560551972,4.575092325879175,0.3551785560551972,0.0,0.0,0.0,1.624974686124979,P,4.638250305310075,0.0,0.8669141481853105
2.0,1.0,0.945918397913951,1.1748314717428576,2.33477280122673,1.3137429321173602,0.0,0.0,1.5434265424312155,PID,21.483644668912717,0.0,0.8494335477032389
2.0,0.495742923559342,2.350887052933051,0.3788208324812709,2.3308712411576735,5.526669935648247,0.0,0.718903530172551,2.093617705871481,PID,16.090452931157746,0.0,0.8567581140015782
2.0,0.37732315883924555,2.582049321619146,0.17258552802787225,1.9485340126241348,6.6669786992738915,0.0,0.0,1.1506240391647613,PID,14.470659248869282,0.0,0.9210170943627034
2.0,1.0,2.551690879791021,0.10990336807718348,6.680485618400018,10.53540787903773,0.0,0.6126340709497864,1.1578768099731427,PID,12.417395967900058,0.0,0.9401261375178375
2.0,1.0,2.916391576635945,0.06218487325598791,7.1395933403610465,12.316510050161952,0.0,0.0,0.7659006164254223,PID,6.946052213385475,0.0,0.9731513394033344
2.0,0.2486640046227449,4.020934282333386,0.5655280189922002,1.999723241939805,16.167912502843897,0.0,1.9452820460887648,9.143407528972535,P,2.1992098105529196,50.64127562422238,0.7804114186558148
2.0,0.28220076380851705,4.2162258425310455,0.05825232372338218,2.379644306302939,17.776560355226614,0.0,0.0,1.0355259485009025,PI,12.10454416117426,0.0,0.9327142811003968
2.0,1.0,3.3242524463536007,0.14226981198805952,7.9391840400925116,15.341197640241095,0.0,0.8679925493360852,2.1825893039487627,PID,9.090279778043959,0.0,0.9350796813489013
1.0,1.0,0.8643334352777692,0.6727327557381796,0.8643334352777692,0.0,0.0,0.0,0.5814654137910611,P,1.9059855593034953,0.0,0.9259655332927387
3.0,1.0,0.5582222296126961,0.07437393444146627,6.979160825977474,13.194706130688896,5.364736387404152,1.1919736275965445,0.398996552372545,PID,70.38073701594757,0.0,0.937054985607074
1.0,1.0,3.049849793631347,0.17664000779388042,3.049849793631347,0.0,0.0,0.0,0.5387254913172057,PID,7.872108168132736,0.0,0.9435249488957826
1.0,1.0,0.36986980334229697,4.300764025296145,0.36986980334229697,0.0,0.0,0.0,1.5907227442579106,P,4.454018768701735,0.0,0.8706943783053941
2.0,1.0,0.4847895954798436,0.49002299301125524,4.284415970683485,1.8420193334095178,0.0,0.0,0.9026318269419291,P,2.8384684914911955,0.0,0.9299574002989923
1.0,1.0,2.0698205993587915,0.3043542945886854,2.0698205993587915,0.0,0.0,0.0,0.629958788442975,P,0.7959177943117192,0.0,0.9321537846816813
3.0,1.0,1.8056276477152178,0.08931245029133289,8.903761556469787,24.553739080163623,21.192926603224542,0.0,1.8927922037783584,Lead,3.375460811550648,20.20091239235026,0.766751267278586
3.0,0.815999975903278,4.041277042830491,0.011343037205796795,11.552307003261447,49.024763670391565,80.9563982464957,0.0,0.918291437357303,Lead,1.7185276189889,19.392083776501508,0.7596544211265975
2.0,0.5641235304090758,2.648004278284663,0.331297639874154,2.987603044008562,7.011926657813879,0.0,0.6333007462703597,2.323034752704403,PID,12.549982251570919,0.0,0.8861454968251022
3.0,0.23952886725158637,3.6342778004162404,0.034159585147386845,6.0143832718176355,20.64800856559515,56.44235840426562,0.0,1.928047547829837,PI,11.59460966673144,0.003552297341236077,0.8657311458775431
3.0,1.0,2.5459543968152163,0.03522434710533641,8.765094309569527,25.271151955109264,24.027458240350054,0.0,0.8463515291170658,Lead,2.751964839650464,10.604831457449755,0.802677744151403
1.0,1.0,2.0168316631454255,0.8914281533558097,2.0168316631454255,0.0,0.0,0.0,1.797860525107253,P,0.8168292258429415,0.0,0.9222653577793047
1.0,1.0,3.0683612524814716,0.2530440614593258,3.0683612524814716,0.0,0.0,0.0,0.7764305933523353,P,0.5369012676490765,0.0,0.9329819800493419
1.0,1.0,4.263390070032186,0.3210041559181079,4.263390070032186,0.0,0.0,0.0,1.3685659307803246,P,0.3864077691699867,0.0,0.9319381238612141
1.0,1.0,1.399158433528726,0.8256870852508305,1.399158433528726,0.0,0.0,0.0,1.1552670487844516,P,1.1774270923041879,0.0,0.9232325570944628
2.0,1.0,2.4535497521593266,0.16470747137974792,5.097754342928708,6.48768751834077,0.0,0.0,1.0685706062478602,PID,7.541967331594866,0.0,0.9638109942541778
1.0,1.0,1.8173491115437714,0.3996918524790507,1.8173491115437714,0.0,0.0,0.0,0.726379632994087,P,0.9064890370255817,0.0,0.9305936425807773
2.0,1.0,4.390548386641361,0.05899250325244141,8.93739310300667,19.963141733746504,0.0,0.0,1.1776757036569894,PID,4.152782932584102,0.0,0.9777848384275647
2.0,1.0,3.6898431112093055,0.08688243514726439,8.472426688358256,17.646983065925813,0.0,0.0,1.5332128617701724,PID,5.326427346417144,0.0,0.9709214385438876
1.0,1.0,3.9081819797811055,0.480761617988255,3.9081819797811055,0.0,0.0,0.0,1.8789038919921062,P,0.421527721734923,0.0,0.9291202820777572
1.0,1.0,2.279314667052347,0.3994225943693792,2.279314667052347,0.0,0.0,0.0,0.9104097776982262,P,0.7227642018348737,0.0,0.9305131260379095
3.0,0.9390604874921551,1.842436339645724,0.11415036876372613,6.098554383121755,12.523708235380886,8.955681337729954,0.0,1.0222943272322944,Lead,3.7503594363404824,13.847724399409975,0.7852883548682839
1.0,1.0,2.6962461373805495,0.2572366723986125,2.6962461373805495,0.0,0.0,0.0,0.6935733843473848,P,0.6110002433468833,0.0,0.9328448451982326
2.0,1.0,1.923261594290231,1.0132524420939,4.199638058089373,4.3780674269710955,0.0,1.5530825936428745,4.43608751203022,P,0.8943479562540655,0.13863264679246223,0.922618196125337
2.0,0.7263977903981176,4.874659975587079,0.04694290356066001,7.081884470417189,23.762309877590614,0.0,0.9441318779818969,1.115471820962255,PID,15.801509683551451,0.0,0.8916909715608234
3.0,1.0,1.5986728313405607,0.07791998935083508,7.936115720790472,23.21396146513107,20.91457928034443,0.0,1.629663794801634,Lead,3.4650575589436623,30.954945018282505,0.7056811425769571
2.0,1.0,0.8162151874712755,0.6453418993523481,2.3396672688382063,1.2434647261964142,0.0,0.0,0.8024598881812415,PID,26.19823169142105,0.0,0.8927421823896027
1.0,1.0,0.855929456374287,1.6812499434806343,0.855929456374287,0.0,0.0,0.0,1.43903135015268,P,1.924699557649317,0.0,0.9088748507089902
3.0,0.7754968522277894,3.1252692509146156,0.12628640136559344,8.854625129091527,29.19203772391134,39.141042726752815,1.720517556022191,4.9429814316585485,PID,7.894356232131694,0.0,0.9551149741190876
1.0,1.0,0.9732176548360891,0.8338559967787373,0.9732176548360891,0.0,0.0,0.0,0.8115233776560123,P,1.6927426643735402,0.0,0.9232425476758279
1.0,1.0,2.718243950697383,0.29137287147819385,2.718243950697383,0.0,0.0,0.0,0.7920225452929264,P,0.6060556285391374,0.0,0.9323177263588548
1.0,1.0,3.6763643634891157,0.5285985259584192,3.6763643634891157,0.0,0.0,0.0,1.9433207834264086,P,0.4481076637624434,0.0,0.9282985747981216
1.0,1.0,3.3156656564649567,0.2466327359012502,3.3156656564649567,0.0,0.0,0.0,0.817751692187767,P,0.49685559907117305,0.0,0.9330915951060257
1.0,1.0,0.2864329231025792,5.718027360756035,0.2864329231025792,0.0,0.0,0.0,1.637831291321877,P,5.751458415527989,0.0,0.8514152924972017
2.0,1.0,0.955917771083283,0.3043616594725065,3.72049000537163,2.6427037281996486,0.0,0.0,0.8043376922090247,PID,23.683728079595404,0.0,0.9285865582823167
2.0,1.0,1.837946262342577,0.2327492843316578,5.354281530602696,6.462835263442069,0.0,0.0,1.5042202823195427,PID,11.685368300406775,0.0,0.9443210957566768
2.0,0.20186290048120192,0.4058385573776599,7.286119979594819,0.16384749663872222,0.16470493465438013,0.0,0.0,1.2000599151231381,PID,150.88857117594264,0.0,0.6343609738663496
3.0,1.0,0.7236318256519358,0.38784756590674146,2.924995399783163,6.5766746739047806,3.6063624329097514,0.0,1.3987188913815614,PID,6.8168809836809885,26.569138444798888,0.7177253869691769
2.0,1.0,1.7081479350502722,0.1691095593353214,6.008936886944318,7.3463837672648395,0.0,0.0,1.2423437215903153,PID,13.078857808299484,0.0,0.9506917794487946
2.0,1.0,4.101449078844077,0.08288387874398236,8.323751630367601,17.317558910547156,0.0,1.5351447795691215,1.4353464528835616,PID,15.490942600604582,0.0,0.8939406425312106
2.0,1.0,1.617504835254804,0.3735382435853561,5.468515549388163,6.229028450728764,0.0,0.9103239702897461,2.3267803467284343,P,1.0356518296180848,0.0,0.927678946197641
2.0,1.0,2.465786941055573,0.13563569373664294,6.250093081283014,9.331292661529243,0.0,0.0,1.2656563536061642,PID,8.329609062542168,0.0,0.9615431122278661
1.0,1.0,1.2798475894194814,1.2566063195298482,1.2798475894194814,0.0,0.0,0.0,1.608264568899563,P,1.287190021438293,0.0,0.9163395621887857
3.0,1.0,1.397708705467701,0.21684795987952374,7.182912105100888,14.456903428478274,8.904626434083708,0.0,1.9309500757203306,Lead,4.481327593855187,15.390795170754274,0.7895829454986234
3.0,1.0,2.928499574603443,0.024189869627902774,9.126973095343214,28.09916306850683,29.12959784410896,1.6854717646160426,0.7046411741622334,PID,26.318023233167494,0.0,0.912116896973679
3.0,0.40942810728824186,1.4600205859572146,0.22049962639360257,5.030936689643638,6.717048564496761,8.175747361906271,0.0,1.8027492387888149,PID,8.255603336430928,25.613679381370513,0.7761889147838156
3.0,0.11828330073004778,3.3975783941720046,0.017297489301431584,5.268571654494768,15.132152433648663,51.53980139361099,0.0,0.8915091632038948,PI,25.120436892930602,0.0,0.8254785231785098
3.0,0.11089864255383278,4.285032911209257,0.01538677355031593,5.2263460480611155,22.42539499433898,78.51265438113263,0.0,1.2080564337967077,PI,21.871584397122284,0.0,0.8146301365953709
1.0,1.0,3.014646782242399,0.6210556852240227,3.014646782242399,0.0,0.0,0.0,1.872263523053948,P,0.5464676842960725,0.0,0.9268346711372474
2.0,0.8809416479115575,3.0225214696821925,0.06141881036828058,5.325330088699787,9.135636034689806,0.0,0.0,0.5610998972082439,PID,6.575083715207144,0.0,0.9746026867016581
3.0,0.6120647220804974,3.0671648295593497,0.04619849949479508,7.729279885329751,24.330834680791334,37.39173762201499,1.6281603991075406,1.7274421716401696,PID,17.630893960267343,0.0,0.9269058737132012
3.0,0.751166800287729,2.506392097208505,0.15510958665712882,7.09139832201,18.80569913935272,20.893693096990567,1.9534623548615615,3.2408121000151127,PID,11.9630904001998,0.0,0.935274421778689
1.0,1.0,0.4133958868946266,2.0062544778315727,0.4133958868946266,0.0,0.0,0.0,0.8293773491994989,P,3.985059112314123,0.0,0.903537327139553
2.0,0.3693954772544576,4.997600200184553,0.0666580127787179,3.6921818221482914,24.976007760884684,0.0,0.6254080774609656,1.6648510444864086,PID,14.518774691473963,0.0,0.8851802312694648
1.0,1.0,4.963439245250908,0.313685269721988,4.963439245250908,0.0,0.0,0.0,1.5569577783952315,P,0.331908373339892,0.0,0.9319904516789052
1.0,1.0,0.44319982055777773,2.6467295866938914,0.44319982055777773,0.0,0.0,0.0,1.1730300778876939,P,3.717075164852974,0.0,0.8933534849307058
2.0,0.5500337417797919,3.0592074427393694,0.196442827026852,3.365334633221048,9.358750177711952,0.0,0.0,1.8384593423477895,PID,9.230497833446421,0.0,0.93717763583374
1.0,1.0,1.384072915671977,1.361552529960579,1.384072915671977,0.0,0.0,0.0,1.8844879799830956,P,1.1902603016133602,0.0,0.9145633022675939
3.0,0.13162162704583052,4.275193439082259,0.01744285553568635,4.011060844645542,21.52482952569992,52.74173880830778,0.0,0.9199665307342149,PID,9.769930089969343,0.973234897191877,0.8797238018048662
2.0,1.0,1.3533659041183272,0.18105196385135502,5.5847624612306745,5.726627827199529,0.0,1.0714768758528623,1.036817214360293,PID,26.146477798471402,0.0,0.9133484523048362
2.0,0.3044610586853864,4.414559727032935,0.052806023190999904,2.6881230562446357,19.488337583541103,0.0,0.0,1.0291016063905065,PI,10.887847713561023,0.0,0.9391548211468956
3.0,0.4899786787694705,4.738255775739957,0.015878711532740494,8.156878663847483,38.76568047432052,78.88384852231964,0.0,1.252573875278311,PI,5.38128183389448,14.565134877703846,0.7259318764531452
2.0,0.4947771221461056,3.2363908476131167,0.18649289959740975,3.2025842994440263,10.474225718513946,0.0,0.0,1.9533687252834282,PID,9.429663046649248,0.0,0.9330157215280958
1.0,1.0,4.139531774839906,0.3388398548150954,4.139531774839906,0.0,0.0,0.0,1.4026383455892277,P,0.3979694167527734,0.0,0.93163164959027
3.0,0.1031105331873191,1.5093323954594133,0.7474475847163127,1.3658879533416877,2.6063449044300517,2.4025401640160924,0.0,1.795772842777762,PID,32.19798254574571,0.10339385637603282,0.8946030194657555
1.0,1.0,1.4199309829712325,1.0841814382256099,1.4199309829712325,0.0,0.0,0.0,1.539462815298855,P,1.160202197021844,0.0,0.9192431602036604
2.0,0.989571118061045,4.075742807086687,0.05216838964982191,8.06647473307607,16.61167942951887,0.0,0.0,0.8666045652170716,PID,4.452171370013259,0.0,0.9788638549156355
3.0,0.11550829691804924,2.1520171235507304,0.4456469055093946,1.246250341285771,5.003593354411718,3.4692090812377363,1.5982386492510878,1.5460422916186873,P,16.106013610819904,54.72011224481007,0.7135736599806171
1.0,1.0,0.7069029961659214,2.544891119848267,0.7069029961659214,0.0,0.0,0.0,1.798991157536787,P,2.3304570146084616,0.0,0.8947719054732449
1.0,1.0,0.721234961463525,0.7142748121936973,0.721234961463525,0.0,0.0,0.0,0.5151599666468878,P,2.2841475165315104,0.0,0.9252591238644896
1.0,1.0,3.632984020746303,0.24358079029646487,3.632984020746303,0.0,0.0,0.0,0.884925118907813,P,0.4534583792978514,0.0,0.9330847182130749
2.0,0.21159241777226018,4.930890839210372,0.07310591925406563,2.0866782288792236,24.313684468208756,0.0,0.0,1.777474253501699,PI,13.05454600223889,0.0,0.9054680976197019
2.0,0.8195645691427522,1.554767391127015,0.10098520898631125,2.548464534052426,2.417301640511904,0.0,1.1418705807349248,0.24411171135004767,P,7.209694013004874,143.82395778650664,0.8093521597912439
2.0,1.0,2.998468477861966,0.5485514971405147,6.279171953922223,9.837085958178859,0.0,1.5158819655175186,5.396148229858947,P,0.5607605468180927,0.0,0.9292775062684047
1.0,1.0,0.4902251548417517,3.715170015712021,0.4902251548417517,0.0,0.0,0.0,1.8212697962158588,P,3.360511042307499,0.0,0.8787879318166316
2.0,1.0,0.7858294388165801,1.4717242425609633,2.247816985035032,1.148872853001675,0.0,0.0,1.6908240293827432,P,3.476632798416327,6.818415962703133,0.8557781829926885
2.0,0.8282460819419395,0.4113536939866628,15.576193441977647,0.681404170673594,0.16921186155647305,0.0,1.4423465116656953,2.6356766882807654,P,8.563966107507758,8.850524998311034,0.669199986101683
1.0,1.0,0.5455796774646231,0.9871255833165318,0.5455796774646231,0.0,0.0,0.0,0.5385556573629113,P,3.019553539307616,0.0,0.9208745674733286
1.0,1.0,4.599871329149386,0.21023938436595702,4.599871329149386,0.0,0.0,0.0,0.9670741164029835,PID,5.221137483136422,0.0,0.9376777513630716
3.0,1.0,2.0092023125866416,0.10465472121869042,8.122981802566722,21.501321044556867,18.519824636180992,0.0,1.9381870843185565,Lead,3.2104161673495497,16.24549465751709,0.7789058466637273
2.0,1.0,1.7957351793561602,0.1752283821410935,4.0320229411157,4.0157806049552525,0.0,0.0,0.7036787384398907,PID,10.814453097209624,0.0,0.9595222919565101
3.0,1.0,2.489583282864667,0.13387209852499493,8.479602235941192,28.333571230927603,33.4124985240399,1.0512625175799721,4.473001294376517,PID,8.95200614694771,0.0,0.9591659975884423
3.0,0.4872267545824862,2.697076057061171,0.16638973103044574,6.10682587007396,16.416722702182692,25.304467488846132,1.837552716837806,4.210403539337767,PID,13.439948109957372,0.0,0.9193466769515597
2.0,0.8900628674673671,3.404500242010487,0.14983893204049958,6.060438495394399,11.590621897849468,0.0,0.0,1.7367264068589927,PID,5.797891429328928,0.0,0.9626349883167518
1.0,1.0,1.268916891004575,0.8110965829503474,1.268916891004575,0.0,0.0,0.0,1.0292141543417892,P,1.2982781281746454,0.0,0.9236226088181831
1.0,1.0,4.452680542844894,0.3002527266819976,4.452680542844894,0.0,0.0,0.0,1.3369294740330568,P,0.36998096544560405,0.0,0.932291353841333
3.0,0.1523227987946441,2.4200167398359556,0.045107073903368794,5.2206575448749275,9.161863665415613,26.25700615449024,0.0,1.1843767170918007,PID,11.29721546973571,0.23069080274081835,0.8298567863333189
1.0,1.0,1.8460189108473466,0.3709284204976152,1.8460189108473466,0.0,0.0,0.0,0.6847408788093342,P,0.8924107095449141,0.0,0.9310860930140902
1.0,1.0,3.6645907582674684,0.3642984641110227,3.6645907582674684,0.0,0.0,0.0,1.3350047848322866,P,0.44954734504691735,0.0,0.9311963139873636
3.0,0.539801350620693,2.4548795499390406,0.13128040971328497,7.550599621760304,19.01368552724001,29.53136289661769,1.4089658878221352,3.8768894204596727,PID,13.484093361301623,0.0,0.9358010595934767
1.0,1.0,0.9552537863287776,0.7663783792230335,0.9552537863287776,0.0,0.0,0.0,0.7320858485133146,P,1.7245752590983277,0.0,0.9243813791753672
2.0,0.6578280373509409,3.262566919269565,0.15123920391902337,4.292415986458406,10.644342902712104,0.0,0.0,1.609841946847285,PID,7.58710460558259,0.0,0.9522441925173826
3.0,0.43733649232867877,2.1497626501714477,0.04691005695855578,5.081370303853566,10.640503867005936,14.793498947224906,0.0,0.6939638782306554,PID,6.469709761388595,19.376737843527046,0.7535632276848393
1.0,1.0,2.0693355545725813,0.26668342587451105,2.0693355545725813,0.0,0.0,0.0,0.5518574949773472,P,0.7961043545704118,0.0,0.9326805573806581
2.0,0.6143715585545665,3.833962781279017,0.08939437211498005,4.7109553787491825,14.699270608232748,0.0,0.0,1.3140320665711474,PID,6.786949521617431,0.0,0.9606873839529402
3.0,1.0,0.2707877451263781,1.7898189949389014,4.0073762638713335,3.0706657920616083,0.5575095652677539,0.0,0.9978412097763552,Lead,18.770529991019824,32.71282783426791,0.7371809791498392
3.0,0.18442720679895766,0.33976913971985556,18.041819231279028,2.0635134948577867,0.35834717010689787,0.22375038676720793,1.28879784644377,4.036864030982733,PID,38.60911081922637,46.12893676628236,0.8276377337629327
3.0,1.0,0.2807654576597523,0.14177085626011116,7.475631015204215,17.652175865069204,4.388955435707345,0.0,0.6222259702076995,Lead,17.265868864352772,40.71668562877464,0.7155350839627392
2.0,1.0,2.1855692993298543,0.05862178104969549,6.634387379038975,9.723200213315849,0.0,1.386624232842284,0.5699913140073541,PID,41.17787264344518,0.0,0.8648053671907797
2.0,1.0,1.7227932698947248,0.21440985378079166,5.008657226486566,5.660864310206076,0.0,0.0,1.2137450890241868,PID,12.46207896502805,0.0,0.9470073746000436
3.0,0.513570911748087,3.0400465416292017,0.06626759781965501,5.203725396280766,15.740447890334217,19.23389676446397,0.0,1.2745841352922622,Lead,2.814697582955374,29.197203544403553,0.7015662073173041
2.0,0.415871713827294,2.875317767881648,0.12954346236973233,2.3915266558540207,8.267452266295901,0.0,0.0,1.0709943915524613,PID,12.081164311134183,0.0,0.9361625327307145
2.0,0.15415371669944886,3.199774272070982,0.12281599088628155,0.9865141932780308,10.238555392207383,0.0,0.0,1.2574583257380307,PI,26.226339332538526,0.0,0.8424965588332388
1.0,1.0,3.6524143553981667,0.4483017296729446,3.6524143553981667,0.0,0.0,0.0,1.6373836730072915,P,0.4510460440031368,0.0,0.9297666107773596
2.0,1.0,1.7697809228162285,0.38800175648915247,3.768835902739976,3.537889367129827,0.0,0.0,1.3727072887106688,PID,10.625580307555579,0.0,0.9372045963686613
1.0,1.0,2.8665099541080097,0.5787663609638627,2.8665099541080097,0.0,0.0,0.0,1.6590395348057818,P,0.5747082942104222,0.0,0.9275565138173854
2.0,0.2407105921598305,2.911847023884565,0.17643786478613713,1.4018248427961877,8.478853090505398,0.0,0.0,1.4959907351241122,PI,19.919195234664766,0.0,0.8706509053780691
1.0,1.0,2.02203937602647,0.9037682568351163,2.02203937602647,0.0,0.0,0.0,1.827455002123409,P,0.814725502180846,0.0,0.9220577742759033
2.0,1.0,2.7261957680018005,0.12961849213067117,7.486450915244141,12.977387437020857,0.0,0.0,1.682109391382159,PID,7.750678476878029,0.0,0.9608091099310863
3.0,0.19418046990702634,1.8890022322695874,0.2736254912830995,3.3422777946001845,5.482082993755546,9.30856936598903,0.7851385393595274,2.5470618659115583,PID,31.538127715601725,0.0,0.755673981778392
1.0,1.0,0.7928300352285216,2.4641222009649035,0.7928300352285216,0.0,0.0,0.0,1.9536300913983868,P,2.0778817310923006,0.0,0.8959046761652275
2.0,1.0,0.3603318227041964,1.4547889836890886,2.91179322427171,0.9193727373862257,0.0,0.0,1.3374933302535628,P,3.738228257969108,0.0,0.9149094505593861
2.0,0.6517739057486179,4.347837608688608,0.0656422918692036,5.66761419955141,18.903691871527073,0.0,0.0,1.240881659236272,PID,5.730046147419411,0.0,0.9670887279999462
2.0,0.45664080671742197,4.876661508512644,0.028642276858656578,4.4537652906700265,23.781827468608803,0.0,1.4542578996280566,0.6811656865606973,P,1.209096679451276,367.5405332217796,0.7839716320538794
2.0,1.0,3.5701019239347866,0.09861579788708795,8.069915508796937,16.064793136664253,0.0,0.0,1.5842423930631597,PID,5.460211208926631,0.0,0.9696802357800878
1.0,1.0,3.085847038688831,0.2008038493027931,3.085847038688831,0.0,0.0,0.0,0.6196499637283424,PID,7.778068786154876,0.0,0.9393350432306471
2.0,0.27961845927111023,2.262439108863914,0.38943936350307884,1.2652394756304626,5.118630721316939,0.0,0.0,1.9933962901169742,PID,20.81425065371341,0.0,0.8273632351461206
3.0,0.30770081185694065,1.88355618419991,0.1074695626186746,3.316443041296501,6.0484036739345886,7.653632456987838,0.0,0.8225325325965748,PID,8.710646956479799,4.31371941380132,0.8068782820123409
2.0,0.9061237583285602,1.3219136180033406,1.3010904068714926,2.3956346714617833,1.7474556134626824,0.0,1.292674841753953,2.273597735110035,P,1.1280614154749624,1.5278768954142037,0.9031274850032497
1.0,1.0,2.684514056090659,0.21051485615035495,2.684514056090659,0.0,0.0,0.0,0.565130090351531,PID,8.941254220645652,0.0,0.9376278585251885
1.0,1.0,1.2868889124789256,0.9714137545888529,1.2868889124789256,0.0,0.0,0.0,1.2501015902099188,P,1.280147050835352,0.0,0.9209102114858357
2.0,0.7033063412724311,1.8427318920668312,0.21848768902711152,2.5920100499110954,3.3956608260402037,0.0,1.478267907937048,0.7419100866014167,P,3.885855832022948,68.1801739847169,0.8263284073344975
2.0,1.0,4.699094259062342,0.03979718138652332,9.492888436978724,22.52649070057335,0.0,0.0,0.8964908364125485,PID,3.862968997046789,0.0,0.980428456738098
2.0,1.0,3.187255693164362,0.05812097527902047,6.402581737619839,10.248066240570367,0.0,0.0,0.5956276046259545,PID,5.666159397357982,0.0,0.9781966774423926
3.0,1.0,0.26646870067504574,9.261153859895314,1.897709566857538,1.2131837308952147,0.20744830748680834,0.0,1.9212106936102051,PID,14.536797405062538,45.081514235891376,0.9397964534811595
1.0,1.0,1.9282550119718138,0.6693342559700604,1.9282550119718138,0.0,0.0,0.0,1.2906471337586938,P,0.8543512325052841,0.0,0.9260159528401577
3.0,0.8272215367961485,2.544964342224069,0.0809645721044549,7.98820582187726,22.382874459767688,24.46761829217996,0.0,1.981010245441484,Lead,2.6201764059042687,21.35743117721297,0.7514037063717188
3.0,0.6364782647207656,3.811328935798131,0.03289666049108756,8.251358937335413,31.020417331609508,49.384860079022666,0.0,1.6245969754194722,Lead,1.7238047468408633,26.61281007021384,0.7221086502226273
3.0,0.3494584841212021,3.37136237372598,0.04858663774470294,5.410232153652555,18.562066241375287,34.71122324010428,0.0,1.6865016292424606,PI,9.164755361221223,0.7084475862558781,0.8255468309525822
3.0,1.0,1.011374463390226,0.6022777222731065,3.148696698662535,9.403033662981738,7.3237675794613315,0.9634543136139739,4.4109420562155925,PID,5.87433714529385,45.16158842297,0.7587018737974554
1.0,1.0,1.3590948090338322,1.1659279549070234,1.3590948090338322,0.0,0.0,0.0,1.5846066312215672,P,1.2121354854071853,0.0,0.9178667354319012
3.0,1.0,3.544976237718421,0.010393131317757017,11.683995271477663,45.185896802366486,57.901045984846064,0.0,0.6017731743559929,Lead,2.0116228825840228,9.48044198443624,0.8073905225189894
3.0,1.0,2.036620510325918,0.09880422611299372,7.671764910434566,19.35484088523352,16.044883788997563,0.0,1.5853023258448227,Lead,3.2605258679572855,14.220868525215701,0.7867651157386827
1.0,1.0,3.628637178526947,0.4334865084778098,3.628637178526947,0.0,0.0,0.0,1.572965261052417,P,0.4540015893050455,0.0,0.9300184841580285
3.0,0.7380646258828573,3.2702071899911616,0.01800491247031635,9.66919505006592,34.067534286245255,51.78101150019219,0.0,0.9323125796854047,Lead,1.9435717749205557,28.09399022063657,0.7213501464096634
3.0,1.0,1.0433935649702173,0.28101501405314705,4.906786010525216,7.7621245847373626,3.8929908807778255,0.0,1.093988887070554,Lead,5.641540172569526,21.748166530112677,0.7567722341674794
3.0,0.6049494867331657,3.108899394111262,0.03877017802270109,6.543116959140678,20.128352525221242,26.88548126226353,0.0,1.0423548947639516,Lead,2.050679178356488,29.454820442708083,0.7083256376473877
1.0,1.0,1.3940457135854685,1.382185542180235,1.3940457135854685,0.0,0.0,0.0,1.9268298304561633,P,1.181745354551896,0.0,0.9142165808632898
1.0,1.0,0.33027180264406547,5.241342168205589,0.33027180264406547,0.0,0.0,0.0,1.7310675261676147,P,4.988034197512234,0.0,0.85796250437088
2.0,0.7275945601688087,3.9943706929354645,0.12211653339638442,5.812564774955117,15.95499723258174,0.0,0.0,1.9483689523917893,PID,5.74895526509933,0.0,0.9611958864489369
2.0,1.0,1.7209044117436347,0.1049910437581292,4.9410545181256875,5.541570524549609,0.0,0.0,0.581815273431747,PID,12.43144677768696,0.0,0.963937855156469
1.0,1.0,0.22487239920971636,2.6087951387271286,0.22487239920971636,0.0,0.0,0.0,0.5866460218922143,P,7.325963754788047,0.0,0.8938832165300831
3.0,0.5615830810585518,4.562689549240051,0.019123109532229943,9.149738856387533,41.44529817334599,83.79466975206695,0.0,1.6024146478858117,Lead,1.8675160265872632,32.973201466938654,0.6908694494544187
1.0,1.0,2.0786485972187454,0.863921440672685,2.0786485972187454,0.0,0.0,0.0,1.7957890907614742,P,0.7925375401435619,0.0,0.9225818267952103
2.0,1.0,3.0735846677968803,0.1318817460958687,7.601141438191615,13.915829072065216,0.0,0.0,1.835243836395613,PID,6.614984457044131,0.0,0.9627100203001024
3.0,1.0,0.2061917333903462,0.17488263518422148,1.423417416863768,17.179123348283014,3.4904428337413598,0.0,0.6104178407245704,P,8.162827339333488,3.04789037632886,0.8489562307136546
3.0,0.31661237924973634,3.6753032915436363,0.008266549759283153,7.171542664505907,24.78184271795324,65.43541805798128,0.0,0.5409251393957977,PI,9.409487918854024,1.496831411320576,0.7908980567054383
3.0,0.9781736613378416,2.9008548471060442,0.029668454257936357,10.577992581826116,36.23938027720854,41.25781084317558,0.0,1.2240554737833453,PID,3.0568925306000323,51.801647936853335,0.6040161804949157
2.0,1.0,1.4050959949343407,0.42757157196534795,4.483663670366052,4.325683110883421,0.0,0.0,1.8495391275443809,PID,15.613387105848714,0.0,0.915444964722345
1.0,1.0,0.20458560043270657,4.122483007983413,0.20458560043270657,0.0,0.0,0.0,0.8434006614619167,P,8.052409566354035,0.0,0.873155162604156
1.0,1.0,0.7946537745623696,0.942739898917896,0.7946537745623696,0.0,0.0,0.0,0.7491518191056528,P,2.0731129691919827,0.0,0.9213925206325562
1.0,1.0,3.2043802177538607,0.20410860783693777,3.2043802177538607,0.0,0.0,0.0,0.654041585225964,PID,7.491491241757722,0.0,0.9387235797726661
3.0,1.0,0.6094235625915578,2.8806934009596477,6.404547409689086,8.864843084082139,3.2501521869370977,1.9435178026260682,9.362691957024264,P,4.490515806295164,6.899458179152975,0.8343173990249991
3.0,0.553909418210568,1.8312202431584903,0.15502673867747904,3.6287631180501894,6.599432650846824,5.365732983439892,0.0,0.8318320850368661,PID,6.977413024107001,24.675975621144964,0.7057377694426177
2.0,0.44071409582541565,0.8878009084814619,0.9014845325645297,0.7825327493087803,0.7881904531005096,0.0,0.0,0.7105415021851377,PID,37.54757824184024,0.0,0.7852338568645708
2.0,1.0,1.0185762853637823,0.40890749524687003,3.170434548051863,2.191831795838188,0.0,0.5927434410470029,0.8962564496386424,P,1.6098584806725766,0.0,0.927153333506129
2.0,1.0,3.6544892522125396,0.09001437159015811,8.401931068381021,17.349475092692096,0.0,0.0,1.5617020978877791,PID,5.38262248027109,0.0,0.9704327677837892
2.0,1.0,1.241822255159647,0.8236311970878565,2.8990182802764064,2.057942905152097,0.0,0.0,1.6949859785088828,PID,15.952751169291723,0.0,0.8865273369411899
2.0,0.2028651376547649,4.969288744317739,0.0693926130258765,2.0161908903245838,24.693830624402967,0.0,0.0,1.7135694326457331,PI,13.420838772401039,0.0,0.9052978454508966
2.0,1.0,1.1992205182621856,0.3395477931045952,5.2148249171013825,4.815595188311854,0.0,0.0,1.6351247186763977,PID,19.105179959861857,0.0,0.921932385950489
1.0,1.0,1.5035137786115724,0.513250422193093,1.5035137786115724,0.0,0.0,0.0,0.7716790816455221,P,1.095704654987543,0.0,0.9286637004826285
3.0,0.6106648648866719,2.5552690577737427,0.0549890874434448,7.338187806960962,19.69105241056357,27.536841560739223,0.0,1.514225788499774,PID,4.144093534241918,34.89799245787894,0.6747171074596455
1.0,1.0,2.498626394887728,0.4014821156313834,2.498626394887728,0.0,0.0,0.0,1.0031538111919416,P,0.6593250793448989,0.0,0.9305636985247835
1.0,1.0,1.3276552618425637,0.38817911199325533,1.3276552618425637,0.0,0.0,0.0,0.5153680405752192,P,1.2408394659441069,0.0,0.930790508871283
3.0,0.15544857555250421,2.987940936744038,0.3314245594326273,2.4274363891127146,10.319805601331584,13.37824188214203,1.3522843378529372,4.433877921772045,PID,7.25450570552479,23.677559737264218,0.8413247172972755
2.0,0.9525486511641744,0.9924726220470558,1.5417940222838717,1.8907569148965888,0.9850019055129581,0.0,0.0,1.5186700498581018,PID,18.835743163731404,0.0,0.8386787176170225
1.0,1.0,4.071359588701784,0.45305997520851543,4.071359588701784,0.0,0.0,0.0,1.844570074322182,P,0.4046331477657348,0.0,0.9296880451366238
2.0,0.30459986124629335,3.5431189674838697,0.08752273382299236,2.1584670917493933,12.553692017743964,0.0,0.0,1.098733444964829,PI,13.561534568210512,0.0,0.9262703030308558
2.0,1.0,1.5960154416609367,0.1399397737315445,5.964534860246786,6.972224449258673,0.0,0.0,0.9756915118348012,PID,14.116574376002596,0.0,0.9548069285848929
1.0,1.0,2.402452095003559,0.7396145558769167,2.402452095003559,0.0,0.0,0.0,1.7768885392616256,P,0.6857189991379078,0.0,0.9248310508047175
2.0,0.21611612374746125,3.4282596854793,0.08203163622374411,1.4818043888509536,11.752964471082633,0.0,0.0,0.9641149060424397,PI,18.46104446945379,0.0,0.902880330603695
1.0,1.0,3.4485166681511266,0.2041324293404018,3.4485166681511266,0.0,0.0,0.0,0.7039540850905577,PID,6.962748438062703,0.0,0.9387315268561167
2.0,1.0,0.9498769746757512,0.7796112080010388,3.1755694334272215,2.1141340192774805,0.0,0.0,1.648202576645008,P,2.5927589563721054,5.188294788816058,0.8860025127493151
1.0,1.0,0.6554296576240086,2.712714314110538,0.6554296576240086,0.0,0.0,0.0,1.7779934141292173,P,2.513476506440994,0.0,0.8924324938775222
2.0,0.7481859901531867,3.8898734059521267,0.08840866981717371,5.820697571605682,15.131115114333607,0.0,0.0,1.3377217601087665,PID,5.789545789301541,0.0,0.9674726978281739
3.0,1.0,3.7725138431146594,0.025107908607958005,12.85080715575977,54.64271547400595,76.93939476360542,0.0,1.9317872920762076,Lead,1.8596820736353763,10.691756884411426,0.8020704035938953
2.0,0.4998726059689889,3.055853593550034,0.18173273404156742,3.05507499853511,9.338241185212656,0.0,0.0,1.6970641017282628,PID,9.91370407698625,0.0,0.9346393161720112
1.0,1.0,4.672229504236383,0.24102491899782819,4.672229504236383,0.0,0.0,0.0,1.1261237377978373,P,0.35259548884935565,0.0,0.9331897822936199
2.0,0.11940625222466275,2.8123941619662616,0.16663436841084958,0.6716348933178247,7.909560922261908,0.0,0.0,1.3180046886882497,PI,37.22608047543295,0.0,0.7581405328108843
3.0,0.2027824275244245,0.32693523335167013,5.311627931594809,3.450120433518192,0.5467689648410632,0.3545993359718328,0.0,1.8834997374729587,PID,41.885897736037165,36.587735757607184,0.7477544876182496
2.0,0.7140466263547448,2.3511565803431758,0.10870976690888638,3.3576708484516065,5.527937265291017,0.0,0.0,0.6009407715967333,PID,9.90266342096331,0.0,0.9625192940583427
1.0,1.0,2.1334164437331027,0.4175853684540178,2.1334164437331027,0.0,0.0,0.0,0.8908834917221479,P,0.7721919697871731,0.0,0.9302008506924895
2.0,0.5687015305882501,3.3965483263945444,0.3070164329320158,3.863244463875073,11.536540533533572,0.0,1.239061770750857,3.5419075229810915,PID,11.684348974300852,0.0,0.8681756527665867
1.0,1.0,4.020679311516934,0.48100737566176244,4.020679311516934,0.0,0.0,0.0,1.9339764040103025,P,0.4097335097936651,0.0,0.929207788429538
2.0,1.0,3.5242570174299552,0.08044839648659396,7.107282321197474,12.627502070431772,0.0,0.0,1.0158622931973815,PID,5.144024528991093,0.0,0.9752603682274429
1.0,1.0,0.22706952714808148,8.69032202048444,0.22706952714808148,0.0,0.0,0.0,1.9733073119559617,P,7.255077626458734,0.0,0.8401227969313612
3.0,0.13606906034567323,2.855713462893239,0.15084454434069336,1.8106730804247557,8.958301458264389,8.428495707832148,0.0,1.27139259452543,PID,12.912974201807016,3.4701639717348858,0.8493938814643496
3.0,0.2763453684544748,1.3051066346431963,0.2715606908990025,2.24210538610976,2.80027652042897,2.5903582168685912,0.0,0.7034394670487427,PI,27.72990820142077,0.09186356841233145,0.8353769028267812
3.0,0.2707551541224067,1.8006641394955973,0.4179300961587194,1.6794538361777342,3.929212672547828,2.2838614871213605,0.0,0.9544944509258261,PI,18.38013189739672,0.0032526044466907322,0.8141898953096017
1.0,1.0,1.14449515279623,0.9268535166912153,1.14449515279623,0.0,0.0,0.0,1.0607793572052355,P,1.4394181067850451,0.0,0.9216653617782468
1.0,1.0,3.1080746975915736,0.5382489403699842,3.1080746975915736,0.0,0.0,0.0,1.6729179125694236,P,0.5300410081325184,0.0,0.9282377369034309
3.0,1.0,1.5914800250196832,0.14751907859312452,7.036768067121229,16.035278334667492,11.727952401372503,0.0,1.7300967320344938,Lead,3.881492128574776,19.349020587753582,0.7664813009075442
2.0,0.8823962224802689,4.9398270227469,0.22837055086463032,8.717769409155634,24.401891014660492,0.0,1.4014268665246492,5.572673293156689,PID,5.875653638103582,0.0,0.9211125227642705
2.0,1.0,3.132189386736551,0.0426014340969115,7.428562872092213,13.45705543228733,0.0,0.0,0.5732898601370736,PID,6.376106477321218,0.0,0.9767813287806982
2.0,0.7334456891167108,4.567795341613887,0.37053430549507615,6.700459604148196,20.864754282869512,0.0,1.740000832065581,7.73110723752847,P,0.7642639109129409,8.102981850561374,0.8885095276180008
3.0,0.14858425443451936,2.9434192047588597,0.12416134279018091,2.612510502314588,10.183772121401034,15.055971398298194,0.0,1.8693696258232615,PID,12.220298097479887,1.1747079397498972,0.8693657444225859
2.0,0.9173412992564594,4.34211177955223,0.1119821013600984,7.966396922742439,18.853934706126232,0.0,1.564793448841248,2.1113032272981047,PID,12.011393377895219,0.0,0.9022783524545159
1.0,1.0,2.0836008810418596,0.7127717849767247,2.0836008810418596,0.0,0.0,0.0,1.4851319191592824,P,0.7906538440504306,0.0,0.925159795658702
3.0,1.0,0.6121798303537348,3.9689233017411154,5.322700514551115,6.483071666181088,2.2034714575069785,1.870313972529484,8.745409212420904,P,4.8625422226094726,9.12348507111896,0.8005840210041807
2.0,0.2666352572199678,2.9990759086220535,0.10013244651459899,1.5993187526352997,8.994456305677195,0.0,0.0,0.9006369149561194,PID,16.29071752906291,0.0,0.920035542986194
3.0,1.0,0.8933667176925124,0.4339434166818974,9.313923103435553,24.741550448434822,15.382797204000072,1.4646195165343943,6.675263576828529,P,1.364250829093357,1.346803086553778,0.9226768506283629
1.0,1.0,3.366523896997369,0.5401911738487732,3.366523896997369,0.0,0.0,0.0,1.8185664957089553,P,0.489349577328694,0.0,0.928104542060092
2.0,0.5026781853039787,2.7972109692174767,0.3506031060828874,2.8121938678372493,7.8243892063105775,0.0,0.6896176154627585,2.7432551589339065,PID,12.85426273801495,0.0,0.8730877047062725
1.0,1.0,2.0567496589171,0.4473374696532239,2.0567496589171,0.0,0.0,0.0,0.9200611881301068,P,0.8009759665792223,0.0,0.9296888892648587
2.0,0.3771347078648635,3.2046428187974136,0.8329918877085566,2.417164066556791,10.269735596069834,0.0,1.9562489747857033,8.55460644043797,P,1.8868243354605048,30.89000677659007,0.801951993932761
1.0,1.0,1.769694619254012,0.32278061449276174,1.769694619254012,0.0,0.0,0.0,0.571223116667344,P,0.9308990535084803,0.0,0.9319093196349745
2.0,0.9279153962878592,2.14654537953339,0.22221795449438775,3.983625012999198,4.607657066396144,0.0,0.0,1.0239041283061625,PID,8.891867531831465,0.0,0.9552052589867271
1.0,1.0,2.2580379356275073,0.4053028080361449,2.2580379356275073,0.0,0.0,0.0,0.9151891159619685,P,0.7295745656304915,0.0,0.930501028665312
3.0,0.8882185054787077,1.2942531668240147,0.3345376639237549,4.232791117099936,6.120818861543972,3.239009878683508,0.0,1.0835707982407454,Lead,5.026416602350161,18.22525913775409,0.7647651170263831
3.0,1.0,2.543609073350233,0.048993054119597174,7.869381971950594,34.14928075480167,52.40495135971836,0.5816606410916116,2.567478618101539,PID,10.66602945458503,0.0,0.964541653935583
3.0,0.40243475907853166,2.8230934856500918,0.02308303041686956,4.760546319326048,13.623882067214385,19.83158941718047,0.5552812079252776,0.4577731817316453,PID,26.4098530003182,0.0,0.9117427916336278
2.0,1.0,2.5470086013341655,0.20713346848193678,5.508943641350512,7.54407402351469,0.0,0.0,1.562630218975078,PID,7.461397460415784,0.0,0.956862043503845
1.0,1.0,0.878045484349248,1.0411702101703064,0.878045484349248,0.0,0.0,0.0,0.9141948014789951,P,1.8762206234493244,0.0,0.9197925826304527
1.0,1.0,2.499508950009094,0.6621855898666059,2.499508950009094,0.0,0.0,0.0,1.655138808438633,P,0.6590922773277591,0.0,0.9261423475059939
2.0,1.0,1.0841970284515137,0.377094948723343,5.236385467030662,4.501790366678243,0.0,1.6752960374003458,1.6976024074857714,P,0.3720165321628452,1.342328389078803,0.9157249411508154
2.0,1.0,1.631435788978139,0.2510801334743519,5.865074403443218,6.906909553238151,0.0,0.0,1.734187772522311,PID,13.729917315698266,0.0,0.9377254104296641
3.0,1.0,0.9002874549397668,0.04989320671336179,5.497319514772078,27.168379450645602,20.733376250908137,0.0,1.0344546271524657,PI,4.868681364990603,31.19469897721016,0.6672159712557312
2.0,1.0,0.5009820195352442,3.4258682899574784,1.27247619897028,0.38650471207305026,0.0,0.0,1.3241142370102081,P,5.9221013624576875,8.115399277780902,0.8108272797740833
2.0,0.2995685699685124,0.4619626428581808,1.0358105820317711,0.2767789765997997,0.2134094833965152,0.0,0.8241358075057901,0.22105180120804402,Lag,123.47613228657565,0.0,0.7498105477511763
1.0,1.0,4.306081710257618,0.4290103785661921,4.306081710257618,0.0,0.0,0.0,1.8473537446545767,P,0.38257681969626434,0.0,0.9300925926469699
3.0,0.9898761549050205,1.80124451174672,0.06984490223928773,7.458852147086855,17.12639842495812,12.63022956223542,0.0,0.8821571490340949,Lead,3.6802062025049125,13.348996451652967,0.7942131529075591
1.0,1.0,2.6737488743810585,0.4911173193069969,2.6737488743810585,0.0,0.0,0.0,1.3131243796861258,P,0.6161412770838344,0.0,0.9290348610297343
1.0,1.0,0.26565749251365356,7.299248779168353,0.26565749251365356,0.0,0.0,0.0,1.9391001279072118,P,6.201244431221682,0.0,0.8403217759502222
3.0,1.0,0.6567582723428689,0.4984845672242596,5.610689410802045,7.7964916606760415,2.983624199795364,0.0,1.4872906179948198,Lead,8.311066570077875,27.634149723717282,0.7493001185302655
2.0,1.0,1.1892376588050113,0.12287042839455337,5.601884683475759,5.247686016752338,0.0,0.0,0.6447854289584671,PID,19.406843873850786,0.0,0.9556872922451646
1.0,1.0,1.149461377631214,0.8039644280022548,1.149461377631214,0.0,0.0,0.0,0.9241260589779627,P,1.4331991297154778,0.0,0.9237441265242885
1.0,1.0,2.5827478614070385,0.6284495753033311,2.5827478614070385,0.0,0.0,0.0,1.62312679661684,P,0.6378505121150813,0.0,0.9267116586431328
2.0,1.0,0.9753052724975007,0.5827206570558198,4.0523195175638085,3.001028216763086,0.0,0.0,1.7487611343152407,P,2.1351075322883917,3.0839626361324286,0.9076961837864708
1.0,1.0,3.3098681679831676,0.4753178722960994,3.3098681679831676,0.0,0.0,0.0,1.5732394951863478,P,0.49772587983963107,0.0,0.929306026219546
2.0,0.1796718444410897,2.3404992864937526,0.1525417696610063,0.8410436474347737,5.477936910077761,0.0,0.0,0.8356141903546064,PI,31.43907664651447,0.0,0.8442332703932482
1.0,1.0,4.598464267427564,0.3958025750910668,4.598464267427564,0.0,0.0,0.0,1.8200839985120862,P,0.35825157058014706,0.0,0.9306595851875293
3.0,1.0,0.93954525969933,0.11308797006803291,5.470591187279236,15.636092995941937,10.691057580448671,0.0,1.2090299996533957,PID,4.427702208779525,41.590850695275236,0.6025258460290783
3.0,0.3796082845977511,1.4276622239085812,0.4296279089248369,3.2921746779907015,4.431773763571851,4.500938530425856,0.0,1.9337288090260887,PID,10.11866128717824,12.466494613297119,0.8063574350952915
1.0,1.0,3.7095867658073676,0.46110301809345877,3.7095867658073676,0.0,0.0,0.0,1.71050165359333,P,0.444094490860106,0.0,0.9295509885876322
2.0,0.5290785410264377,3.369685937503523,0.04910929500509477,3.565657039063336,11.354783317408993,0.0,0.0,0.5576254036535668,PID,8.620691224222364,0.0,0.9653276747787908
2.0,1.0,0.21671323368613649,20.850495617404384,1.4381128754853885,0.2646934659974047,0.0,1.3971200886677304,5.518989952734462,P,6.367148337604698,0.0,0.8407414042724376
3.0,0.414592635907116,4.125663489998644,0.031226735797323366,5.833052408575472,25.27279165860668,41.056814839152615,0.0,1.2820703096618442,PI,6.465215417312116,5.25333610368678,0.7981042174830721
1.0,1.0,1.5180032127797247,0.7489009553273751,1.5180032127797247,0.0,0.0,0.0,1.1368340562407604,P,1.085246086565209,0.0,0.9246711607182494
2.0,1.0,2.613891855100378,0.13753517614292646,7.2125466251277786,12.020386247793123,0.0,0.0,1.6532259398962381,PID,8.09057044633941,0.0,0.9595305176039632
2.0,1.0,0.2938398638862704,1.3525639754385652,1.762583606214201,0.43157546132945057,0.0,1.920593962837143,0.5837334216774944,P,1.5925747208274637,0.0,0.9033241858071279
1.0,1.0,4.9998896980049325,0.3286763298168382,4.9998896980049325,0.0,0.0,0.0,1.643345395429281,P,0.3294886778642261,0.0,0.9317306011847595
1.0,1.0,4.514938209596718,0.3578485905886784,4.514938209596718,0.0,0.0,0.0,1.6156642748991565,P,0.36487920090710607,0.0,0.9313084030187893
1.0,1.0,1.7947736739300217,0.6983704329520207,1.7947736739300217,0.0,0.0,0.0,1.253416867713398,P,0.9178912472319021,0.0,0.92553021132273
2.0,0.7518319355969367,2.6572422868695074,0.4286181747827049,3.995599223774264,7.0609365711274865,0.0,1.2987951937773998,3.026445745373114,P,1.3357501225924293,8.277988374407865,0.8872341654343092
2.0,1.0,4.2717226304205855,0.06667362326392136,9.101100442227516,20.629762489546714,0.0,0.0,1.375461012252214,PID,4.413353026267294,0.0,0.9755029197114289
1.0,1.0,2.8168574847669143,0.20911399443310025,2.8168574847669143,0.0,0.0,0.0,0.5890443203883853,PID,8.520821033362799,0.0,0.9378782783166599
2.0,1.0,2.6599057388817307,0.15588750976349153,6.298322379503826,9.6778453028335,0.0,0.0,1.5086552041350179,PID,7.49955491838658,0.0,0.960487468259636
3.0,0.4131004528611898,0.578059738539097,1.1599591335630166,2.8956990404963214,1.489024510077171,0.8080173757873177,0.8453170381690045,0.9372671351221196,P,13.040591930694381,32.37862142932398,0.7767545295987212
2.0,1.0,2.0381071299861384,0.05807763882150159,5.940288766554641,7.953064215991243,0.0,0.6306939680707598,0.4618951910605481,PID,25.585392800775793,0.0,0.9238665152052168
1.0,1.0,0.41860367994137315,2.3899755392251194,0.41860367994137315,0.0,0.0,0.0,1.0004525556895025,P,3.9354815186845347,0.0,0.8971016814922846
2.0,1.0,2.6360221549281846,0.26100336810206953,6.784716507737093,10.936050228029728,0.0,1.9198196668160132,2.8543459432491645,P,1.423958591555572,11.082954936749477,0.8931885015793677
2.0,1.0,2.843781230387531,0.09342255746217554,7.7291897703679595,13.893033108771295,0.0,0.0,1.2979226839280935,PID,7.406918753430357,0.0,0.9665593013645087
2.0,0.10638228349652029,0.8281384082356484,2.1972755735576754,0.17619850983856353,0.6858132231950735,0.0,0.0,1.5069206433493934,Lag,60.263918875609406,38.17566445329831,0.7155968497735818
3.0,1.0,1.635867637050129,0.08836407522168006,8.083765031000494,22.871236264006477,20.15933605734838,0.0,1.7813610877906594,Lead,3.4737993801018585,27.925143216912623,0.7245773261426296
1.0,1.0,4.488203916242011,0.4168827631636017,4.488203916242011,0.0,0.0,0.0,1.8710548502446678,P,0.36705262880345907,0.0,0.930298256526242
1.0,1.0,0.7775003244624747,1.4919561079280286,0.7775003244624747,0.0,0.0,0.0,1.1599963579978132,P,2.1188506219615357,0.0,0.9123404411416609
1.0,1.0,1.619671352677669,1.1272657241231743,1.619671352677669,0.0,0.0,0.0,1.8258000002177537,P,1.0171242723649387,0.0,0.9185172521190604
3.0,1.0,3.3206268766306284,0.013731916899358572,12.629927625928978,52.56746361856992,71.90734269104465,0.5130720459901006,0.9874256542871241,PID,8.86107614101248,0.0,0.9691462469446257
1.0,1.0,4.909682106515929,0.3776394638034461,4.909682106515929,0.0,0.0,0.0,1.8540897181500489,P,0.33554250770660676,0.0,0.9308880192073961
2.0,0.3300987904439026,2.0247566222999205,0.18068091759562824,1.3367394239289714,4.099639379547384,0.0,0.0,0.7407266049077934,PID,20.517044425115696,0.0,0.9081310968891517
1.0,1.0,3.995117420964115,0.33332926411575337,3.995117420964115,0.0,0.0,0.0,1.3316895499859949,P,0.4123551006080448,0.0,0.9317286057984491
3.0,1.0,2.309034716326372,0.03233707315882017,8.795004905975096,39.8679394582673,57.47558960633202,0.0,1.858592345946283,Lead,2.2023970906520605,44.3934863147095,0.6202055273318381
2.0,1.0,3.1577526702194865,0.07340662046421503,7.251444454386959,12.92686616251041,0.0,0.0,0.9489175581831056,PID,6.2323091333689815,0.0,0.9728268072147742
2.0,0.9883561705452965,3.1199944002305533,0.13035555141086635,6.167331435069277,9.734365057470006,0.0,0.0,1.2689285247011723,PID,5.816523598688206,0.0,0.9690024460808608
3.0,1.0,0.5128853982014274,0.20269231590069767,8.957347342665654,22.077099896193268,9.10169436706363,0.0,1.8448435098804619,Lead,9.709991789268031,39.493426499935154,0.717060042006391
2.0,1.0,2.19326647823544,0.22936036926378536,5.599297984482519,7.470334726465481,0.0,0.0,1.7133987313862016,PID,9.390266983622423,0.0,0.9480986474068888
3.0,0.7463255858473208,3.518709801694576,0.030622359869392154,9.50607505728817,34.72351494660463,52.66850455471829,0.0,1.612833900257303,Lead,1.879304226252673,24.32807829726215,0.736555489246436
2.0,0.14915094095617015,2.261479388814987,0.3622876427851221,0.6746035575894797,5.114289026035007,0.0,0.0,1.8528437157640407,P,11.31245869337885,65.73324049446275,0.7431570146746104
1.0,1.0,0.4348817385240471,4.041254040243489,0.4348817385240471,0.0,0.0,0.0,1.757467582838418,P,3.7881725078955357,0.0,0.8742749968867201
2.0,1.0,2.9694775379729546,0.019983055593515164,7.4267471506042515,13.235761995398049,0.0,1.2453822983771698,0.26449096777657444,P,5.048840007357812,319.40391406148825,0.812282629864156
2.0,1.0,1.9901078628235012,0.775282127368739,4.93869284656684,5.868002160350924,0.0,0.9907349912870633,4.549357198281221,P,0.8044151750277257,0.6202818000545203,0.92231759697631
2.0,1.0,0.5061320310114816,1.358873361483755,1.9247712055814714,0.7180187266975607,0.0,0.0,0.9756965207557998,P,4.4951513718099,3.906451540832492,0.8880124700043762
3.0,0.136141429175464,2.7826860279492793,0.20356391590456113,4.892633684750447,10.876305489127175,32.0183763588034,1.6900974807336087,6.517786072504044,P,9.335725394215594,69.26860865717146,0.7618316587817922
3.0,0.4762104888546113,2.889863219101562,0.04594448846575866,7.711500577199063,22.00066360289125,41.41526439045475,0.0,1.9028031370935936,PID,4.531709104662402,26.937903133963626,0.7124302503830959
3.0,0.7867307640942227,2.4191043835710757,0.11018842736195879,5.772084774767047,13.334308035750588,11.50350621119853,0.0,1.267553258560491,Lead,2.9653732310861987,14.3678606241487,0.7806629544995105
2.0,0.4573981488849342,4.696138868051601,0.05862515756171577,4.296010450306785,22.05372026802497,0.0,0.0,1.2929028255349684,PID,6.887688802091773,0.0,0.9583074113934373
3.0,0.9112236126589631,4.829189980270732,0.013248825202207147,13.670888361092054,66.18118394204937,113.57234470274294,0.0,1.5047001427714581,Lead,1.5377919084655942,11.03789063596996,0.7979964102049847
2.0,1.0,0.31426341361442506,1.142493768084297,4.519402828239241,1.3215214671645599,0.0,0.0,1.5098300406251266,P,4.806757573852998,0.0,0.9189270703180278
2.0,0.12822826600169007,2.0325288231740344,0.2693015230350585,0.5212552931881245,4.131173417033228,0.0,0.0,1.112531293128995,P,14.29692933749854,69.33375411743845,0.7511052370596875
3.0,0.3828165838601573,3.0454560280798035,0.05667606890174269,6.516911309214661,19.03346360616746,38.81698807150253,0.7400670907086535,2.1999942904986014,PID,13.690729160388647,0.0,0.9433734253983213
1.0,1.0,2.735555009219162,0.4857584022062041,2.735555009219162,0.0,0.0,0.0,1.328818830425478,P,0.6022204051867511,0.0,0.9290308624237194
3.0,0.2610478283123503,2.6945310201074935,0.08523798269830286,3.8292766209730336,10.66844051706076,17.58836389040287,0.0,1.4991966569816146,PI,14.015642319892239,0.0,0.8580747002414719
2.0,0.47913296773058606,3.9629057596070347,0.05474029795303408,3.797517594874302,15.70462205952661,0.0,0.5679278376374548,0.8596756907782783,PID,18.840545833249728,0.0,0.8879496392168249
1.0,1.0,4.188228242721545,0.39483702042747043,4.188228242721545,0.0,0.0,0.0,1.653667560226355,P,0.39334223222565157,0.0,0.9306774879417823
2.0,0.868501154534733,1.2217656691792078,2.5305473490847863,2.1222097885060847,1.492711350384917,0.0,1.7849227135759267,3.7773767506653235,P,2.4549677117985773,3.087659841828708,0.8617844418941337
3.0,1.0,0.9297723569339402,0.5180902590494367,2.895206227006251,4.229790303208079,2.2336704398228093,0.0,1.1572428967988686,PID,8.536072751638509,30.076477665090664,0.6895233140522452
2.0,0.8327636874124713,1.4323497584588705,0.7836316322712287,2.3856177330371433,2.0516258305571844,0.0,0.0,1.6077188984093416,PID,14.485509288388766,0.0,0.8894836708708478
1.0,1.0,0.6409624970565412,1.8109623700004036,0.6409624970565412,0.0,0.0,0.0,1.1607589627508905,P,2.570208169164206,0.0,0.9068968747502131
2.0,1.0,2.3976425287682095,0.17017122779250302,6.515602745159917,9.873396546596297,0.0,0.0,1.680168012816551,PID,8.779902429771036,0.0,0.954919514509325
3.0,1.0,3.2941569445935683,0.1440594412757004,10.394486225305302,40.3284223274755,55.79914246793914,1.773099085987501,8.038393287594518,PID,6.3752070842566555,0.0,0.9610759377841287
2.0,0.2071907044922423,4.572300949835904,0.12057458750995198,1.8946765098940987,20.905935975870314,0.0,1.3481535482410174,2.5207246068000284,P,2.6392469998390515,129.9055333696653,0.7753513863483722
3.0,0.1034388552841203,3.283689778960818,0.06950732492129894,2.1019313231524426,11.749028541338529,15.339451285846017,0.0,1.0662042246397359,PID,14.816571050190271,1.456090464851978,0.8633952731755706
2.0,1.0,0.45063178439524676,0.7581105501272715,3.96943623093804,1.5856851266835077,0.0,1.9289333898379155,1.202124623718666,P,3.7883820012384906,0.0,0.9173610240734882
1.0,1.0,2.2525088349868914,0.3554809740955828,2.2525088349868914,0.0,0.0,0.0,0.8007240348200466,P,0.7313654093046865,0.0,0.9313488890038828
3.0,1.0,1.1674684528224297,0.11458903259072045,6.645774614746054,12.633525508892415,7.282406567285815,0.0,0.8344839234775908,Lead,5.13528144136041,20.662206117455398,0.7691877780165485
1.0,1.0,4.832645111744042,0.3186054461644472,4.832645111744042,0.0,0.0,0.0,1.5397070519816454,P,0.3408913768691948,0.0,0.9319781254922154
2.0,1.0,1.3473907623265091,0.3321616545128449,4.142268705366867,3.765792722282693,0.0,0.0,1.2508519411858496,PID,16.14897981699786,0.0,0.9289924644009673
3.0,1.0,1.3674598202736883,0.07251968442774868,6.322278207906053,17.558522749772532,14.74532975494931,0.0,1.0693266606120169,Lead,3.8796385986809936,38.65868815029257,0.6565060047859064
1.0,1.0,1.5014562458851923,0.5279408476623692,1.5014562458851923,0.0,0.0,0.0,0.7926800831805871,P,1.0972061627352794,0.0,0.9284117242788885
2.0,0.29830964297184936,2.571975431073293,0.25268866997756073,1.5344901451516846,6.61505761804465,0.0,0.0,1.6715501113286335,PID,17.443053181317214,0.0,0.8786989607063285
3.0,0.1272434425086103,4.741873111245587,0.0823593564979731,2.0448714129431984,23.496765639299635,18.845585481362612,0.0,1.5521102930725694,PI,7.058595875800378,0.9300403265824375,0.8381743568864622
2.0,1.0,1.7282539858055002,0.396427966232446,4.5878823647891345,4.942164143900987,0.0,0.0,1.9592120803535862,PID,12.088585556708795,0.0,0.9251827433917652
1.0,1.0,2.387344928101682,0.6167202916831135,2.387344928101682,0.0,0.0,0.0,1.4723240604070709,P,0.6900582428080723,0.0,0.9269111525121251
2.0,0.979204942352804,1.4894014189792855,1.2958999992850486,2.916858461223592,2.21831658685751,0.0,0.7198810865311416,2.8747164633226587,P,1.985386528555853,2.740763872278756,0.8826944867498305
2.0,1.0,1.0914965263498306,0.12017560288102454,5.933848417627432,5.285410268693035,0.0,0.0,0.6351773655137434,PID,21.33545144395132,0.0,0.9550361744084508
2.0,1.0,1.4515327892322294,0.6101339096579055,3.271754773363231,2.6421118936474954,0.0,0.0,1.6120420594247986,PID,13.404524791587662,0.0,0.9102076251036284
3.0,1.0,0.5353492446790931,0.06321224723288033,3.5331986955478687,21.12598344217411,10.450599182365488,0.0,0.6606058592474242,P,4.976441894125058,19.55361888298268,0.7478908287218698
1.0,1.0,2.634494686632502,0.3528340513467174,2.634494686632502,0.0,0.0,0.0,0.9295394335359464,P,0.6253218328439221,0.0,0.9313172956396715
1.0,1.0,1.231982443616213,1.2620132132685051,1.231982443616213,0.0,0.0,0.0,1.5547781223584818,P,1.3372000993999635,0.0,0.9160412410440151
1.0,1.0,4.230853991601347,0.3242511782979251,4.230853991601347,0.0,0.0,0.0,1.3718593919832163,P,0.38937931900577805,0.0,0.9318825070673111
2.0,0.8049386288312546,1.5279048525707046,1.0287426576504337,2.4597392740257664,2.334493238509107,0.0,1.762382895129605,2.4015927784508264,P,2.1442089343796296,5.727692365142288,0.8822531598882205
1.0,1.0,3.141792747101699,0.17772680794904944,3.141792747101699,0.0,0.0,0.0,0.5583807961798601,PID,7.639699262400131,0.0,0.9433594853299458
3.0,0.764241641899773,2.649800062881766,0.0879992263178471,6.4778592496465155,16.853986264335663,17.04583949110973,1.383150049430327,1.5000206871558608,PID,13.343213402521222,0.0,0.9428853526504064
3.0,0.3325660027561639,0.5036592412643507,4.498125809875563,0.9358080190924863,0.4549432861387866,0.15240858124285903,0.0,0.6855529729350207,PID,31.863763381022004,4.080111665226016,0.8836562563341863
3.0,1.0,1.512152721129338,0.09854088397380543,10.195187669666783,31.810062733568653,28.246994395250752,1.56272017806898,2.7834837973111366,PID,17.711044153681712,0.0,0.9520441165995457
1.0,1.0,1.9266207568228575,0.4915611014604244,1.9266207568228575,0.0,0.0,0.0,0.9470518213203605,P,0.8550759355355997,0.0,0.9289300137770525
1.0,1.0,1.252859051931088,1.244510409764142,1.252859051931088,0.0,0.0,0.0,1.5591961320954728,P,1.3149181015401432,0.0,0.9165332610989382
2.0,1.0,0.6950664931053078,0.9528517815524077,5.266784763576975,3.177648185722205,0.0,1.4838230777943509,3.0278277349121794,P,2.665620290670499,0.0,0.9187097497437162
2.0,1.0,0.5554048998460734,0.3894921004867126,5.3558439578291175,2.6661873742162516,0.0,0.0,1.0384589206746409,P,2.546707197811158,0.0,0.9314414255430067
3.0,1.0,1.1004373703382997,0.1071250604146717,7.651628577104093,17.92761241792271,11.794968399469099,0.0,1.2635367023822708,Lead,4.96646044955299,30.533661104615522,0.7292569673975751
2.0,0.22547873295302778,4.928365091149824,0.07452249329305181,2.2224830325647913,24.288782471664206,0.0,0.0,1.8100606288409904,PI,12.393990853879806,0.0,0.9103553032326963
3.0,0.48106880035203975,4.669902548249191,0.01125331464174011,8.940357276163372,41.789961989461474,96.98598488506425,0.0,1.0914138037506786,PI,6.242320917282241,13.856243036039185,0.7263610783794239
3.0,1.0,1.0879188548235084,0.1391437840187851,5.1824344444724915,7.804592388259261,3.64462790069915,0.0,0.5071273174437207,Lead,5.882037537478652,14.49070176052882,0.7922502238204941
1.0,1.0,1.6210578934784525,0.8241217199559766,1.6210578934784525,0.0,0.0,0.0,1.3359490193216748,P,1.0162542946122781,0.0,0.9234034869856615
3.0,0.6543446613195203,1.1020284890986618,0.5272956248271342,3.109393527060459,3.6188962015698922,2.024735485247342,0.8222290470882432,1.067634162803168,PID,24.197511928784948,0.0,0.8831514426005095
1.0,1.0,1.0049178294533943,1.0389501590769183,1.0049178294533943,0.0,0.0,0.0,1.0440595387698355,P,1.6393450268055105,0.0,0.9200056193169228
2.0,1.0,2.6656210752687217,0.6412108587041001,5.732569254991046,8.17532170462487,0.0,1.1208188724745034,5.242105050404781,P,0.6344635268057919,0.48929180377915654,0.9266282008029967
3.0,1.0,0.4809933741026453,0.21152635072906026,8.28270985776931,18.66072416073684,7.1707214785759,0.0,1.5167965464576514,Lead,10.370259634284318,39.33006013416362,0.7176012396417146
1.0,1.0,1.9279654149446208,0.4587878013419607,1.9279654149446208,0.0,0.0,0.0,0.8845270137857835,P,0.8544795634261575,0.0,0.9295892812664102
2.0,1.0,0.8811780959817735,1.2290076917078885,2.326483067490018,1.2735710829066265,0.0,0.0,1.5652286568289888,P,3.299092845577488,7.689454248821251,0.8473839920517048
1.0,1.0,0.971689782092451,1.7713438721584485,0.971689782092451,0.0,0.0,0.0,1.7211967411484415,P,1.695404311564396,0.0,0.9075807460410844
3.0,1.0,0.6189698712682137,0.07760599683106514,2.157339583529292,11.801683900284669,6.715500866012264,0.0,0.521163138926763,PI,6.65766410874641,3.3417969656996283,0.8300168663357288
2.0,1.0,4.22663725742859,0.09712785536697759,8.74438207428539,19.094868562481853,0.0,0.0,1.8546436319881845,PID,4.366510276962805,0.0,0.9723298833877292
2.0,0.9249755278679319,4.5120632394662525,0.08116798523315863,8.347096153397576,20.35871467694269,0.0,0.0,1.652475852264174,PID,4.244507354090896,0.0,0.9731823040541019
2.0,0.9429559054664353,4.7412844397203955,0.07944564170225053,8.941644323860933,22.479778138334748,0.0,0.0,1.785920399524227,PID,3.982044082850829,0.0,0.9740351755811127
1.0,1.0,4.731809337976269,0.13544598886189338,4.731809337976269,0.0,0.0,0.0,0.6409045948881368,PID,5.075368061377354,0.0,0.9509334652480276
2.0,1.0,0.46641741937826886,2.4878009376997237,2.294131270024767,0.8524775775804584,0.0,0.8483692369887049,2.1207945168726536,P,3.2588803419070995,0.0,0.8964865572404203
2.0,1.0,1.5346806514455242,0.8807557475889167,6.043788185703404,6.920040088112804,0.0,1.5535664899579578,6.094865081151066,P,1.1083399141655743,0.0,0.9217982974447729
3.0,1.0,3.0219358784872394,0.025203641519028746,11.972034382086353,46.94207663106667,60.12278277723803,0.0,1.515313064243943,Lead,2.1821089257415496,15.59116225593986,0.7816487783004782
1.0,1.0,0.21084117728003682,4.08560615129343,0.21084117728003682,0.0,0.0,0.0,0.861414010841267,P,7.813497663573293,0.0,0.8736648037687892
2.0,1.0,1.7889062951844512,0.12287280943485548,5.396288316482888,6.453268407035984,0.0,0.0,0.7929312192097058,PID,12.110883716288646,0.0,0.9602755985965249
2.0,1.0,1.3759404526345014,0.3596896202189043,3.5592072027253554,3.0040450403418664,0.0,0.0,1.0805238196810492,PID,15.041450700880851,0.0,0.930617939035639
1.0,1.0,3.701739379275707,0.5249354318716323,3.701739379275707,0.0,0.0,0.0,1.9431741597363217,P,0.4450359350757282,0.0,0.9283635102729929
3.0,1.0,0.2052419566992412,1.6488362481524013,3.8892230372302232,4.137109378912142,0.6939234442259805,0.0,1.1441661282825577,PID,8.14482358502178,54.8201614841215,0.7143967250545494
2.0,0.8450283569307988,0.6924543025018627,7.970486756851696,1.1702870429856227,0.47949296105334105,0.0,1.760398320595822,3.821792296079261,P,4.938519915896859,6.546975770152962,0.7211210048344692
3.0,1.0,1.2047086564193086,0.06512492374176808,8.937247028173093,23.20645493173592,16.734606764729925,0.0,1.0898399894015127,Lead,4.563632587826166,29.907605275743936,0.7367279431151017
2.0,1.0,3.5746667218425405,0.08479457275352213,8.13726219315644,16.309758196535277,0.0,0.0,1.3829789779884645,PID,5.477017327473733,0.0,0.9714077949467557
1.0,1.0,1.6622114629239455,0.9411806329344631,1.6622114629239455,0.0,0.0,0.0,1.5644412367456788,P,0.9910935418317396,0.0,0.9214181056628041
2.0,1.0,1.3185882588731985,0.37523126709573934,4.620906144292068,4.354397590780289,0.0,0.0,1.6339061254271225,PID,16.926134601468558,0.0,0.920201066489116
2.0,0.46751974190728623,0.8992363275428348,6.895057576073451,0.8408214715329642,0.8086259727727244,0.0,1.1364565509238387,5.575522639776337,P,6.609033865825696,26.49904391602098,0.65813679793236
3.0,1.0,1.2900213502053015,0.08567661016309133,6.562372642052516,31.08723581941016,31.32918771902101,1.9676822457177563,2.684178602928872,PI,26.339251107669583,0.0,0.9418078112054711
2.0,0.1684484141498189,3.191741212866112,0.0676221378591649,1.0752874913678319,10.187211969908036,0.0,0.0,0.6888810522296561,PI,24.398403021018762,0.0,0.8887353608121754
3.0,0.19081826864242415,2.4747471923956725,0.020718846970810077,5.6544138896520595,10.572713932458228,28.845554628729545,0.0,0.5976466321407897,PID,8.61773122212424,1.0773331486107818,0.8313557579652421
1.0,1.0,4.953073602028647,0.11445517400547281,4.953073602028647,0.0,0.0,0.0,0.5669049009821028,PID,4.847454575686075,0.0,0.9548101572998775
1.0,1.0,4.323047982169619,0.14253343223868498,4.323047982169619,0.0,0.0,0.0,0.6161788666311573,PID,5.555128502206094,0.0,0.949645044475333
3.0,1.0,1.0624736738222484,0.06831456062271725,3.655700147611495,24.64179032886869,23.253888997747087,0.0,1.588579209650531,PI,4.7827172654919625,3.274011136404642,0.8286032184756519
2.0,1.0,0.32541015762742753,2.9743051510997085,1.773216653906989,0.4711309401683456,0.0,0.0,1.401287182185159,P,3.698859208934911,1.0133350005898853,0.8846326028999203
2.0,0.9424338503362466,1.5228135162176553,0.29767606059878954,2.8703020108661663,2.3189610051751783,0.0,0.0,0.6902991767027563,PID,12.37942118462453,0.0,0.9471154357836491
2.0,1.0,1.8001393613940226,0.29452496721098403,4.795516090120686,5.392095551584533,0.0,0.0,1.5881067655289274,PID,11.622115827507018,0.0,0.9380633638235333
2.0,1.0,1.1377999870686297,0.2517725742546139,4.748197570980973,4.107910324288076,0.0,0.0,1.0342591571531148,PID,20.0563061837116,0.0,0.9356153327533645
2.0,0.64181872955511,3.5830175289787567,0.11486301464102751,4.59929551684567,12.838014612969033,0.0,0.0,1.4746130604511871,PID,7.0360467787216745,0.0,0.9577179827809547
3.0,0.5928990360721131,2.2711957416988966,0.1789777362507714,6.849622779751639,16.35237797782976,21.440306301973234,0.9851951366226334,3.8373374864503176,PID,11.911193460903784,0.0,0.9413873259637052
3.0,0.35220754622385675,1.518672443973889,0.3272078366534914,2.892246984377258,4.2560015538175975,4.203285584222022,0.0,1.3753479828500947,PID,10.28095034703658,6.01861955584484,0.8114649265057298
3.0,0.18252377053196656,4.183883493335376,0.029216612984136355,4.188866019104507,21.56990944731157,46.59010991303206,0.0,1.3612052102174323,PI,12.42049467809655,0.0,0.8519233120508343
1.0,1.0,4.451120556354251,0.32258638964347,4.451120556354251,0.0,0.0,0.0,1.4358709101421514,P,0.37011063286318646,0.0,0.9319124171791566
1.0,1.0,4.382494800073892,0.18758958692134806,4.382494800073892,0.0,0.0,0.0,0.8221103892308173,PID,5.477556394101874,0.0,0.9416012612465043
3.0,0.4484478294213168,1.920438438801304,0.12905706930880026,4.576809476312351,8.60455591993709,10.527180006572907,1.0720849360521194,1.3586069997344958,PID,23.92577684688012,0.0,0.9072294064912252
2.0,1.0,1.1715940828247076,0.34016983738691287,6.056954435018097,5.723659281096205,0.0,0.0,1.9470162469085905,P,1.0367879754949212,1.3448311709806193,0.9242467112461831
3.0,1.0,0.5624498246540316,0.1767224853758935,8.093581026116093,17.893175505667926,7.681541536746779,0.0,1.357501111892051,Lead,8.958765931788815,38.54398850782157,0.7178136794870346
3.0,0.772236566947691,1.4969240493961975,0.6754552370753024,4.957883063030287,8.358049553077539,5.928938030799921,1.8929054573342488,4.004732243198737,PID,15.437028368308859,0.0,0.8842509160927877
2.0,0.6553253995189819,2.242195137250195,0.2988980406408641,2.938734848236005,5.027439033508426,0.0,0.0,1.5026916765570681,PID,11.069102346713116,0.0,0.9279476460523248
3.0,1.0,2.691913215610819,0.014101277041197144,11.095688399970758,44.203693477578646,58.09541738019452,0.0,0.8192195753021025,Lead,2.2267913712738756,23.787071686960065,0.7378282242318842
3.0,0.11955924425750716,1.2527057963231194,0.37594469021349686,5.207879843580634,3.0395395101121205,7.702511331651988,0.9503755753067946,2.895718236443856,P,22.883275643378386,71.92444565722074,0.7358504042837712
3.0,0.667285785812543,1.8747196372263617,0.11588067268935674,7.314441630954905,15.555181453255425,16.91386527704733,0.0,1.9599900860813977,Lead,3.942993575968747,41.051078910793095,0.6739052253489066
2.0,1.0,1.3380984886348302,1.400851446569114,4.452352224735674,4.167178217501912,0.0,1.3609715959164035,5.837597634098856,P,1.1392059955733402,0.18558421311745651,0.9140848296253322
1.0,1.0,4.0974431460247205,0.2357251923807782,4.0974431460247205,0.0,0.0,0.0,0.9658705738659782,PID,5.857705990246009,0.0,0.9333633078657367
2.0,1.0,1.7742264099478247,0.16236336361089632,6.394456104687811,8.197333544432862,0.0,1.5471450625241179,1.3309466469145503,PID,24.74944506604634,0.0,0.8995127914541203
1.0,1.0,4.7569426413871305,0.3118247959682687,4.7569426413871305,0.0,0.0,0.0,1.483332668583299,P,0.34631635700829566,0.0,0.9320948266590023
1.0,1.0,1.3081311741657247,0.6216719068305888,1.3081311741657247,0.0,0.0,0.0,0.8132284014281431,P,1.259359213049305,0.0,0.9268251881336323
2.0,1.0,0.729080983259961,0.39103843936490057,5.219013815287561,3.273524643945864,0.0,0.0,1.2800739679911324,P,1.7647664286684215,0.024329049453681466,0.9316512497722163
3.0,1.0,1.9898022633981522,0.04174565416025493,11.452518172881392,41.892656191170055,45.89224754446321,0.0,1.9158018946279696,Lead,2.8660628621311335,27.194266587958452,0.7380917319945527
2.0,0.44822977274989406,0.643625648043106,3.577358994136722,0.5769843559167295,0.41425397481890813,0.0,0.7075856429745023,1.4819351826753082,P,9.16033623440077,25.284355947621098,0.7013366637554644
1.0,1.0,3.7065334187501953,0.47215113862232727,3.7065334187501953,0.0,0.0,0.0,1.750043974004612,P,0.4444603244985981,0.0,0.9292612497749211
1.0,1.0,1.1623719316935481,1.4197454742025009,1.1623719316935481,0.0,0.0,0.0,1.6502722893619335,P,1.417280477224168,0.0,0.9135700280264765
3.0,1.0,1.9602200781978052,0.2714112526034612,6.642306676631929,24.151696501520846,29.351897034794455,1.909479381197338,7.966435140501381,PID,13.268358969025588,0.0,0.9241736497988128
3.0,0.4108812892995487,3.7366980384116077,0.01124562900750671,7.754413426897662,28.345156556286824,65.39857808152308,0.0,0.7354481467232686,PI,7.644942281500664,7.471832783245147,0.759765555484744
2.0,1.0,1.4811598862286475,0.20768919947417572,5.166619324995407,5.458754683024068,0.0,0.0,1.1337243902431766,PID,15.052204142207046,0.0,0.944744995365026
3.0,0.4500761532362818,3.0880755923230923,0.03962277023050879,4.522651005317201,14.381051994970218,16.620782436435327,0.0,0.658561443530153,PI,8.614134696783918,10.607482754599772,0.7478806866353457
3.0,1.0,1.8769186195742338,0.8082918484152135,5.872712583625795,12.274773844099236,8.962274683334817,1.923695249114914,7.2441335697975715,PID,9.48988212043175,0.0,0.911233985581629
1.0,1.0,0.2413037867224789,6.34977187065706,0.2413037867224789,0.0,0.0,0.0,1.532223997213427,P,6.82710813799734,0.0,0.8427552310179232
2.0,0.3471676990879913,3.466134022096211,0.24024936998448101,2.406659546363492,12.014085059132858,0.0,1.5571885139194124,2.8863763663966355,P,1.8796081209052051,66.03057024071066,0.8046247374773635
1.0,1.0,1.2520358703354846,0.9552524209076213,1.2520358703354846,0.0,0.0,0.0,1.1960102962011523,P,1.3157826265961416,0.0,0.9211874752234321
2.0,1.0,0.7732788166030687,0.38795246642314846,4.293688578106979,2.722258294333635,0.0,0.0,1.0561068195276069,P,1.5600640893221138,0.9044932505743026,0.9263470774017022
1.0,1.0,4.4945854375056875,0.21675908373515526,4.4945854375056875,0.0,0.0,0.0,0.9742422212031048,PID,5.3414428073327365,0.0,0.9365213880747466
3.0,0.28220252886152875,1.7490325917018592,0.2087885610091052,3.8139720283074423,5.849635994920039,8.647534406722333,0.0,1.805506265056282,PID,8.918659605370838,4.075940890169449,0.835213974430821
3.0,0.5843055218077432,0.47174833567396257,16.046289231623657,1.0554566191193162,0.500488492827329,0.11220044250045177,0.0,1.8004007522784085,PID,22.14221958296086,24.517514608445133,0.9982596755489861
1.0,1.0,1.2281006069000142,1.2613404887920425,1.2281006069000142,0.0,0.0,0.0,1.549053019793068,P,1.3414267827951116,0.0,0.9162546353471803
1.0,1.0,4.046517020077679,0.29988213421723986,4.046517020077679,0.0,0.0,0.0,1.21347816012728,P,0.40711729071906533,0.0,0.9322965403522433
2.0,0.1714494910263911,3.307263980577309,0.07488184127066062,1.1340574523197915,10.937995037224068,0.0,0.0,0.8190572081966864,PI,23.17225267193243,0.0,0.8864986324427501
1.0,1.0,4.174607176294921,0.15912565323396052,4.174607176294921,0.0,0.0,0.0,0.6642870939231087,PID,5.7509186449579275,0.0,0.9466083649863488
3.0,0.24569572475178378,3.7475514625471797,0.025175833421293266,4.760828361441701,19.420101034687512,40.99925486423283,0.0,1.0321904108590734,PI,11.561389467113534,0.0,0.8663822378922146
2.0,1.0,0.8761894241829379,0.2927448058531544,4.0857646558973855,2.8121958741477013,0.0,1.8558802222973239,0.8232557351984106,P,4.942792308816055,26.935156124850213,0.8782328146988092
3.0,0.8085442194880526,2.769655664162671,0.021531008511431988,8.555217062438974,25.92845802707448,31.270332281761178,0.0,0.6732817905139064,Lead,2.4008481317333095,22.39392722072227,0.7468391700416573
2.0,0.9018976799619302,1.1074397590426772,0.8637622537174684,1.9975946987563782,1.2264228199085017,0.0,0.0,1.0593377389347003,PID,17.615624887443687,0.0,0.886658948567081
3.0,0.3975500173972743,3.857659589322706,0.04028980210831948,7.977932471290136,29.943782735275025,73.0788733473508,1.3231293165879063,2.944333345463706,PID,13.587741237337529,0.0,0.9326108876439425
1.0,1.0,2.145293403663692,0.6775362454973066,2.145293403663692,0.0,0.0,0.0,1.4535140382084357,P,0.767916893441801,0.0,0.9258817089715793
1.0,1.0,2.9669504946570666,0.5341312212442045,2.9669504946570666,0.0,0.0,0.0,1.5847408910822758,P,0.5552526235369575,0.0,0.9282109002233667
1.0,1.0,2.163873592492994,0.5242685696285718,2.163873592492994,0.0,0.0,0.0,1.1344509131933411,P,0.7613231437260788,0.0,0.9284813749387737
3.0,0.196407180071724,2.961860878392128,0.2695975123344461,2.8641111859144273,10.751260289859228,14.919153339323143,1.9600311088610547,4.022166626417664,PI,20.503885600624876,0.0,0.8244508349444485
1.0,1.0,2.2610312956186225,0.5965885326087449,2.2610312956186225,0.0,0.0,0.0,1.3489053428355633,P,0.7286086881039284,0.0,0.9272510669624491
2.0,1.0,2.2877766237939277,0.11002856272732651,4.636783684207783,5.374003441941709,0.0,0.0,0.5912938748085519,PID,7.9378011803556605,0.0,0.9714234871415239
1.0,1.0,2.827173498644967,0.5783615305096311,2.827173498644967,0.0,0.0,0.0,1.6351283916925714,P,0.5827046153524693,0.0,0.9274517226719775
2.0,1.0,2.618185340722246,0.5032033499330231,6.637808317298926,10.524117952503385,0.0,1.751448330069029,5.295771408789971,P,0.5490015386294523,0.0,0.9248577265958504
3.0,1.0,1.1070493105403043,0.07357834822573858,9.000674498281834,24.087543784867364,16.992001852785112,0.0,1.250243429376618,Lead,4.83862947640851,32.96321677822334,0.725388045523486
3.0,1.0,1.6130274522705026,0.0353389875894086,9.485674911110795,30.25707577908654,28.321986535097402,0.0,1.0008703306712046,Lead,3.4259200047037184,30.411887317286478,0.7213662357769867
1.0,1.0,1.5446642606307512,1.1421595674094458,1.5446642606307512,0.0,0.0,0.0,1.7642530637148501,P,1.0665146388444986,0.0,0.918266835524929
1.0,1.0,3.347909636639437,0.5824653523539594,3.347909636639437,0.0,0.0,0.0,1.9500413661544056,P,0.49207034384483683,0.0,0.9273798874023569
1.0,1.0,2.8470661773998835,0.5918574516579169,2.8470661773998835,0.0,0.0,0.0,1.685057332457342,P,0.578633211668836,0.0,0.9273284269634124
2.0,0.6272339285177154,4.831222880900426,0.025055151961852387,6.060613814263699,23.340714524935834,0.0,1.8233240246023927,0.5848051493204826,P,2.341454007621693,430.29968548574766,0.789501176188655
2.0,1.0,2.2182069260037265,0.21683754504702346,6.181483730596886,8.791368057618465,0.0,0.0,1.9062986672188071,PID,9.570167120328012,0.0,0.947618701999336
2.0,0.3739348867778529,3.8914410778474964,0.07390273367554688,2.910291157695179,15.143313662358887,0.0,0.0,1.1191322765545793,PID,9.670982141129743,0.0,0.9472629017627986
3.0,1.0,0.729994199756105,0.4787774393044094,4.0297573771625625,7.881849124094908,3.9952882901606945,0.0,1.9128538968460296,PID,5.373035099768182,40.004979107043745,0.6363151431617623
3.0,0.9669465302021212,1.0188562478051324,7.3505397191776245,3.120066102951399,3.303403769050571,1.193474186461578,1.8389340647142034,8.772679411399032,Lead,5.29227232382987,27.009110000163588,0.7
2.0,1.0,3.3464963605348306,0.11438397765143338,7.958813302788126,15.435101860883792,0.0,0.0,1.7655283463029294,PID,5.981602391012575,0.0,0.966178621988326
2.0,1.0,2.0706631899125516,0.23683655623569183,4.688312247693402,5.42026954805608,0.0,0.0,1.2837179736307918,PID,9.418483190843705,0.0,0.9513694443984644
3.0,1.0,0.3226868798500608,0.4152620711699479,4.153028154725068,17.791118726843884,5.342119325242114,1.6903730177479526,2.218379535437045,P,5.717038491761912,0.0,0.9284498442230568
2.0,0.8215273466190459,1.6174595522651265,0.6894763249652464,2.6575745084719977,2.6161754032137012,0.0,1.7404322290937,1.803791002472254,P,2.412140467345887,10.315196078646377,0.8769452815845183
3.0,1.0,0.5044380766560224,0.09426124092993558,8.76400971534666,21.21283875077978,8.598851373252261,0.0,0.8105384010148388,Lead,9.83828921648433,39.923975435114805,0.7174630048379549
2.0,1.0,2.1401690254706804,0.13514381156877317,6.6006995572537415,9.546289281288372,0.0,0.0,1.2901219198114349,PID,10.183368179864043,0.0,0.9580371200420894
1.0,1.0,4.588772596579101,0.29092591383556404,4.588772596579101,0.0,0.0,0.0,1.3349928610433692,P,0.35900821219398427,0.0,0.9324514326431237
1.0,1.0,0.22924354638472375,2.3007269775886323,0.22924354638472375,0.0,0.0,0.0,0.5274268116054248,P,7.186274475521679,0.0,0.8983580027725842
3.0,1.0,1.5409548461527833,0.05757680605404924,5.939037451821962,16.474682702310066,14.943310995332695,0.0,0.860388118983612,Lead,3.345344771913442,39.21773501278948,0.6526625222232624
3.0,0.5455632428669765,2.785428107466595,0.032485445441374106,7.368071132640603,20.914985020336662,33.58559981099126,0.0,1.091043170275781,PID,4.568771821573223,30.45473117255364,0.6903395471566447
1.0,1.0,4.6577916554596985,0.15977884624626626,4.6577916554596985,0.0,0.0,0.0,0.7442165767648372,PID,5.155100673482781,0.0,0.9465003729041372
2.0,1.0,0.7072300177367823,0.8720911639379735,3.871224890465585,2.2376721499590793,0.0,0.0,1.951454109769401,P,1.7303126403053317,0.9868591634924541,0.9179994050301171
2.0,0.8305713553663936,4.219799816363499,0.09115763990891972,7.0096897057037815,17.806710490181427,0.0,0.0,1.623217702826342,PID,4.931455062714097,0.0,0.9700480739096313
2.0,0.13383768537280027,3.317651451987072,0.6833308077665474,0.8880535824153198,11.006811156871924,0.0,1.608852945623988,7.521293158759138,P,5.337635320863497,71.57842481805139,0.7292453611361469
2.0,0.19984702279351815,4.759921390881956,0.024291785929788225,1.9025122373978822,22.656851647375625,0.0,0.511195730617652,0.5503753900610183,P,2.673562676488654,244.53672253983032,0.7708432557231071
1.0,1.0,1.7078469156706113,1.1483864797261545,1.7078469156706113,0.0,0.0,0.0,1.9612683073981438,P,0.9646104875949796,0.0,0.9181525455500484
3.0,1.0,3.3758521673145014,0.03065148437483093,10.925583165718097,39.73635363582392,48.1044683770148,0.0,1.4744733608176177,Lead,2.1184183485036447,9.404880928569279,0.8072901261803744
2.0,1.0,3.6089186950452925,0.3839736192209954,7.60943831443022,14.437550044293742,0.0,1.6055328684882997,5.54363834319171,P,0.4049827950437646,0.0,0.9281064366646333
2.0,1.0,1.3703941730071856,0.38207290608776806,3.033009868860149,2.278438861547188,0.0,0.0,0.87052975717464,PID,14.048226147412219,0.0,0.9352036365387292
1.0,1.0,2.1944118196726405,0.479346782415776,2.1944118196726405,0.0,0.0,0.0,1.0518842450552284,P,0.7507282959806368,0.0,0.9292375606708616
3.0,0.8066946251330076,3.5632519864922103,0.0417520968332028,8.962849638582009,31.17340823367408,40.80660429320327,0.0,1.703761293884012,Lead,2.031119547398844,14.985552826742044,0.7786160690502365
3.0,1.0,0.30837115013550026,0.3338398247002778,5.7149834958377355,24.408846098022387,7.012854220809636,0.7352223534866551,2.3411700237236923,P,5.420735943502935,0.0,0.9312821469001944
2.0,0.10166861460719506,2.8116117562738885,0.1319249886827195,0.5717053441473374,7.905160668017535,0.0,0.0,1.0428882316632926,P,13.506608942751098,74.21953479051737,0.755723062100266
2.0,0.5326977912050624,2.3582045279238755,0.23139973090443103,2.512420686469651,5.561128595520671,0.0,0.0,1.2868436605284197,PID,12.256080934379094,0.0,0.9287219379547056
2.0,1.0,0.5695413081584428,1.094220531632954,2.9607841807358573,1.3619115937722932,0.0,0.0,1.4902316281746024,P,2.1209845578094972,1.3082614161224773,0.9120705462852652
1.0,1.0,3.3173013092922647,0.3437646738356233,3.3173013092922647,0.0,0.0,0.0,1.1403710026033416,P,0.4966106158183378,0.0,0.931550894638792
1.0,1.0,2.7744254546592457,0.20757148777651546,2.7744254546592457,0.0,0.0,0.0,0.575891619348655,PID,8.651252172429446,0.0,0.93815055213295
2.0,0.6893513153239874,4.943102615743157,0.03411376223564285,6.815068579887975,24.434263469766833,0.0,0.0,0.8335446544106795,PID,4.843285189449495,0.0,0.9741648100401494
1.0,1.0,1.4493934865897184,0.5130112441162931,1.4493934865897184,0.0,0.0,0.0,0.7435551557694431,P,1.1366182208661628,0.0,0.9286674225603482
3.0,1.0,0.5350692769819071,0.5916935101662373,5.545633463069305,16.575534114734364,7.4345388812118065,1.3566741528082384,4.398968407091584,P,3.0626411981427033,0.0,0.927157708248154
2.0,0.9331258559241894,3.714963159220685,0.057546397612407076,6.933056355349264,13.800951274366934,0.0,0.0,0.7941950294641758,PID,5.11919092281085,0.0,0.9767268820068326
3.0,0.9059707407356173,1.7209918681567395,0.32852767131796856,4.965128636208986,8.720732266341251,5.46985281281648,0.0,1.7969980070466385,Lead,3.9987434161531734,13.36093797271337,0.7859765777936892
1.0,1.0,2.68149434700608,0.1893811494192906,2.68149434700608,0.0,0.0,0.0,0.5078244815973415,PID,8.951331594020516,0.0,0.9412860139426333
2.0,1.0,0.7175064561460172,1.517676399397797,3.215498846619878,1.7923256675686177,0.0,1.3056160335002012,2.7201703657037926,P,2.3691198622907974,0.0,0.911243322627055
1.0,1.0,1.5660011997037895,1.2671879828783987,1.5660011997037895,0.0,0.0,0.0,1.9844179014377974,P,1.0519832592556244,0.0,0.916157673795905
1.0,1.0,0.47551580393868614,2.059006712555653,0.47551580393868614,0.0,0.0,0.0,0.9790902322360525,P,3.4644632889531253,0.0,0.9026160097813158
1.0,1.0,2.02105242047726,0.7556317501665222,2.02105242047726,0.0,0.0,0.0,1.527171377663518,P,0.8151233631404692,0.0,0.9245558784150406
1.0,1.0,1.38917023367823,0.8569173074290114,1.38917023367823,0.0,0.0,0.0,1.1904040162040792,P,1.18589284892797,0.0,0.9228505164556041
1.0,1.0,1.7471458799772253,1.1007431564786971,1.7471458799772253,0.0,0.0,0.0,1.923158870754882,P,0.9429132764140363,0.0,0.9189573711215838
2.0,1.0,0.7744331249000534,0.9462228115958778,2.6247685700239423,1.4329610608806245,0.0,1.2364697575074193,1.3559004439338764,P,2.0993170501593985,0.0,0.91665130939939
1.0,1.0,2.243129794868476,0.4051626043776614,2.243129794868476,0.0,0.0,0.0,0.9088323096460411,P,0.7344234158145113,0.0,0.9305032389689337
2.0,0.922072862851323,4.963002334801435,0.16127876632081903,9.152499542376319,24.631392175244496,0.0,1.1853164112272665,3.9725205427877075,PID,6.183507253138156,0.0,0.9312180657745706
2.0,1.0,0.52154390858636,0.848858300591502,4.989955428981964,2.3304728095194425,0.0,0.0,1.978241188663377,P,2.6931801970305242,0.0,0.9241758264828208
3.0,0.7487850853405121,0.8984671656812421,0.5243803723356678,5.277206394744379,6.097399787807389,3.173829210515408,0.0,1.664293743139888,Lead,6.031578877700666,35.27041879253969,0.7150798484200187
3.0,0.791420247477983,3.1586429181489777,0.0312307584531554,9.354107630309544,31.747803421140734,43.4447532996283,1.6716356653738695,1.3568125963576174,PID,18.111067031145165,0.0,0.9306196145566665
3.0,0.8344400716478805,0.45006854810817,0.9711881145419081,3.379867905351807,2.1770489177478134,0.532485571130832,0.0,0.5171436578473237,Lead,12.115671761312559,28.31380962729389,0.7542302523863826
3.0,0.2471215813083948,1.9849764480703858,0.20112063376426895,3.531649285245501,6.4424142518278895,10.049653097264766,1.324262821193596,2.021192600032938,PID,32.751545665685455,0.0,0.8348946934887304
1.0,1.0,1.208031717498689,0.8406291053597712,1.208031717498689,0.0,0.0,0.0,1.0155066219271507,P,1.363711748788912,0.0,0.9229804148192886
2.0,0.13459041562694055,0.9045506558700612,3.627884206941779,0.24348769745834634,0.818211889034958,0.0,1.5782031178059843,2.968377990161924,Lag,31.53215894517822,11.284814626804291,0.7959919550105936
2.0,0.736950135289315,3.9988065469127996,0.016276290438629167,5.893842051486371,15.99045379963267,0.0,0.7925498233070775,0.26026527028830265,P,3.1246535979194623,295.6644944215972,0.8026663456864954
2.0,1.0,0.39021085500039576,1.0066548368747739,4.442910877378305,1.581407540792207,0.0,0.0,1.5919315500087163,P,3.7549877841826285,0.0,0.9213872821420064
1.0,1.0,3.8033722444920377,0.33132331744027044,3.8033722444920377,0.0,0.0,0.0,1.260145909505349,P,0.4331437840322756,0.0,0.9316884536522153
2.0,1.0,0.804147873196321,0.5396466782556615,2.728378366066141,1.5473658583807743,0.0,0.0,0.8350308455214052,PID,27.601570286213434,0.0,0.8995779366740383
3.0,0.34387866734224676,3.886981607557206,0.0329167948588479,4.689560596392733,20.49869539729989,30.46292563698678,0.0,1.0027418739930325,PI,7.058669772490363,0.2724210452529796,0.8834063785667989
1.0,1.0,3.2697758355569424,0.1568172014087253,3.2697758355569424,0.0,0.0,0.0,0.5127570957659161,PID,7.340670551013141,0.0,0.9470485973065312
3.0,1.0,1.016777638719595,0.2823135808134455,6.0671200926490325,11.353117715946473,6.322366510531551,0.0,1.78488992880317,Lead,5.499652617578213,27.01309438300943,0.7396195211185534
1.0,1.0,2.817820527545156,0.5621513027195129,2.817820527545156,0.0,0.0,0.0,1.5840414803892946,P,0.5846387411684473,0.0,0.9278360689119161
3.0,1.0,0.8590104170067147,0.0811938835293818,7.575974027472013,21.83739482589552,13.8021095995648,0.7491225784731373,1.1206468792868267,PID,30.662779888819713,0.0,0.9570255925527245
1.0,1.0,1.1265594149581388,1.2367824971234984,1.1265594149581388,0.0,0.0,0.0,1.3933089663899143,P,1.462334808256718,0.0,0.9164764827101272
2.0,0.6923133748922574,1.5686200192257553,0.4601351236411709,2.1719532388674807,2.4605687647158083,0.0,0.0,1.1321941127801116,PID,15.18743486546083,0.0,0.9084674394885309
1.0,1.0,4.925655455796735,0.2735882943853494,4.925655455796735,0.0,0.0,0.0,1.3476016748813193,P,0.3344543809136847,0.0,0.9325581914415517
3.0,0.96196564260618,0.7836439788510894,0.7123105829803146,4.968004748572567,5.831154771408674,2.1249798510576716,0.0,1.5136456365283122,Lead,7.449556154130168,18.260206602529056,0.7825433234114786
1.0,1.0,2.3521383719588576,0.7215224566128262,2.3521383719588576,0.0,0.0,0.0,1.6971206564290484,P,0.7003869609467965,0.0,0.9251358455413369
1.0,1.0,4.358542222121952,0.19639669148434077,4.358542222121952,0.0,0.0,0.0,0.8560032721195581,PID,5.507076550678908,0.0,0.9400585653504416
1.0,1.0,0.9540891331445762,2.0306439329175805,0.9540891331445762,0.0,0.0,0.0,1.9374153096826274,P,1.7266804419341115,0.0,0.9031090068289788
2.0,0.30569052036190036,3.715185104438316,0.10787072157960097,2.271393735633059,13.80260036024033,0.0,0.0,1.4888964605339847,PI,12.874788139428054,0.0,0.9194235286506134
2.0,1.0,4.304335665219166,0.08439831930612383,8.754115976806938,19.153348097557302,0.0,0.0,1.6165103885189809,PID,4.235336656366157,0.0,0.9744963856957752
1.0,1.0,2.885555623372276,0.4813431685350066,2.885555623372276,0.0,0.0,0.0,1.3889424867380176,P,0.5709150198731318,0.0,0.9292025423496374
2.0,1.0,0.8511399585716,0.5804580082299543,3.0136066775353854,1.8405618335913,0.0,0.6917218038832007,1.0683688559504787,P,2.04958705026421,0.0,0.9249934038310674
2.0,0.5893544513381266,3.975067502202266,0.47013591452077763,4.685447453584866,15.801161647064554,0.0,1.864202593894236,7.428693581433331,P,0.9251638480818701,15.93359359965403,0.8599757250420011
3.0,1.0,4.754452315994071,0.01578348085443954,14.537511858322892,70.43509708889933,113.73604153857293,0.0,1.7951506340838062,Lead,1.538987502671395,7.570429091110879,0.8154127123096215
3.0,1.0,2.0441120476175367,0.09447815183751322,8.08821001540212,20.674377081482245,17.006120203163825,0.0,1.6067068067215131,Lead,3.248061204262915,12.931426066308273,0.7947311441399971
3.0,1.0,1.057417370941961,0.09877103445185374,9.481478834460425,26.346891062943175,18.440451830556494,0.6352954355121834,1.8213825030636448,PID,22.491755848165692,0.0,0.9579363928611725
3.0,1.0,2.0725266197874554,0.1170236297871317,7.09687786551002,21.60981472446117,23.205485789187648,0.7685713237215994,2.715590178024441,PID,11.62639361271286,0.0,0.9575339931717348
2.0,0.7931238192326769,3.1156688040853737,0.17656927447085188,4.942222282720597,9.707392096750784,0.0,0.0,1.7140271795273676,PID,6.914250806241405,0.0,0.9563146018083959
1.0,1.0,3.039091237137772,0.5580555957971214,3.039091237137772,0.0,0.0,0.0,1.6959818710227301,P,0.5420722569731552,0.0,0.9279021520516937
1.0,1.0,2.076607078247478,0.34908542544414417,2.076607078247478,0.0,0.0,0.0,0.7249132653903421,P,0.7933166863000944,0.0,0.9313817371755528
3.0,1.0,1.0843298170017464,0.18473305592051667,4.7328051422286705,13.616714084519874,10.475237055104472,0.0,1.9351225526812827,PID,4.7759680973392085,34.195730080790774,0.6575859638228334
3.0,0.44480516142531,1.3054327058454724,0.08214691199663554,5.45681685234189,6.692621046927775,7.320179578066591,0.0,0.6013301475990049,PID,7.383984823654689,32.76196741112707,0.749535742426304
1.0,1.0,2.470299608825923,0.2572552423485896,2.470299608825923,0.0,0.0,0.0,0.6354975245421388,P,0.6668855227830383,0.0,0.9328445382447264
3.0,0.5890140305971593,3.347257528835335,0.04241990465941417,8.341986252239593,28.54941019145212,49.28499727698243,0.5339875114337627,2.090664885629082,PID,8.315628391525964,0.0,0.9670331504677427
2.0,0.7144686127926384,4.434416749443949,0.20572616277091607,6.336503167039316,19.664051907749034,0.0,1.5828562714669787,4.045409943509321,PID,9.231978683131848,0.0,0.8936545497447512
1.0,1.0,3.244741756247378,0.16550257539461616,3.244741756247378,0.0,0.0,0.0,0.5370131171493909,PID,7.397732174307247,0.0,0.9454853570363726
3.0,0.14252379992267966,1.0189197041028903,0.1736838890094234,3.363291662561278,1.930678114498132,3.1902258545957807,0.0,0.5540908332446064,PID,20.699026829069552,0.7994028991219038,0.895368839118566
1.0,1.0,3.590661823095242,0.4533928318677422,3.590661823095242,0.0,0.0,0.0,1.627980332252542,P,0.4588031753551503,0.0,0.9296778509465821
3.0,0.20657823621442467,2.1498986408191145,0.15730848783805337,2.234921099645844,5.818242266368997,6.224425476095123,0.0,0.9791549593051792,PID,11.219715194431108,1.9098868000172133,0.8873825241104641
3.0,1.0,1.8534929767588986,0.022499362226457795,9.091365887479128,33.99890693089207,38.1514844975953,0.0,0.8583840691884859,Lead,2.8995494751803967,36.22431844053439,0.6716964434338254
1.0,1.0,2.152738176560243,0.7991162073878493,2.152738176560243,0.0,0.0,0.0,1.7202879671518558,P,0.7652612212670111,0.0,0.9238257744969823
3.0,0.5456417544134667,2.0321166978209977,0.08736679785470292,5.396708481913516,11.179504088837536,13.128059226657594,0.0,1.1469564966799615,PID,5.461222285907904,28.597692944533662,0.7078292688996572
2.0,0.29531604805489636,2.8161323025618343,0.20440450549107322,1.6632981247845933,7.93060114553222,0.0,0.0,1.6210506053994522,PID,16.074709988095194,0.0,0.8927664613665457
2.0,1.0,0.23358052068499055,2.782515427987094,2.087128789368494,0.4329527697138554,0.0,0.0,1.204697761318546,P,5.9367588300448,0.0,0.893721467909614
2.0,1.0,2.023986226125455,0.14507949858772523,6.8454618784216805,9.758600309846804,0.0,0.0,1.4157728398705942,PID,10.963808524407334,0.0,0.9551186710676106
3.0,0.8204816615600298,4.819242091313328,0.002959569984367044,12.708997371597405,61.19076160937442,111.49898305288849,1.1558923636071596,0.3299890435307785,PID,40.05863974120819,0.0,0.7925797117304569
1.0,1.0,4.68132302235959,0.15112992735780786,4.68132302235959,0.0,0.0,0.0,0.7074880083076384,PID,5.128569381430313,0.0,0.9480761159966655
1.0,1.0,0.5309733643800418,3.1028430217428986,0.5309733643800418,0.0,0.0,0.0,1.6475269983979621,P,3.102617111474326,0.0,0.886647796354354
1.0,1.0,3.972447362400987,0.3884416690074284,3.972447362400987,0.0,0.0,0.0,1.543064083495196,P,0.41470833865672696,0.0,0.9307863597176216
3.0,0.5460206875403353,1.6870922492776297,0.2918007531029919,4.195792820405183,7.182158179253955,6.698487989928177,0.0,1.9546238401123885,PID,6.804662345393995,26.43131380629029,0.7198075601488592
1.0,1.0,2.4787603601945567,0.4269173343143005,2.4787603601945567,0.0,0.0,0.0,1.0582257653782154,P,0.6646092427963897,0.0,0.9301273678350703
1.0,1.0,3.322616272908391,0.1515850399923048,3.322616272908391,0.0,0.0,0.0,0.5036589206079012,PID,7.226344942644295,0.0,0.9479833580853501
3.0,1.0,1.3700910788913612,0.041838740616415716,5.685473934421536,19.015707631956282,17.952632337623008,0.0,0.751115527755686,PID,4.062924807752517,35.1079650892828,0.6416819647045565
3.0,0.5755685098572563,4.590760699517956,0.01896347460150932,9.641221761883576,44.09809218354624,91.8162827366753,0.0,1.7411557456819406,Lead,1.8440386705077554,33.75766253888297,0.6888701375568991
2.0,0.16957658040978246,1.7011594201696703,2.509722952308989,0.576953594408522,2.893943372832009,0.0,1.5753031165995197,7.262996105478983,Lag,20.23334570199156,9.439828659157559,0.7694540238138057
1.0,1.0,2.7559654851767985,0.49141800273249103,2.7559654851767985,0.0,0.0,0.0,1.354331054325263,P,0.5977604055360392,0.0,0.9290301687171684
2.0,1.0,3.0650650678185345,0.0721366326351731,7.232648082571032,12.773913115751736,0.0,0.0,0.9214670777446023,PID,6.497893409576388,0.0,0.9724782768422893
3.0,1.0,1.0665102208937145,0.46703233125261345,4.813542955616791,8.4775566484054,4.77936071970225,1.1422920507752412,2.2321159788197105,PID,21.734894178323113,0.0,0.9038184714891632
3.0,0.6716277797015673,4.872982974143535,0.008686457809445908,10.759035237497464,51.32528139282198,100.05061784622603,0.0,0.8690854707302382,Lead,1.3979427857188043,22.88058805926353,0.7398799254823626
1.0,1.0,0.3426426241108798,1.498121523064106,0.3426426241108798,0.0,0.0,0.0,0.5133202898996733,P,4.807945451437782,0.0,0.9122449509127458
2.0,1.0,0.7678093878348835,0.25240581773894816,3.597288925966808,2.172500952064402,0.0,0.0,0.5483518793444588,PID,30.033562262150213,0.0,0.9342056573725923
3.0,0.8516419346971311,4.878817689516349,0.010223008773038295,12.780720213971865,60.95450298026338,106.41566343348394,0.0,1.0878882608691969,Lead,1.5125647885666054,12.639018489754953,0.7901069869731795
2.0,1.0,1.655839399455475,0.27322502917419306,5.773567090993171,6.818295747876958,0.0,0.0,1.8629290546319583,PID,13.466836743780275,0.0,0.934838553682738
2.0,1.0,2.7152426941701524,0.05112947466412884,6.567709344715879,10.460381927428442,0.0,0.0,0.5348338327355637,PID,7.426387325430962,0.0,0.975101914798906
2.0,0.9166761330427909,1.8813968546206172,0.5173579842414869,3.4492631868249948,3.539654124576351,0.0,0.0,1.8312683228028863,PID,10.242351141795574,0.0,0.9216587387224244
1.0,1.0,1.5864940174955522,1.1667032804294404,1.5864940174955522,0.0,0.0,0.0,1.8509677745937427,P,1.0383947420509125,0.0,0.9178491715051698
2.0,1.0,0.41315361741352064,1.1407091058324068,2.343478233557719,0.7975205979423412,0.0,1.0472544356159095,0.9097390081617345,P,4.543377475520943,0.0,0.9144235893501651
3.0,0.33567977621242695,0.6079798786945613,1.3634876535561145,2.569845023561826,1.2519758617944712,0.7990394003824915,0.0,1.089480357126408,PID,20.073092644479843,23.91921403620101,0.7955304637668668
2.0,0.9184796646373979,3.0312396280274863,0.19092821942893964,5.568263913972554,9.188413682524217,0.0,0.0,1.754327463780855,PID,6.347645582339951,0.0,0.9586683272666885
2.0,1.0,0.35975153542232385,0.9975004295142964,5.335380642559117,1.7899902109844676,0.0,0.0,1.7855160042833926,P,4.191913766980261,0.0,0.9212743032879266
3.0,1.0,1.136385915781662,0.15887157742440297,6.726624393289168,14.075416316424896,8.776022109155457,0.0,1.3942604759929633,Lead,4.9732904789630945,26.91552479828742,0.7398736355886194
3.0,0.3863022388848079,1.3163200067234986,0.2746761299080774,4.4039895078880305,5.177254203002564,5.868640294937929,0.0,1.6119754040361483,PID,9.529295959511472,22.719898666451698,0.794830802392004
3.0,1.0,0.34642436811506794,0.20142914093831588,6.25554268699167,19.244934784162435,5.957762011342813,0.0,1.2000668838597157,Lead,13.999691804621643,40.6211854811161,0.6882312563872691
2.0,0.12185964147001796,1.274527537173533,1.5742785414748683,0.31062693744726344,1.6244204430136315,0.0,1.7299553984535958,2.5572902457694595,Lag,35.228495221265135,0.0,0.8165408736943907
2.0,1.0,2.237589875317308,0.09223850916600047,5.615972006318344,7.5594336512808304,0.0,0.0,0.6972708901334393,PID,9.14630160749916,0.0,0.9681855487679257
3.0,0.5108456859085178,3.1197768092780067,0.09749559640758208,5.247857348326323,16.300453815036732,20.05396910954006,0.0,1.9551736786738358,Lead,2.7293882479882288,28.286881084993,0.7051597394106663
1.0,1.0,1.7081285890682085,0.7495297243099721,1.7081285890682085,0.0,0.0,0.0,1.280293150450276,P,0.9644514216352282,0.0,0.9246615933185711
1.0,1.0,3.6398865523800548,0.43832009020477536,3.6398865523800548,0.0,0.0,0.0,1.5954354019743742,P,0.4525984594177533,0.0,0.9298444700984083
2.0,1.0,1.1672939837059748,0.38996346130543336,3.5229410382396766,2.7497326344918904,0.0,0.0,1.0722952558109657,PID,18.559868069297128,0.0,0.9217094530250867
3.0,0.5223277793742674,2.639034088507253,0.04612383910758977,5.038467882138333,13.254564145948091,15.890109550777137,0.0,0.7329128563220203,PID,5.662932419453552,23.828036674699725,0.6983688622351619
3.0,1.0,3.1241607676450065,0.02149086983037305,11.1015460083327,40.160878182544145,47.60672465118818,0.0,1.0231099225290972,Lead,2.2174116037363,10.958389846622051,0.8017132368867061
1.0,1.0,4.800693507648587,0.1845141269642828,4.800693507648587,0.0,0.0,0.0,0.8857957713868795,PID,5.000712004959095,0.0,0.9421513905188197
3.0,1.0,0.6494854618257048,0.3677174645737784,5.926246746039432,9.209440188763573,3.7554940982075133,0.0,1.3809607680146552,Lead,8.231739312251158,31.31606695458185,0.7354709635987638
1.0,1.0,3.538118985009576,0.35159558976773597,3.538118985009576,0.0,0.0,0.0,1.2439870312028651,P,0.46561663218292,0.0,0.9314164283477655
1.0,1.0,3.201204836901642,0.3041048630635229,3.201204836901642,0.0,0.0,0.0,0.973501958564261,P,0.5146209411757262,0.0,0.9322277062663711
3.0,0.30273668372188656,4.736701870045908,0.040477686966288014,6.3119740896031225,32.31363166836525,77.27138238672153,0.8576557802022395,3.127766827702055,PI,9.888320412784704,0.0,0.9459467861620681
1.0,1.0,2.367281889100796,0.4442350764114616,2.367281889100796,0.0,0.0,0.0,1.0516296508921612,P,0.6959065811500683,0.0,0.9298301529999152
1.0,1.0,1.8587933720565233,0.551533835256544,1.8587933720565233,0.0,0.0,0.0,1.0251874374397785,P,0.8862776631487336,0.0,0.9279088972887733
1.0,1.0,2.7061070673428076,0.7237434627200862,2.7061070673428076,0.0,0.0,0.0,1.958527299409981,P,0.6087737865007089,0.0,0.9249678057264129
3.0,0.4626907316912642,1.3817186077969164,0.3900562718484522,3.694093548366249,4.99761544712592,4.611498548080262,0.0,1.7987439312987374,PID,8.234687702270914,22.254527278717152,0.7701355086224996
2.0,1.0,2.5579018459361107,0.1863224805252494,5.5337824151457475,7.612010401266734,0.0,0.0,1.418288659748017,PID,7.423355633360425,0.0,0.9596131217253724
2.0,0.2523543086503562,1.7246468609644898,0.18059146550030225,0.8704441325294018,2.9744067950346684,0.0,0.0,0.537152482109368,PID,29.680345939221244,0.0,0.8848123396545925
1.0,1.0,0.9688519600004004,1.9135143869115347,0.9688519600004004,0.0,0.0,0.0,1.853912164248205,P,1.7003702465151946,0.0,0.9051466276729256
3.0,1.0,0.3737099725787604,0.25169599833378137,4.517522998934749,8.456226297607273,2.5814547192792405,0.0,0.6497418227224397,Lead,13.266543442324577,41.2729004169534,0.6826085091460812
3.0,0.7707336199149908,4.923962653305721,0.011818595564456942,12.51834732350612,61.651226030535305,119.4867105831767,0.0,1.4121651077098827,Lead,1.4261643939325113,19.065516621068753,0.7599113051539428
2.0,1.0,1.604222403225008,0.22796020828273902,4.0317393467541685,3.894277065017776,0.0,0.0,0.8877402108521457,PID,12.761309909438511,0.0,0.9487358515109283
3.0,0.6032016380833368,0.9868364078291046,1.4391467288383684,2.567884391343685,2.6136264508843765,1.3413383295552401,0.7437893795323711,1.9303826692449453,Lag,44.95406439089611,0.0,0.7666396573793579
2.0,0.12598497853239693,1.955712379245731,0.376162614750951,0.4927807642296329,3.824810910334994,0.0,0.0,1.4387508729595764,P,14.87614696777577,69.7431536240477,0.7334557815965957
3.0,0.7631723026210936,1.4540041568908355,0.07010993405021194,6.957589364430042,12.62984239327582,10.01732653272584,0.0,0.7023141025688469,Lead,4.037750631196295,32.42896453814154,0.7124158727250733
2.0,0.9734418934524868,3.796590571627093,0.1162955637306402,7.391520629417073,14.414099968567736,0.0,0.0,1.6762958815143882,PID,4.847054834002304,0.0,0.9701850825668461
1.0,1.0,0.9784821358210092,2.0098110245207588,0.9784821358210092,0.0,0.0,0.0,1.9665641838696823,P,1.6836352813741768,0.0,0.9034762442474179
3.0,0.1436537764962614,3.5304836785944613,0.032036251989300185,5.178029330133302,16.687694717134363,51.897602369034026,0.0,1.6626046671348762,PI,20.5652434923242,0.0,0.8270383228876852
1.0,1.0,3.9520471577951994,0.27466031211413927,3.9520471577951994,0.0,0.0,0.0,1.0854705058498264,P,0.4168490355215496,0.0,0.9326081588224118
3.0,1.0,0.7566219208007968,0.39485494225335943,5.487571440795558,8.683772491653746,3.861974106527884,0.0,1.524919562817037,Lead,7.1922492276210725,29.528364596168338,0.7349726501049968
1.0,1.0,3.981176782895144,0.4876775684059761,3.981176782895144,0.0,0.0,0.0,1.9415306128766305,P,0.41379901870737895,0.0,0.9289971225091809
1.0,1.0,2.569454761108387,0.21150066673581874,2.569454761108387,0.0,0.0,0.0,0.5434413951219477,PID,9.341972885002631,0.0,0.9374506791859084
1.0,1.0,1.4143418149226619,0.7501759836164342,1.4143418149226619,0.0,0.0,0.0,1.0610052621794606,P,1.1647870611480808,0.0,0.9246517607322092
1.0,1.0,2.4600583692760356,0.4254828270491527,2.4600583692760356,0.0,0.0,0.0,1.046712589665496,P,0.6696617717031735,0.0,0.9301567035778053
2.0,1.0,1.3600694383269882,0.27411552162447533,5.537424688488589,5.681493208779584,0.0,0.0,1.55738547453053,PID,16.734434480408666,0.0,0.932491387969654
3.0,1.0,1.204789850705734,0.17444384385205974,7.8062053080662634,17.361186297228926,11.334503827649304,0.0,1.9772344158510287,Lead,4.7397729878297055,25.181663662375826,0.7523775180524944
3.0,1.0,0.9238088798432849,0.09970740601404056,7.119766295157363,18.80171845046651,12.081422846824772,0.0,1.2046073330156633,Lead,5.604616611333241,38.941995332926346,0.684891545878913
3.0,0.9201595417373885,3.8572198010303946,0.02146482080294224,11.486442744134937,46.02591493762509,65.28422033347017,0.0,1.4013140907177353,Lead,1.8745550048402557,12.144324966484202,0.7930047227128633
3.0,0.14129916913795368,4.323355204367911,0.060397290881268245,2.926619107177303,20.77433516436358,31.865960972947768,0.0,1.9246177140942682,PID,9.139860730707285,3.8127284206045724,0.8569926920859867
1.0,1.0,2.486730970941854,0.3080929656340499,2.486730970941854,0.0,0.0,0.0,0.7661443195715163,P,0.6624789996638245,0.0,0.9320302061578069
3.0,0.8765571369832735,0.7808707478903312,0.35136233401353056,4.2595343739286955,4.566833207268878,1.7625567505973998,0.0,0.6192960537212067,Lead,7.656485542729918,23.566111696437098,0.7599938463832883
3.0,0.4491545567296797,1.0515638387130266,1.750866611468774,4.520977855590839,4.484110349261254,3.9546778885724447,1.4784380669463137,6.924113474215322,Lag,38.573592468357866,3.8115230489056007,0.6357496599714505
2.0,0.42788127642902923,4.003870073188167,0.09524394065352125,3.426362075143486,16.030975562971808,0.0,0.520058199680812,1.5268532851377363,PID,13.243402896200024,0.0,0.9054941796278164
3.0,0.30187286014826153,3.319451964375707,0.017178060723444768,6.658781377952451,20.347221326824407,51.288769053385074,0.0,0.8810415892297836,PID,5.9512380047873465,6.668526473478287,0.7922202563254475
2.0,1.0,1.0242661630075085,0.2080492009224897,5.7421824354590765,4.832401997774654,0.0,0.0,1.0053773741732597,PID,22.77629863187436,0.0,0.9395955533553593
3.0,1.0,0.8510804896441393,0.09908277423029647,3.5073650434392865,16.546815859050614,12.158624302636053,0.0,1.204710226729084,PI,5.913097766694747,8.963204257856328,0.8153111968200573
3.0,0.6350390785138066,0.541487170735582,0.7213553306210012,3.3862739917239644,2.1490800823376692,0.7912353462215548,0.0,0.570761834772672,PID,13.71640166178028,45.874824605869065,0.7110798826301923
3.0,1.0,2.2195149612650065,0.04595125871263004,8.403219458385244,23.21666318063633,21.067277634429583,0.0,0.9680679249504784,Lead,3.016561769558366,14.220987839261788,0.7870892761923949
2.0,0.8441516203454871,0.31986185316399185,43.04761771481125,0.540023803270188,0.10231160510950307,0.0,1.3655712179658794,4.404270864542618,Lead,4.865027744571024,19.879966535876893,0.6941943007330457
1.0,1.0,4.200767881763042,0.36840940444691916,4.200767881763042,0.0,0.0,0.0,1.5476023935400685,P,0.3921680731788498,0.0,0.9311299661677933
2.0,0.5512289480215683,3.950462144776419,0.10190385628954046,4.355218184528268,15.6061511573115,0.0,0.0,1.5903269847675168,PID,7.132169392236962,0.0,0.9556893261548854
1.0,1.0,1.6908235417709554,1.1678086201583668,1.6908235417709554,0.0,0.0,0.0,1.974558307246822,P,0.9743222786791396,0.0,0.9178304770077368
3.0,0.4978068620705335,1.6127982676202655,0.15700238706549782,4.713466709292362,7.5912954406259034,8.083606050945633,0.0,1.2691454460955667,PID,6.7124378187349105,27.025394329351915,0.7299274881027163
1.0,1.0,1.460325019845929,1.0636231467756403,1.460325019845929,0.0,0.0,0.0,1.5532354929237264,P,1.1281098547749455,0.0,0.919579234855734
3.0,1.0,0.6040570039063494,0.18700818197588956,8.94113076156292,22.324975595691274,10.44348584665931,0.0,1.9530173016746915,Lead,8.31755247894702,38.944724876894504,0.7159055513495476
2.0,0.2554627906111162,4.994142887138802,0.030394900140421562,2.55163535731827,24.941463177159076,0.0,0.0,0.7580932826257517,PI,11.056320252006255,0.0,0.9385405548934527
2.0,0.5372043978944098,2.2687172451715036,0.23653937113239462,2.4375297633700437,5.147077938538579,0.0,0.0,1.2174865787513376,PID,12.658646323977901,0.0,0.9284468139493169
3.0,0.6602546370598247,0.36075198957559557,2.475987076431794,4.601614719162885,2.0953079874715863,0.5368667637923423,0.0,1.3292751689156002,PID,17.247250213870377,56.39616203825124,0.708610196469707
2.0,0.6958899615240302,3.784368926173941,0.12533678436709494,5.26700869285584,14.321448169390912,0.0,0.0,1.7950042610314756,PID,6.274319347100904,0.0,0.9587678866001151
1.0,1.0,3.406170038829346,0.439537071393351,3.406170038829346,0.0,0.0,0.0,1.4971380035348276,P,0.48365378923619484,0.0,0.9299127531195904
3.0,0.6433400885085057,3.635122159643985,0.01919158784258514,7.398030399448686,25.939903539372086,35.952837072475354,0.0,0.6899920308665624,Lead,1.86552768639976,21.11251496899473,0.7463432728298869
2.0,1.0,1.8427924446728055,2.4498006014179463,3.7531436425051856,3.5203807540371543,0.0,1.790302044303084,8.624230888460385,P,1.4518442558116755,2.156940974127044,0.8687449863049373
3.0,1.0,2.1279351034808873,0.017364304350109095,9.745115311678202,29.557534544524138,28.40510217965925,1.35291652696006,0.49323483934355045,PID,38.32731055392556,0.0,0.9089392114913546
2.0,1.0,0.8629268536873896,0.44965553731531177,4.813757390713841,3.4092777647682952,0.0,0.0,1.533000625174033,P,1.4205078108682616,0.879118198737341,0.925530343941541
1.0,1.0,4.202545139230262,0.296133912622883,4.202545139230262,0.0,0.0,0.0,1.244516135054536,P,0.39200222519545613,0.0,0.9322368899706371
3.0,1.0,1.541229655858065,0.1213161423714218,6.789676693912217,14.916784877598342,10.523088638397644,0.0,1.2766205194429396,Lead,4.023040077691893,19.06735690118043,0.7677765603332469
1.0,1.0,1.052223450935972,1.277873519656816,1.052223450935972,0.0,0.0,0.0,1.3446084847129918,P,1.5656437276675514,0.0,0.9159741134697044
1.0,1.0,3.5864780525011333,0.26438333883730597,3.5864780525011333,0.0,0.0,0.0,0.9482050421869683,P,0.45933838767359636,0.0,0.9327863648877897
3.0,1.0,1.3874762187766505,0.3247947721825822,5.671646177767371,10.189814280990488,5.8907111383662585,0.0,1.9132721821790684,Lead,4.534468116460134,15.205051739410747,0.7843499675187007
1.0,1.0,4.044929809428732,0.37109565325935906,4.044929809428732,0.0,0.0,0.0,1.50105587001821,P,0.4072770415502648,0.0,0.93100271237275
1.0,1.0,2.7566198361236696,0.25620954146179914,2.7566198361236696,0.0,0.0,0.0,0.7062723041977452,P,0.5976185125255346,0.0,0.9328621840712961
2.0,0.9663110450794453,3.0579330171766355,0.05752116896080632,5.909828899221794,9.350954337539005,0.0,0.0,0.5378778243943658,PID,6.050341884855507,0.0,0.9775623886191007
1.0,1.0,1.5138877974192633,0.48609030977064765,1.5138877974192633,0.0,0.0,0.0,0.7358861884055332,P,1.0881962645256524,0.0,0.9291228136274257
2.0,0.6525790112882106,1.2461719696823315,0.5401205152731479,1.626451343740756,1.5529445780219415,0.0,0.0,0.8387772256718523,PID,19.972453991713707,0.0,0.8916415097803773
3.0,0.4247327211184377,0.6873495163198298,4.200191381997516,1.2495142750664345,0.8610998703839743,0.31447864587205304,0.0,1.3208704982140458,PID,19.217907078039598,11.486864609769055,0.815676708726121
3.0,1.0,1.9172522733538584,0.05611216375466958,8.983841143997758,27.097411328833246,25.97680839613315,0.0,1.4576149265474991,Lead,3.1057943799294163,23.588459466925883,0.7463617500201678
3.0,1.0,1.41040274647112,0.06108901776095443,8.853965451782273,23.207420740738357,17.924807739951913,0.0,1.0950088983876158,Lead,4.064896101361373,25.92909272710789,0.7488629035356148
2.0,1.0,0.5941659621897933,0.20895843926215824,3.6280084439616616,1.8026059373142527,0.0,0.6619896719735916,0.3766697232658861,P,0.5509487862337887,1.0166836880474526,0.9195754488445431
3.0,1.0,1.218403036237531,0.33471290346570787,7.703234024409244,18.414229071673923,12.80918236771437,1.4383075243774273,4.2873986213194275,PID,18.61053774946875,0.0,0.9240209197419532
2.0,0.16518641410569485,3.6983848062511315,0.08439718993739925,1.221845848255219,13.67805017510922,0.0,0.0,1.15438899860197,PI,21.395748494675352,0.0,0.8759360330839514
2.0,0.25654438433824367,4.094728248422852,0.10895624715256796,2.100959075048111,16.766799428432076,0.0,0.0,1.8268475424817805,PI,13.41936302536043,0.0,0.9047727032499508
2.0,0.9155317561812207,0.94618741206884,0.6117428202605125,1.732529246095899,0.8952706187575289,0.0,0.0,0.5476753732151047,PID,20.379290756883957,0.0,0.9121577149913493
2.0,1.0,0.6118349495810571,0.345403362420838,3.565838237354698,1.8073624526372623,0.0,0.0,0.624269068254083,P,1.995906915229791,0.6522459767822149,0.9286534338539605
2.0,0.6687446002011757,2.8449765115834844,0.15329060960222773,3.805125359641266,8.093891351461739,0.0,0.0,1.240717539319769,PID,8.59300464378912,0.0,0.9526392607143058
3.0,1.0,1.3319658893668014,1.0448737676014634,6.83118398752576,14.168907633838383,9.116156638420723,1.9309045997935521,9.525232932831752,PID,14.77062075697305,0.0,0.8678319757649433
1.0,1.0,2.714889046353217,0.5144454412798579,2.714889046353217,0.0,0.0,0.0,1.3966622934770332,P,0.6068045573632169,0.0,0.9286463825406657
2.0,0.7217201324780192,3.470015745464264,0.05992944796577652,5.008760447034563,12.041009273769912,0.0,0.0,0.7216110387278265,PID,6.66193985187625,0.0,0.9710129903184257
3.0,0.191748850982682,3.2571091929394003,0.29673568865536665,2.1503772943805517,11.734547888111823,9.561499588936318,1.4593738466330568,2.8372381651010232,PID,10.52985173848863,0.0,0.8171975531679536
3.0,1.0,0.47521953642423453,1.037788164133034,4.7858414335893125,5.049109827163521,1.4259523365243967,0.0,1.479836457462864,Lead,11.21541829795669,28.295700310781733,0.7481848855385345
3.0,0.16736055379166875,4.110596519816595,0.06886368777526022,4.611000008683748,21.348184209019315,54.66343918748055,1.1265886817352446,3.764326008928585,PI,18.683615871658073,0.0,0.8901438711695422
2.0,1.0,0.45052257188928646,1.831155438100087,3.3149209165950526,1.2904761091722567,0.0,0.6799334469675236,2.3630623450490194,P,3.498543006859329,0.0,0.9073134929748161
2.0,1.0,0.5049532859277551,2.6573534606770544,1.7827012119990324,0.6452030138570658,0.0,0.0,1.7145324617123394,P,4.69682560680341,4.640622361961065,0.8602598531231099
1.0,1.0,4.299803637347725,0.23004535039493437,4.299803637347725,0.0,0.0,0.0,0.9891498343830706,PID,5.584565333772443,0.0,0.9342762454278095
1.0,1.0,3.9120672925095294,0.1803338797027869,3.9120672925095294,0.0,0.0,0.0,0.7054782725166207,PID,6.138247670614846,0.0,0.9428690961044316
2.0,1.0,0.6679344770943421,0.4050103440287779,5.251537398503308,3.0615464205193956,0.0,0.0,1.2399579690346338,P,1.9929965423513054,0.0,0.9314981153645471
1.0,1.0,1.0705378296555699,0.95174222755845,1.0705378296555699,0.0,0.0,0.0,1.0188760586819805,P,1.5388592541308324,0.0,0.9212401221030349
2.0,1.0,2.7406697796812387,0.49881856298021726,5.537199159782327,7.664363560033761,0.0,1.0880508515920253,3.823126817173983,P,0.6492135990263767,0.08741701777663513,0.9319599511255999
3.0,1.0,1.9587494584183696,0.06091034071957558,9.501968612404342,27.703049834607803,25.322269149736044,0.0,1.5423880417032199,Lead,3.1654204782289503,18.860698130972573,0.772727266836325
1.0,1.0,3.238859037175039,0.2629405735596686,3.238859037175039,0.0,0.0,0.0,0.8516274529137209,P,0.5086380812360062,0.0,0.932813140587679
1.0,1.0,2.301362423768666,0.22389191622839388,2.301362423768666,0.0,0.0,0.0,0.5152564429935876,PID,10.431108540168161,0.0,0.9353371083049054
1.0,1.0,0.5408120516978405,2.575737965099645,0.5408120516978405,0.0,0.0,0.0,1.3929901335415595,P,3.0461729558183746,0.0,0.8943422526428991
3.0,0.9452559856693296,3.74275193956673,0.029391727114148097,10.842962534987642,40.66415420651649,52.77229420301505,0.0,1.5510688704025577,Lead,1.9808890371677155,9.447019619358839,0.8053785775334782
3.0,0.9448475968651374,1.9961827281324305,0.1452747906796556,7.145987686215809,16.711356593976344,13.443777266034097,0.0,1.953041928267016,Lead,3.354296872559691,14.946202743771781,0.7821120941529002
3.0,0.12167815166776635,3.3305677683221457,0.043381364395888015,3.7523662313091415,13.477095485705277,32.633022968507056,0.0,1.4156650607361878,PI,26.114512274372164,0.0,0.8037544800715171
1.0,1.0,1.617887762701332,0.9803869969049903,1.617887762701332,0.0,0.0,0.0,1.5861561250040925,P,1.0182455693415906,0.0,0.920982949438677
1.0,1.0,4.494912652536881,0.14491328239561127,4.494912652536881,0.0,0.0,0.0,0.6513725465606831,PID,5.341053411970855,0.0,0.9492069387971391
1.0,1.0,4.344757442059687,0.2869467762539416,4.344757442059687,0.0,0.0,0.0,1.2467141416043488,P,0.3791712352258809,0.0,0.9323939464046677
2.0,1.0,1.160990254846022,0.6114176865476458,3.557881036728327,2.7827668396956184,0.0,0.0,1.7014328633281985,PID,18.732678132445347,0.0,0.8941083783691538
2.0,0.8625851658192285,3.4650785972065914,0.09481723184756131,5.977850792696213,12.006769684819192,0.0,0.0,1.1384486649457721,PID,5.829254367367355,0.0,0.9705457781018452
2.0,1.0,1.9326878588304526,0.22072696668766392,4.0329364149011475,4.059124884844021,0.0,0.0,0.8959583232380338,PID,9.597810719455445,0.0,0.9568620400287918
1.0,1.0,4.206790031203002,0.14597290016239955,4.206790031203002,0.0,0.0,0.0,0.6140773412289735,PID,5.707988568403473,0.0,0.9490090150083501
3.0,1.0,1.5386250773971075,0.05637804876413163,10.897974848343424,36.20987809548805,33.5564094925744,0.0,1.8918448907215293,Lead,3.557845823281838,30.74418529521905,0.7302004727719108
3.0,1.0,2.129972741089665,0.055031050485229195,6.580829262554727,18.941857045481925,20.153065063576694,0.0,1.1090443409457977,Lead,2.617190025288502,31.270986323937013,0.697806458301572
2.0,0.3580160793160713,4.801969713017721,0.017524716996067405,3.4383647392982493,23.058913124739487,0.0,1.78533731207857,0.40410092674796383,P,1.7461805539933735,922.368145181445,0.765924434288968
2.0,1.0,0.6574717016850085,1.2722604875485686,1.5882299555512533,0.6119472130268071,0.0,0.0,0.7785562595994734,PID,30.610975347937583,0.0,0.8427947150073003
2.0,0.4406844929513746,2.883633862213571,0.13675148522744268,2.541545452854003,8.315344251304754,0.0,0.0,1.1371356765434026,PID,11.532076502272506,0.0,0.9377065442212945
3.0,0.15767885203027945,1.3353229809502425,0.6846292298875459,1.1744751508873126,2.100335197978972,1.3433259600483907,0.0,0.9196802175158779,PID,22.939876555024426,0.9197893678623892,0.890577513713933
2.0,0.922487101066681,3.849271761134731,0.09576391861843819,7.101807096294033,14.81689309106928,0.0,0.0,1.4189237441512577,PID,4.984160548397607,0.0,0.9711181690534514
1.0,1.0,4.103517994930765,0.269608991788509,4.103517994930765,0.0,0.0,0.0,1.1063453493992876,P,0.40146212301194145,0.0,0.9326957872419643
1.0,1.0,4.0328904782632735,0.12462202211871444,4.0328904782632735,0.0,0.0,0.0,0.5025869663844785,PID,5.952045993491384,0.0,0.9529398561234753
3.0,0.17674729556724858,1.5436979075723642,0.7231328566713123,4.807429865861792,4.70858782344621,10.155742580121746,1.9822881814957791,7.343951143581923,P,12.840168508140962,61.75371083703143,0.7247561845726758
1.0,1.0,1.9819545437188861,0.7107879624064084,1.9819545437188861,0.0,0.0,0.0,1.4087494317120701,P,0.831203243930842,0.0,0.9253175582713831
2.0,1.0,1.3532095701213351,1.0056713983604166,2.756576430058312,1.8990494652578445,0.0,0.0,1.909819731281458,PID,13.46905213823316,0.0,0.8848888238972069
3.0,1.0,0.5694472082014596,0.038155398494454526,3.121729237361717,26.141036831847146,14.05831163604305,0.0,0.5364004826324495,P,4.984163646996976,10.369305594018552,0.8018265009179301
1.0,1.0,1.066079510119149,1.344471737267992,1.066079510119149,0.0,0.0,0.0,1.433313771035702,P,1.545294727480964,0.0,0.9148525385122517
1.0,1.0,2.6500411983085748,0.40588881034400737,2.6500411983085748,0.0,0.0,0.0,1.075622069344075,P,0.6216533716962932,0.0,0.9304880393008494
2.0,1.0,3.2882516145595453,0.1122382115075796,7.344965436759469,13.339495775654923,0.0,0.0,1.4972011482724217,PID,5.8924793703712055,0.0,0.968008893226678
3.0,1.0,0.8395808394461117,0.5479796634713274,7.060394352210337,13.02072577172335,6.546925399036549,1.1576263652995822,3.587581976935934,P,2.845129978033176,3.768331412747349,0.9008898372971027
3.0,0.8854461429526109,1.4500308751974471,0.6131342717711902,5.285927360852945,9.082204263428526,5.7150041975552535,0.9379152619271485,3.5040649368373353,PID,13.049070659659735,0.0,0.9195947568582268
3.0,1.0,0.6082855024197212,0.5378285986783385,5.537198664364091,7.93949606599878,3.005727021177362,0.0,1.6165659518094373,Lead,8.81495103889104,31.01397590225016,0.7354949812596776
2.0,1.0,2.814096050745149,0.10305566396864448,6.746934994111616,11.067386538744298,0.0,1.4862339504445172,1.1405568681479317,PID,21.488403603205228,0.0,0.889017770468946
3.0,1.0,1.0689770133116359,0.3174803855675842,5.714725193941701,9.261297387504,4.591362499386881,0.0,1.457667536585894,Lead,5.6341825184657415,18.151286358302578,0.7784043791517935
3.0,0.29254154102077967,2.0651480281756642,0.0222955131697555,5.742409114454342,9.74334445825532,19.337305257967255,0.5527329672907155,0.43113514404659126,PID,50.35921794891022,0.0,0.8739508309894692
3.0,0.11570838831489874,3.1585800031426765,0.07786260954105073,2.307319241888923,11.128873383520586,15.726864875697323,0.5728651067447864,1.2245347391212862,PID,25.14987324066061,0.0,0.7900934888452125
1.0,1.0,3.1162005277799745,0.49182855359131683,3.1162005277799745,0.0,0.0,0.0,1.532636398278523,P,0.5286588688296792,0.0,0.9289258131546478
1.0,1.0,1.2768483135020243,1.4118750237435755,1.2768483135020243,0.0,0.0,0.0,1.802750242942615,P,1.290213589697472,0.0,0.9137112799484255
3.0,1.0,0.47192105263913764,0.2003593004009301,3.4165170053362366,16.665641364427955,7.209077582395617,0.0,1.4444057409448143,P,5.619728728538572,22.990295298335678,0.7066306920587506
2.0,1.0,0.3280255983020496,11.365513457024596,1.3655344492287433,0.3403294615689007,0.0,1.8263800482130665,3.8680190752832764,P,4.270879044149499,0.4157152456807844,0.8330470638484847
1.0,1.0,4.134857980246059,0.4517854558243804,4.134857980246059,0.0,0.0,0.0,1.8680686973745426,P,0.3984192574286616,0.0,0.9296145130988249
3.0,0.14131208745426185,2.113546587701936,0.05798385431574768,5.1630413907447235,7.1943527092870045,20.395352474112535,0.0,1.1826011465772652,PID,12.819456117988008,0.1969691595468559,0.8492867357625019
2.0,1.0,1.2774612127163072,0.30558518742136864,5.289402899664468,5.125099892755904,0.0,0.0,1.5661546112810494,PID,17.85493141016997,0.0,0.9275112032512609
1.0,1.0,0.24168127262657607,3.1264040719455006,0.24168127262657607,0.0,0.0,0.0,0.7555933148526981,P,6.8164447669391155,0.0,0.8869607182316387
3.0,1.0,3.055369350461127,0.028082358858651558,11.297655412474722,43.6520767252826,56.429153686987014,1.4591659309794012,1.5846637439279698,PID,13.907754741274388,0.0,0.9505772741643447
2.0,1.0,2.0711343126180326,0.06360392809110327,6.278231572508762,8.713463491480994,0.0,0.0,0.5542105053366106,PID,10.481341448832195,0.0,0.9699790909562769
1.0,1.0,1.4196059764378635,1.0899413042141675,1.4196059764378635,0.0,0.0,0.0,1.5472871894289115,P,1.1604678152992531,0.0,0.9191448910718976
2.0,0.1845975065541309,0.7971083486735376,2.233196477939232,0.2942884272372316,0.6353817195250537,0.0,0.0,1.418932218190323,Lag,45.368013768786824,30.906029349805976,0.7034166449754571
2.0,1.0,0.9350568929017835,0.24249917196779022,3.5366238440656526,2.4326131100312534,0.0,0.0,0.5899066649005699,PID,24.126917840801678,0.0,0.9382321501428466
2.0,0.10050824019882326,2.290591916001418,0.14280202513485174,0.4604467249819066,5.246811325651043,0.0,0.0,0.7492552828034451,P,16.602534221609737,74.434420154597,0.7544577497576472
3.0,1.0,0.41109318973070974,1.7331140916603462,5.161686141897808,6.6412905102179405,1.9273504417202165,1.7426043247630325,3.3403182101131006,P,3.1046368344275335,0.5805937949810366,0.9068553550810922
3.0,0.3113673316730061,1.9612057865163524,0.33584697489145876,2.0099964938804225,4.809558481896723,3.0335438786744104,0.0,1.018806534853303,PI,14.311307961467636,0.11823881336827657,0.8507798766745991
3.0,0.7660029585041744,4.370189535459289,0.08368453279759158,10.60920974051404,45.30375633028783,74.75277247306707,1.362107566961353,6.255650839733282,PID,4.742304832280677,0.0,0.9719436559120347
3.0,0.5840625187325417,4.519012389040284,0.01994907530880384,9.439508135487426,42.38505092454529,84.96837041455613,0.0,1.6950404202663205,Lead,1.8522871595656134,32.083804234432776,0.6962195087750617
2.0,1.0,1.2823240944298384,0.7650153076181442,5.902950825641806,5.925140988799691,0.0,1.2520922008752033,4.532823556227471,P,1.3533053042788366,0.0,0.9234509508221467
2.0,1.0,2.8276553456000104,0.15888196682299838,6.808583894397755,11.256693891459634,0.0,0.0,1.7884856653995382,PID,7.111421930002097,0.0,0.9594656790536613
2.0,0.89221793169885,3.2798186917175776,0.15755053535458086,5.85262609894297,10.757210650540005,0.0,0.9581626677391084,1.694804296914577,PID,10.949655382766139,0.0,0.9205839210006361
2.0,0.8932456273632493,0.8074086394760412,5.901872376022405,1.442428473414568,0.6519087111005518,0.0,1.3922073439058922,3.8474820137327175,P,4.155680493511965,5.7615673789615744,0.7600274783775327
2.0,0.9648038422823011,0.7498479399753847,0.9787928814972903,1.4469123472314394,0.5622719330853286,0.0,0.0,0.5503477655696404,PID,24.671179741091244,0.0,0.8850243825751692
1.0,1.0,2.6410054845319304,0.23203259580747168,2.6410054845319304,0.0,0.0,0.0,0.6127993581177134,PID,9.088676983657882,0.0,0.9339465295498399
3.0,0.35932807388722626,4.4252006788174505,0.049006702345681365,5.77708634113649,27.84102034727293,50.853315376582415,1.6511836656335768,2.4921532899512355,PID,12.963797197741526,0.0,0.9219594482327653
2.0,1.0,1.3008282540045426,0.18626322157358458,5.275378312610023,5.17020701318942,0.0,0.0,0.9630194144790017,PID,17.49489195663772,0.0,0.9463306903724382
3.0,0.3145535206468875,4.149053484300212,0.009105634410576083,5.842565335509349,25.651764043887553,55.64404248227667,0.0,0.5066743079701759,PI,7.72456730528713,0.021311827197778577,0.8814744810059951
2.0,1.0,2.535062099056076,0.18403725977505267,6.0007006762195125,8.785609005993653,0.0,0.0,1.616879406918096,PID,7.8709808820181815,0.0,0.9566809654939201
3.0,0.39862808759484614,2.3978496775999423,0.0516518704174977,4.318045631414531,10.349894248785512,13.835722092780172,0.0,0.7146409246687915,PI,12.441246714770509,4.2398762761109765,0.7709375177907339
1.0,1.0,0.27436228538301466,1.8774789563623744,0.27436228538301466,0.0,0.0,0.0,0.5151094172260983,P,6.004495274424473,0.0,0.9057487171780652
3.0,0.2598913718652864,3.2157688419300428,0.022467054617147358,4.430832370601656,14.953394555219848,28.53471113525187,0.0,0.6410909135602267,PI,11.815297902048137,0.0,0.8717333849244067
3.0,0.1985406737860516,3.3193524448000717,0.016561580099163347,4.923587607710339,15.77038622607494,39.7261438556319,0.0,0.6579277134959336,PI,14.862029600370212,0.0,0.8632318732501743
3.0,0.11062287568404294,1.6209228476199697,0.10889435627318145,5.291668506150081,4.396491223887145,12.961040619998728,0.0,1.4113841749453182,PID,16.676557666117564,0.23333661667157557,0.8815772009514833
3.0,0.3596467842332563,1.8738579492838314,0.07308134960170064,5.456220039787785,9.048821134617153,14.425884959508775,0.0,1.054263142039776,PID,7.2025496746253115,17.80915594778556,0.7945834427506888
3.0,0.4976048613678081,1.9729549546998364,0.3710344499851699,3.6483711794206464,7.2007947125100555,6.5584320321052445,1.2213616598246537,2.4334042217972893,PID,14.334838427101918,0.0,0.906126073327666
1.0,1.0,3.6139412550784176,0.22248356845732395,3.6139412550784176,0.0,0.0,0.0,0.8040425466249863,PID,6.643863316436957,0.0,0.9355639396075862
3.0,0.2398513113244665,1.7278577524932255,0.12308509120971593,2.928642595670622,4.725915540355221,6.268891291173071,0.0,0.7716070563578314,PI,24.283329480671764,0.009200762104333293,0.8443782833931045
2.0,1.0,0.4108550891522476,2.826243470696703,3.0549324468894716,1.0863326385385665,0.0,0.6547474891085427,3.070240526674345,P,3.680731608137345,0.0,0.8921197793101281
1.0,1.0,3.2484453786065877,0.5197835507351642,3.2484453786065877,0.0,0.0,0.0,1.6884884732613672,P,0.5071370622119744,0.0,0.9285522178150741
2.0,1.0,1.0154968593448654,1.253645451914246,2.5822981785470587,1.591081818867219,0.0,0.0,1.9946524858463355,P,2.918227296220644,8.102737162778716,0.8401433586549273
1.0,1.0,1.2299470170461948,0.5640984427252926,1.2299470170461948,0.0,0.0,0.0,0.6938111969503775,P,1.339413017984283,0.0,0.9276931392742302
1.0,1.0,0.9772673303376931,1.861230620300776,0.9772673303376931,0.0,0.0,0.0,1.818919879444108,P,1.6857281471727406,0.0,0.9060355456501314
3.0,1.0,0.7305257092079058,0.23934693139113747,7.384255894257037,15.800638491576963,7.99189101174297,0.0,1.912834589673093,Lead,7.115846586006263,36.00140347851138,0.7170075799476032
2.0,1.0,2.709398390395125,0.4961315966992139,5.483535593027115,7.516242871546349,0.0,1.4356543514898799,3.729045577039375,P,0.571255402209084,0.0,0.9277261992134576
3.0,0.4811919041449118,3.290659851314097,0.08019721557127386,4.96114719174039,16.510674216571434,19.429142940669934,0.0,1.5581631647780005,Lead,2.6220246950535984,23.018159503172708,0.7255940098956783
2.0,0.4672541368154975,3.5444109563013595,0.06045787166493963,3.3122813638119672,12.562849027149117,0.0,0.0,0.759523114229393,PID,8.985172330917926,0.0,0.9586666103014952
1.0,1.0,0.2663691874510009,4.062495123876245,0.2663691874510009,0.0,0.0,0.0,1.0821235251705685,P,6.1846757195430255,0.0,0.8736253915107332
3.0,0.16259410750217734,4.120241231022924,0.025018773790844842,5.7813925121887495,22.927400606389746,75.40128206491143,0.0,1.8864476195217053,PI,15.005241562085967,0.0,0.8429959713028838
3.0,1.0,0.707042285760289,0.11364075582142896,3.559969965431635,25.17703649286001,16.37502579528723,0.0,1.8608703079718365,P,5.092128204023898,17.761682590827053,0.7756877807936761
2.0,1.0,1.0121468762253487,0.19937194329701066,4.790884777029858,3.824637762373616,0.0,0.0,0.7625254630915583,PID,22.80507090106556,0.0,0.9418858253700263
1.0,1.0,3.6468187973005213,0.4306861013624447,3.6468187973005213,0.0,0.0,0.0,1.570634170184641,P,0.45173811412896847,0.0,0.9300673252293207
2.0,0.9519569931292123,0.9217812935514835,2.017066079258086,1.7549922970640528,0.8496807531414468,0.0,0.0,1.713862225360076,PID,20.287177165584403,0.0,0.8009322511785597
2.0,1.0,0.9799559347948325,0.3662302889251988,5.16142952771782,4.097659863572753,0.0,0.0,1.50068715575344,P,1.243711282614834,1.223127321646769,0.9246637253232528
3.0,0.8731481657858996,3.27971819297945,0.09505336794368921,9.09735750790897,30.057740708244832,36.2495531215135,0.7092603513593676,3.44564211065353,PID,5.448680222114418,0.0,0.976552954215967
1.0,1.0,1.3162987210519506,1.4908856868665408,1.3162987210519506,0.0,0.0,0.0,1.9624509228570863,P,1.251544972060785,0.0,0.9121458744926442
3.0,1.0,1.565854394542421,0.15878524153952497,7.406659840178692,16.348945910198967,11.278998015616361,0.0,1.790938424233467,Lead,4.021733295598331,16.073545837100156,0.7846831344001198
3.0,0.3649480073455376,2.0543568628173063,0.06922244389278853,3.2648915715236315,6.867577975719864,7.4507667727475475,0.0,0.5157602848847702,PI,15.04677240027457,1.1063390584153732,0.810177383481791
1.0,1.0,4.725630456933958,0.2780485153777178,4.725630456933958,0.0,0.0,0.0,1.3139545327742133,P,0.3486110606988652,0.0,0.9325482761370758
2.0,0.1657822405770944,1.7681380820880637,0.13998263205843928,0.5862517857964915,3.1263122773300576,0.0,0.6900491445731424,0.4376294212172748,P,8.583353223202845,166.70503080826484,0.7593926576495863
2.0,0.9456280581779906,0.3517783959790166,29.978200162101484,0.6653030429972114,0.12374803987756983,0.0,1.8192913395721708,3.709743509117505,Lead,3.954863842616532,11.09719502392842,0.6900831134640371
1.0,1.0,0.7115262569156589,1.7222222872604902,0.7115262569156589,0.0,0.0,0.0,1.2254063776311812,P,2.3153144807386727,0.0,0.9084160017479758
2.0,1.0,1.2096492580292484,0.2311959463441233,4.940095008809639,4.512530934549861,0.0,0.0,1.0432788598203864,PID,18.825760892768663,0.0,0.9390657434049315
3.0,0.8345996659831829,0.3369640425116414,25.55417035384365,2.3059354901406466,1.094180172782723,0.19796249889973017,1.881249943587635,5.058767420556291,PID,13.574404594217887,64.97025601427954,0.7220085051944614
3.0,0.7016096570120068,2.260111183149839,0.044594204587110824,5.656713866119359,12.99000522995021,12.695076379271184,0.0,0.5661268333062173,Lead,2.8870473772178347,26.18744653065904,0.7270924384410319
1.0,1.0,1.832676174289969,0.5603946013435672,1.832676174289969,0.0,0.0,0.0,1.0270218340830812,P,0.8989078753647587,0.0,0.9278673190196677
1.0,1.0,2.540892378192275,0.6634934963248342,2.540892378192275,0.0,0.0,0.0,1.6858655677919157,P,0.6483576637097327,0.0,0.9261223026583967
2.0,0.23035426943837345,3.7990710711713533,0.07362546817157554,1.750264482288272,14.432941003811045,0.0,0.0,1.0626320384983177,PI,15.80706311826386,0.0,0.9126927225142043
2.0,0.9065305639535824,4.781275379776269,0.08045172467458597,8.668744532891921,22.860594257254718,0.0,0.0,1.8391742350820777,PID,4.074009839288688,0.0,0.9726279230233379
2.0,0.3829391512933058,2.6674923331924307,0.1102037569224325,2.0429745003082185,7.115515347640392,0.0,0.0,0.7841565237491996,PID,13.849990235086604,0.0,0.9385930135714475
1.0,1.0,3.4962293905040522,0.18115215504786777,3.4962293905040522,0.0,0.0,0.0,0.6333494886315023,PID,6.865177726817301,0.0,0.9427422377300725
1.0,1.0,3.715362449199871,0.24282716553413966,3.715362449199871,0.0,0.0,0.0,0.9021909324711835,P,0.4434041277500102,0.0,0.9330975378746308
2.0,1.0,1.2208819197733227,0.06871101801624946,4.347016511301279,3.816641201574443,0.0,0.6332178230210119,0.2622453023629415,PID,46.50420049904528,0.0,0.9114862959749133
2.0,1.0,1.3669134915003114,1.2602036842743927,3.2383591908954363,2.5581043751134325,0.0,0.6782248638381116,3.2237325582763905,P,1.8520706777231024,2.2732588979091926,0.8959999717601318
2.0,0.9196483368533946,0.3021127725490006,54.964216029482266,0.5556750176337124,0.09127212733724406,0.0,1.4432982157437324,5.016700924434696,P,11.556192883424323,9.962046673626237,0.706076234530897
1.0,1.0,4.083506504502738,0.3617189281355382,4.083506504502738,0.0,0.0,0.0,1.4770815958432286,P,0.4034295143759592,0.0,0.9311656841737422
3.0,0.7244792709263329,2.596911124392626,0.040929935142393424,6.691264817185157,17.763160988470226,19.749301001080344,0.0,0.808337609081824,Lead,2.5361438721918486,24.834528496557784,0.7336371311693906
3.0,0.10826310302691841,1.9849370329791498,0.5219731593902446,2.63313544299187,4.8869524324432705,8.6811225296933,1.5560431534585233,4.531312953877844,PID,8.446356898521078,43.148923410416295,0.8363045279282437
1.0,1.0,3.5288958713834044,0.14169297453321925,3.5288958713834044,0.0,0.0,0.0,0.5000197528343112,PID,6.804069952383157,0.0,0.9497780088124579
2.0,0.8145811316815259,3.58277347211511,0.1164293722681936,5.836919338948152,12.836265752491762,0.0,0.0,1.4945183638303274,PID,5.892985325474623,0.0,0.9657831024909296
3.0,1.0,0.5037034471741919,1.2556416377606594,4.736010034931399,4.173652304930391,1.0284742341981408,0.0,1.2913950718231935,Lead,10.734214664677014,18.69028169606182,0.787523095319066
3.0,0.3219097977940553,3.972807048157092,0.02685359740755445,4.364368557290954,20.404058662243912,28.51388262656575,0.0,0.7657003245800579,PI,7.0252756826846445,0.08514343109582434,0.8845259149616199
2.0,0.10298765335944125,1.7076991023459216,0.6058875614810676,0.3517438463892616,2.916236224153066,0.0,0.9704373417899941,1.766911254554857,P,13.856204996558823,89.42764136401968,0.7135148414671812
2.0,1.0,0.4273652601750706,8.90427925989675,2.4943190185202258,0.8833442307050171,0.0,1.6853141555466444,7.865543712816135,P,3.27878415812649,0.0,0.841502877711402
1.0,1.0,4.568770552140889,0.21312498560862278,4.568770552140889,0.0,0.0,0.0,0.9737191581741266,PID,5.253318811700359,0.0,0.9371717883551614
3.0,1.0,1.6714596198963771,0.2412525250953416,5.847333596879913,11.332283793474678,7.274993000534075,0.0,1.7551104314297814,Lead,3.9833379559269293,12.568689286550544,0.7927703023000721
1.0,1.0,0.5191428107573449,1.6662242048510378,0.5191428107573449,0.0,0.0,0.0,0.8650083170582898,P,3.1733215060020026,0.0,0.9093829511594135
3.0,0.5210857408941987,2.294454686487384,0.09917245824817582,3.9902828952332223,9.08823725492238,8.418327340826416,0.0,0.8348662167275847,Lead,3.7210933618669206,29.376912461131194,0.7013826273874055
3.0,0.21956811301928958,1.1830888383242608,0.2776107252927672,3.6172887154960973,3.0090962643096417,4.335920361527309,0.0,1.2036979963752739,PID,12.796937090018695,3.936488549982009,0.8849317137483076
3.0,0.6974598328602017,4.924045682630317,0.018750901186700752,11.120724404456162,53.452241563556086,103.09680115978357,0.0,1.9331579312120373,Lead,1.4004771935341183,20.99828785869106,0.7490632915155537
2.0,0.8936281869650979,4.484573253420687,0.03424324645107273,8.015082131532997,20.111397265296198,0.0,0.0,0.688679533030968,PID,4.394917812150849,0.0,0.9789165020372922
