log10_fc_hz,pm_target_deg,log10_icp_a,log10_n,log10_kvco_hz,worst_phase_margin_deg,log10_worst_lock_time_s,worst_jitter_peaking_db
5.981990063478289876e+00,6.033175598000681106e+01,-2.463441557428470041e+00,1.833093426538700887e+00,7.740362689494244108e+00,5.833154757149404190e+01,-5.722496991989533655e+00,2.236352016132218790e+00
7.316234537866423970e+00,6.337681059469420575e+01,-1.903089986991943539e+00,1.675034779926535933e+00,7.301029995663981254e+00,6.141784966282466485e+01,-7.018938241193159122e+00,1.991714264553914093e+00
5.118516587279595242e+00,5.824138616074860408e+01,-2.358525889495900252e+00,2.800417752744791766e+00,7.602059991327962507e+00,5.623359736378867524e+01,-4.883257879062147033e+00,2.414146981499549316e+00
6.737959954855790912e+00,5.056718052994146007e+01,-3.026872146400301222e+00,1.672846545827666676e+00,7.740362689494244108e+00,4.865414896149135870e+01,-6.427553240221103081e+00,3.160802069379593071e+00
7.016764360343018758e+00,5.538462778703134859e+01,-3.028028723600243666e+00,2.019589686353678637e+00,7.301029995663981254e+00,5.339126147620490315e+01,-6.812221582279270216e+00,2.673022116185223673e+00
7.054664495981869621e+00,5.626148190669540838e+01,-2.659555885159881505e+00,1.732387730448985641e+00,7.740362689494244108e+00,5.426081262307036468e+01,-6.841246449833826127e+00,2.591331783736614103e+00
6.782383600086281383e+00,5.313385806189315019e+01,-2.425968732272281159e+00,1.781064252608530296e+00,7.740362689494244108e+00,5.117001130424137045e+01,-6.601052206242775888e+00,2.891987335854180774e+00
7.443277590447501701e+00,4.894487991772675173e+01,-2.505149978319905824e+00,1.779474732093576872e+00,7.301029995663981254e+00,4.707229171740112861e+01,-7.127792838887231142e+00,3.342554423761241011e+00
6.483809843808676199e+00,4.979047501320403057e+01,-2.504455662453551668e+00,1.976752119517214634e+00,7.740362689494244108e+00,4.789605678652944221e+01,-6.170230493648312553e+00,3.246682157973976413e+00
5.497988059799391536e+00,6.081610369133494487e+01,-2.328827157284916627e+00,2.465889470401189776e+00,7.602059991327962507e+00,5.881999374152951532e+01,-5.232524204044993077e+00,2.196321901000377608e+00
6.556732455392062064e+00,4.840292651364151055e+01,-2.028028723600243666e+00,1.953619356383316852e+00,7.301029995663981254e+00,4.654514756133369247e+01,-6.241231121814079685e+00,3.405679742428586287e+00
6.970103823375492169e+00,4.130053252661024032e+01,-2.726998727936262412e+00,1.778987483712770157e+00,7.301029995663981254e+00,3.968494120029640726e+01,-6.673540506055328336e+00,4.355809195206689743e+00
7.057488848970800532e+00,4.746740332047306765e+01,-2.425968732272281159e+00,1.755862640834977340e+00,7.301029995663981254e+00,4.563661335524619744e+01,-6.742714059298691609e+00,3.517168059981954364e+00
6.402637530640769903e+00,4.263738198925573641e+01,-2.463441557428470041e+00,2.167008819724343116e+00,7.740362689494244108e+00,4.097048729371510944e+01,-6.101052890185806987e+00,4.157265842751502127e+00
7.655456447479308757e+00,5.249739534219117587e+01,-2.204119982655924570e+00,1.457554022893058132e+00,7.301029995663981254e+00,5.054453466133151096e+01,-7.480185049059436153e+00,2.956620411977029406e+00
6.425120615912582878e+00,5.150112848272740251e+01,-2.659555885159881505e+00,2.294520830931150890e+00,7.602059991327962507e+00,4.956764073130830184e+01,-6.127430586696174686e+00,3.060480043844769238e+00
6.881286118742326430e+00,5.036639623389176990e+01,-2.391473966422805741e+00,1.842408777776070483e+00,7.740362689494244108e+00,4.845804028252626949e+01,-6.569802041796818592e+00,3.182814709413635423e+00
5.855185013605010091e+00,5.822537792690773983e+01,-2.425968732272281159e+00,2.237415302147331975e+00,7.602059991327962507e+00,5.621759245393624838e+01,-5.619925864024240880e+00,2.415541352653062468e+00
7.127911622262809388e+00,6.452987600165860727e+01,-2.328827157284916627e+00,1.452198306439330899e+00,7.740362689494244108e+00,6.259648125388312678e+01,-6.814941053562350248e+00,1.902868385428089004e+00
6.654087745677322197e+00,6.055934568857676226e+01,-2.301029995663981254e+00,2.225808332458339311e+00,7.740362689494244108e+00,5.856095040969859156e+01,-6.391931369073764913e+00,2.217497943547334316e+00
6.158752413393902891e+00,4.665325680730731506e+01,-2.602059991327962507e+00,2.506525801269819276e+00,7.602059991327962507e+00,4.484734413801615460e+01,-5.845417814424319403e+00,3.617345295217490708e+00
6.669090277854374804e+00,5.830015489141402441e+01,-2.329058719264224919e+00,1.815119145337110274e+00,7.301029995663981254e+00,5.629236168573658006e+01,-6.433152529986331025e+00,2.409032067445280756e+00
5.117651838640803419e+00,5.894877505891069802e+01,-2.504455662453551668e+00,2.724898914524895410e+00,7.602059991327962507e+00,5.694175467803475499e+01,-4.874265096339013503e+00,2.352994562525832833e+00
6.512448675380763774e+00,4.166725021917753224e+01,-2.551293680094920191e+00,1.890421334538464837e+00,7.602059991327962507e+00,4.003737405708920960e+01,-6.214596050003998506e+00,4.300220852213108458e+00
7.227572074791627443e+00,4.647161482927330667e+01,-2.425968732272281159e+00,1.830808850704910729e+00,7.301029995663981254e+00,4.467142060692924588e+01,-6.914647104153652357e+00,3.640112840411143136e+00
5.943860057958493925e+00,4.720826892518944362e+01,-2.903089986991943761e+00,1.966439515575012953e+00,7.602059991327962507e+00,4.538526093193161159e+01,-5.629251643840756714e+00,3.548628716183190868e+00
6.793961128845264597e+00,4.721053036078026111e+01,-2.504455662453551668e+00,1.883783157137627118e+00,7.740362689494244108e+00,4.538745389727733937e+01,-6.479361739497766060e+00,3.548353057860176740e+00
7.614997955056218792e+00,4.923511027729202283e+01,-2.425968732272281159e+00,1.552546636349837028e+00,7.301029995663981254e+00,4.735485078708416040e+01,-7.299821287734308051e+00,3.309313593338591541e+00
5.845440802812190917e+00,5.016275841870316299e+01,-2.551293680094920191e+00,2.274649671698059983e+00,7.602059991327962507e+00,4.825924220973647039e+01,-5.532855664124027406e+00,3.205273283909378712e+00
5.665256751530566071e+00,6.074509963195257001e+01,-2.328827157284916627e+00,2.727932651932565733e+00,7.602059991327962507e+00,5.874833214544710813e+01,-5.400462582702634684e+00,2.202168035678629288e+00
6.138493006036823907e+00,4.684622746498892809e+01,-3.508638306165727361e+00,2.178147515881459384e+00,7.602059991327962507e+00,4.503430583454709790e+01,-5.824781872308517627e+00,3.593302627064991039e+00
7.119708295920635699e+00,4.148660379000845921e+01,-2.425968732272281159e+00,1.506400253243485476e+00,7.740362689494244108e+00,3.986374520359268558e+01,-6.822526457714853443e+00,4.327428064656023921e+00
7.425473657564998220e+00,5.939227970254570721e+01,-2.425968732272281159e+00,1.710397509396198945e+00,7.301029995663981254e+00,5.738666776743926334e+01,-7.176699412153570101e+00,2.315104368692163739e+00
6.173873762165469792e+00,5.276766263859113337e+01,-2.806875401645538393e+00,2.488556582506641579e+00,7.602059991327962507e+00,5.081000125731154071e+01,-5.995892742845691181e+00,2.928936865513090737e+00
7.161170145055820946e+00,5.669723513928377656e+01,-2.329058719264224919e+00,2.007892480957655490e+00,7.301029995663981254e+00,5.469386269966480540e+01,-6.942957975068895671e+00,2.551606800634819816e+00
7.111336421306780231e+00,4.617866850805268797e+01,-2.504455662453551668e+00,1.703780179274960727e+00,7.740362689494244108e+00,4.438782181880554845e+01,-6.798905906024859114e+00,3.677112722028648584e+00
5.913187570030728146e+00,4.988893182762190293e+01,-2.328827157284916627e+00,2.204533207158723584e+00,7.602059991327962507e+00,4.799207634890763075e+01,-5.599877042474546762e+00,3.235686397533533487e+00
6.485546720585159797e+00,5.315055621544688336e+01,-2.391473966422805741e+00,1.820442941820478167e+00,7.740362689494244108e+00,5.118643627464285828e+01,-6.304239375784589150e+00,2.890311245180436917e+00
6.930512123128155899e+00,4.016022206660775140e+01,-2.329058719264224919e+00,2.136885139202229666e+00,7.301029995663981254e+00,3.858998392663255572e+01,-6.638564944758225117e+00,4.533787057842203261e+00
6.799399906970135632e+00,4.468769289319462246e+01,-2.725842150736319969e+00,1.643548210296517986e+00,7.740362689494244108e+00,4.294669107006353670e+01,-6.491163007312179545e+00,3.871552020907081726e+00
6.561797731172839931e+00,6.406057732810953098e+01,-3.200659450546418316e+00,2.081035196658382436e+00,7.740362689494244108e+00,6.211609691080423090e+01,-6.255066495250058090e+00,1.938777031768417647e+00
5.837971223510023400e+00,4.970166829461297908e+01,-2.328827157284916627e+00,2.300707943527704913e+00,7.602059991327962507e+00,4.780946744983185681e+01,-5.524145729565351104e+00,3.256627815272587156e+00
6.171922060152692957e+00,6.183806577801830429e+01,-2.903089986991943761e+00,1.981322146948370611e+00,7.602059991327962507e+00,5.985361292991518667e+01,-5.893968096279974311e+00,2.113393676267438348e+00
7.634397407144305703e+00,4.318507522622265782e+01,-2.204119982655924570e+00,1.551443089486834293e+00,7.301029995663981254e+00,4.149780883061441727e+01,-7.331213160806156814e+00,4.078613659238061295e+00
5.845074599053468489e+00,5.241429234497132938e+01,-3.508638306165727361e+00,2.700165623944493110e+00,7.602059991327962507e+00,5.046294749859927720e+01,-5.670453761970926543e+00,2.965174153357790665e+00
6.345427262110310274e+00,5.150888322168312072e+01,-2.425968732272281159e+00,2.088557190505066163e+00,7.602059991327962507e+00,4.957523473421363747e+01,-6.047753048861694403e+00,3.059660368419012233e+00
5.901540826269227935e+00,6.471738333419548894e+01,-2.504455662453551668e+00,2.540878256845536143e+00,7.602059991327962507e+00,6.278868144867902856e+01,-5.586088466092633986e+00,1.888581907157889095e+00
7.426626398605512769e+00,6.033835160449088164e+01,-2.726998727936262412e+00,1.541537337960745546e+00,7.301029995663981254e+00,5.833819294488188234e+01,-7.167130747809550506e+00,2.235804498749494051e+00
6.837293977963483371e+00,6.087470509896001403e+01,-2.204119982655924570e+00,1.695076373708402695e+00,7.301029995663981254e+00,5.887915259350177166e+01,-6.571166537642792349e+00,2.191502598068408858e+00
6.173910458544910718e+00,5.213837846948969457e+01,-2.659555885159881505e+00,2.473833949964178380e+00,7.602059991327962507e+00,5.019219873041615188e+01,-6.001983274617488817e+00,2.993715316370387569e+00
6.430770469209282858e+00,5.972886559262865092e+01,-2.659555885159881505e+00,1.918210603804198167e+00,7.602059991327962507e+00,5.772480810420137232e+01,-6.177971204430553698e+00,2.286687719610997593e+00
6.371215010403440182e+00,4.905769876211422797e+01,-2.391473966422805741e+00,2.028326112227705202e+00,7.740362689494244108e+00,4.718210674188367193e+01,-6.056081101304411796e+00,3.329545119604055969e+00
6.681966954013683235e+00,4.000751725267307535e+01,-2.659555885159881505e+00,1.679421782262667584e+00,7.740362689494244108e+00,3.844345336206328057e+01,-6.390828505729198028e+00,4.558157155437566388e+00
7.069466810126595391e+00,6.109476405921816422e+01,-3.508638306165727361e+00,1.812362609570934868e+00,7.740362689494244108e+00,5.910142449831647582e+01,-6.800695952897495289e+00,2.173490978420805853e+00
7.447618306592960202e+00,5.883616346459763236e+01,-2.329058719264224919e+00,1.575459817154994280e+00,7.301029995663981254e+00,5.682890000880632897e+01,-7.205582590521812492e+00,2.362669803803930435e+00
6.827963416050380374e+00,4.734810639936394239e+01,-2.806875401645538393e+00,1.940850427887468310e+00,7.740362689494244108e+00,4.552088292104909328e+01,-6.513316003527743092e+00,3.531619838684630253e+00
6.685515508472186674e+00,4.184352533494514859e+01,-2.602059991327962507e+00,1.656258381535281599e+00,7.740362689494244108e+00,4.020683802468553836e+01,-6.386949206618979247e+00,4.273894975851817435e+00
7.240804982381695787e+00,4.306726650440183590e+01,-2.505149978319905824e+00,1.691765988152899025e+00,7.301029995663981254e+00,4.138434842052765816e+01,-6.937514752693324738e+00,4.095408498650630946e+00
7.026589423753160979e+00,5.458300117308689892e+01,-2.602059991327962507e+00,1.822081356224467541e+00,7.740362689494244108e+00,5.259841933982551154e+01,-6.830238931548453962e+00,2.749254098026363557e+00
6.417084340295893696e+00,5.330401183685860644e+01,-2.806875401645538393e+00,2.146869478226486105e+00,7.602059991327962507e+00,5.133741790330634558e+01,-6.233669044603801446e+00,2.874942905633811385e+00
6.642338536347437206e+00,4.979186998634757089e+01,-2.425968732272281159e+00,1.566121093228916461e+00,7.740362689494244108e+00,4.789741707266531989e+01,-6.328763024780625912e+00,3.246526141276654620e+00
6.322148066333672212e+00,5.815308777334951174e+01,-2.903089986991943761e+00,1.894069857395158651e+00,7.740362689494244108e+00,5.614532860999821651e+01,-6.087567468907913337e+00,2.421843957556824911e+00
5.943344934535763180e+00,5.211247355865626218e+01,-2.504455662453551668e+00,2.560322112573444997e+00,7.602059991327962507e+00,5.016678912735309837e+01,-5.771371036873110150e+00,2.996406226189953781e+00
6.244009891470470919e+00,4.438524374962702979e+01,-2.301029995663981254e+00,2.234588962002073131e+00,7.740362689494244108e+00,4.265478999181505060e+01,-5.936596944158332612e+00,3.912356647752802452e+00
6.862510413181938773e+00,4.498245851698715114e+01,-2.806875401645538393e+00,1.867962229076692626e+00,7.740362689494244108e+00,4.323131358265410995e+01,-6.553370306321038008e+00,3.832175392625858823e+00
6.993573246989513770e+00,5.973118870631690669e+01,-3.028028723600243666e+00,1.997856947270911343e+00,7.301029995663981254e+00,5.772714341635560231e+01,-6.740773334574154063e+00,2.286492649324992410e+00
6.434359996316827868e+00,5.782484077344801676e+01,-2.425968732272281159e+00,1.888049396000453850e+00,7.301029995663981254e+00,5.581743252063401428e+01,-6.203862611627987356e+00,2.450641416495461744e+00
6.344192799764635460e+00,4.616014922627439176e+01,-3.200659450546418316e+00,1.786335918402619072e+00,7.740362689494244108e+00,4.436989858261267727e+01,-6.031678133156080257e+00,3.679463496106256670e+00
7.381378044697513019e+00,4.380019756306342771e+01,-2.425968732272281159e+00,1.860193884843895251e+00,7.301029995663981254e+00,4.209053785081067645e+01,-7.075610848008252241e+00,3.992458534938206682e+00
7.184699425264695627e+00,5.789794617313735614e+01,-2.425968732272281159e+00,1.449507437687476141e+00,7.301029995663981254e+00,5.589042707604147608e+01,-6.953522399636987039e+00,2.444182513426551573e+00
6.796183755649108704e+00,5.462456700564195700e+01,-2.328827157284916627e+00,1.852397620342813411e+00,7.740362689494244108e+00,5.263948147349000806e+01,-6.599873529474276523e+00,2.745263728256865932e+00
6.479056669702379700e+00,5.449925451410236832e+01,-2.425968732272281159e+00,1.696093442785113536e+00,7.301029995663981254e+00,5.251570331205897446e+01,-6.284121023349601209e+00,2.757341587180001774e+00
6.313753071425012742e+00,4.986649492677399564e+01,-2.358525889495900252e+00,1.890192518290717105e+00,7.602059991327962507e+00,4.797019290590705509e+01,-6.000381657971817440e+00,3.238189347795121353e+00
6.386748469440926002e+00,4.207021439741237145e+01,-2.806875401645538393e+00,2.150547247124031447e+00,7.602059991327962507e+00,4.042482224716974315e+01,-6.087155637711987310e+00,4.240270213767599827e+00
6.715147230114660637e+00,4.485068637251983148e+01,-2.425968732272281159e+00,1.637853816770772575e+00,7.301029995663981254e+00,4.310405887935314695e+01,-6.405930278535553413e+00,3.849730858859536919e+00
6.639701853894619532e+00,4.978234392695269861e+01,-3.508638306165727361e+00,2.183634815840240329e+00,7.740362689494244108e+00,4.788812797409508448e+01,-6.326100112059250158e+00,3.247591684291204484e+00
7.566898663428230698e+00,5.893991464580309270e+01,-2.028028723600243666e+00,1.564392939318838938e+00,7.301029995663981254e+00,5.693287346749897893e+01,-7.323513013101351277e+00,2.353755014347030272e+00
6.622657480738584290e+00,5.870560687703112279e+01,-2.301029995663981254e+00,1.726649591328031308e+00,7.740362689494244108e+00,5.669811918412992213e+01,-6.381975655293494754e+00,2.373914868009136203e+00
5.824323778579216793e+00,6.344762771589972772e+01,-2.301029995663981254e+00,2.249447654256861995e+00,7.602059991327962507e+00,6.149007525872872293e+01,-5.525780614465625185e+00,1.986195852939302675e+00
5.908021188469631646e+00,4.661737820971099922e+01,-2.725842150736319969e+00,2.649347722806079553e+00,7.602059991327962507e+00,4.481259031299100570e+01,-5.594532581633149704e+00,3.621831913251184254e+00
6.707423686883067226e+00,5.791283086414517811e+01,-2.358525889495900252e+00,2.105428669648844675e+00,7.740362689494244108e+00,5.590529148657071801e+01,-6.475561526020478631e+00,2.442868704894467058e+00
6.947009446125212762e+00,5.945620565254820633e+01,-3.200659450546418316e+00,1.912654430633078384e+00,7.740362689494244108e+00,5.745085651516438929e+01,-6.697561642659954018e+00,2.309670722012330923e+00
6.813846498574053889e+00,4.566250989205909150e+01,-2.806875401645538393e+00,1.718637209029939550e+00,7.740362689494244108e+00,4.388849896587427679e+01,-6.502624044033648687e+00,3.743160541673460351e+00
6.496781175914615680e+00,5.679757008694225817e+01,-2.725842150736319969e+00,2.106034664490917141e+00,7.740362689494244108e+00,5.479366418031037256e+01,-6.277192124975647936e+00,2.542518288293276196e+00
6.345053869379632339e+00,5.535503589169884719e+01,-2.425968732272281159e+00,2.186221686180284340e+00,7.740362689494244108e+00,5.336195858014173155e+01,-6.141222058785020366e+00,2.675809405161877041e+00
6.785274980847106896e+00,5.157169522823178909e+01,-2.504455662453551668e+00,1.848313086631272029e+00,7.740362689494244108e+00,4.963675045201185299e+01,-6.489526334829025522e+00,3.053027754722502429e+00
6.052667859363318748e+00,4.488706282441491169e+01,-2.725842150736319969e+00,2.482956810914928258e+00,7.602059991327962507e+00,4.313918551330795026e+01,-5.743642818376827996e+00,3.844876920522928732e+00
6.996925297829867496e+00,5.216301083257886972e+01,-2.391473966422805741e+00,1.752184686158685611e+00,7.740362689494244108e+00,5.021636175997906548e+01,-6.825042301755182450e+00,2.991158392904705643e+00
7.183260699896867330e+00,6.110277420597606124e+01,-2.726998727936262412e+00,1.726821778378499372e+00,7.301029995663981254e+00,5.910951877129855347e+01,-6.914485644767569106e+00,2.172839243293506861e+00
6.682003293004309619e+00,6.341415208685734939e+01,-2.358525889495900252e+00,1.937393134897055669e+00,7.740362689494244108e+00,6.145593122154303956e+01,-6.384081553978516510e+00,1.988803730191027963e+00
7.178332023122111494e+00,4.120663987504737946e+01,-2.124938736608299905e+00,2.025539446383574305e+00,7.301029995663981254e+00,3.959473040534589927e+01,-6.882401082825992056e+00,4.370200097110528148e+00
6.271696106440169949e+00,4.478972990316395908e+01,-2.659555885159881505e+00,2.239182725349929903e+00,7.602059991327962507e+00,4.304520142554966355e+01,-5.962771433994766390e+00,3.857877777403141195e+00
5.890780593233857942e+00,4.187831737181959113e+01,-2.551293680094920191e+00,2.314675383695834032e+00,7.602059991327962507e+00,4.024029005466448439e+01,-5.592461610062361643e+00,4.268717487068856009e+00
7.152286270306538185e+00,6.053066515194805675e+01,-2.028028723600243666e+00,1.753005566595161158e+00,7.301029995663981254e+00,5.853203041778843385e+01,-6.890142185454090296e+00,2.219869544858710686e+00
6.987225309534891515e+00,5.442269107790654914e+01,-2.204119982655924570e+00,1.740483437186503002e+00,7.301029995663981254e+00,5.244010050088465391e+01,-6.792962884862251194e+00,2.764765814815810518e+00
7.240793904580121065e+00,5.395697369937585819e+01,-3.028028723600243666e+00,1.802065676202473377e+00,7.301029995663981254e+00,5.198060088999031336e+01,-7.051312473160031402e+00,2.810242846113541582e+00
7.175251593087375035e+00,4.758002531660613244e+01,-2.726998727936262412e+00,1.630364705253656510e+00,7.301029995663981254e+00,4.574589382010708505e+01,-6.860317609276465944e+00,3.503574218878391822e+00
7.205310271561866209e+00,5.414434768040638346e+01,-2.204119982655924570e+00,1.641273077819049409e+00,7.301029995663981254e+00,5.216539637594809165e+01,-7.013766740757782614e+00,2.791879930343141858e+00
6.237389138779930953e+00,6.188070634254929558e+01,-2.602059991327962507e+00,1.965762320359117021e+00,7.740362689494244108e+00,5.989683005007091765e+01,-5.958789353217119000e+00,2.109968943309690648e+00
6.547956973643759504e+00,4.456780644155694660e+01,-2.328827157284916627e+00,1.827548349736659805e+00,7.740362689494244108e+00,4.283096889154856513e+01,-6.239688998751033999e+00,3.887677474387154053e+00
6.974096245698419239e+00,5.287900917256605027e+01,-2.328827157284916627e+00,1.764054498571650864e+00,7.740362689494244108e+00,5.091942790041184708e+01,-6.794722888840579955e+00,2.917661197246162352e+00
7.026818290100676379e+00,5.099248624913828110e+01,-2.903089986991943761e+00,1.672513001300560243e+00,7.740362689494244108e+00,4.906987202719395214e+01,-6.720331180004955662e+00,3.114639159562245130e+00
6.563359544924226796e+00,5.436026922007042828e+01,-3.026872146400301222e+00,1.728990366621399932e+00,7.740362689494244108e+00,5.237847479013069574e+01,-6.369784622482105974e+00,2.770829569004835236e+00
5.826090562034818454e+00,5.535393184357219809e+01,-2.903089986991943761e+00,2.669526446640198447e+00,7.602059991327962507e+00,5.336086536731235697e+01,-5.622257925116615596e+00,2.675913435659651451e+00
6.490496922576720173e+00,5.940079131111951227e+01,-2.806875401645538393e+00,2.120232528252012028e+00,7.602059991327962507e+00,5.739521349286548002e+01,-6.241720854493438608e+00,2.314380490332749396e+00
6.289907267880525232e+00,5.080662410865664924e+01,-2.602059991327962507e+00,1.885856706836939178e+00,7.740362689494244108e+00,4.888814338929975634e+01,-5.981822418135058328e+00,3.134719634569310465e+00
7.197459394666315013e+00,4.790012464400601999e+01,-2.425968732272281159e+00,1.972339222759312172e+00,7.301029995663981254e+00,4.605663224912012765e+01,-6.881949616519546176e+00,3.465196766599548894e+00
6.945473199408441545e+00,4.702177653507891364e+01,-2.726998727936262412e+00,1.679504636595948286e+00,7.301029995663981254e+00,4.520444846634424607e+01,-6.631298002000501235e+00,3.571559198700881677e+00
6.727000772800680650e+00,5.016532112584619796e+01,-2.806875401645538393e+00,1.897364731870283761e+00,7.740362689494244108e+00,4.826174340451214562e+01,-6.414422269626125939e+00,3.204989812741428246e+00
5.747212243549334687e+00,6.155688801607618643e+01,-3.508638306165727361e+00,2.469386977249148352e+00,7.602059991327962507e+00,5.956881548194996867e+01,-5.472537474498675891e+00,2.136038079004367596e+00
6.301749034277039918e+00,6.238541939079595267e+01,-2.391473966422805741e+00,2.164208889780760092e+00,7.602059991327962507e+00,6.040892470948361392e+01,-6.016666973852253797e+00,2.069613758358728628e+00
5.407127728161729152e+00,5.335577559009351489e+01,-2.504455662453551668e+00,2.382278046807101646e+00,7.602059991327962507e+00,5.138836205859129791e+01,-5.223783680745953006e+00,2.869772984891168388e+00
6.190152522528973300e+00,5.183009928471422256e+01,-3.200659450546418316e+00,1.919748996120917095e+00,7.602059991327962507e+00,4.988992806269234848e+01,-6.021655865095631555e+00,3.025864774258384848e+00
5.864569384436883581e+00,6.317177651821478435e+01,-2.301029995663981254e+00,2.239129693288799849e+00,7.602059991327962507e+00,6.120885575514665788e+01,-5.569828109736104871e+00,2.007723663491095323e+00
7.256023903355496962e+00,5.650691362319211919e+01,-2.505149978319905824e+00,1.773688971356419897e+00,7.301029995663981254e+00,5.450464490983341648e+01,-7.039863757438972414e+00,2.568904177130954203e+00
6.340530411624988538e+00,5.471335629848381643e+01,-2.358525889495900252e+00,2.253640852260935468e+00,7.602059991327962507e+00,5.272721227539420852e+01,-6.142812027524001017e+00,2.736753806213156004e+00
6.000399113185979516e+00,5.181543822083705919e+01,-2.504455662453551668e+00,2.532351501808726368e+00,7.602059991327962507e+00,4.987555892342069797e+01,-5.831874348867083668e+00,3.027400647125946254e+00
6.691304315379624335e+00,5.771755653580959233e+01,-2.806875401645538393e+00,1.924725785813576007e+00,7.740362689494244108e+00,5.571034467055056894e+01,-6.461481681947662814e+00,2.460138773088198061e+00
5.704037951560197328e+00,5.802914465292104751e+01,-2.301029995663981254e+00,1.979662745067470420e+00,7.602059991327962507e+00,5.602147353048434297e+01,-5.470815752950617394e+00,2.432672464666298495e+00
6.861618688816306211e+00,4.288197382696286297e+01,-2.301029995663981254e+00,1.801140726781371715e+00,7.740362689494244108e+00,4.120593248133826592e+01,-6.559060923904468154e+00,4.121960151774072934e+00
6.203476015530891452e+00,4.945923451021636197e+01,-2.328827157284916627e+00,2.195151823150815140e+00,7.740362689494244108e+00,4.757317785999015314e+01,-5.888960680335717512e+00,3.283912825370471911e+00
5.998911193565372280e+00,5.771248708216772627e+01,-2.504455662453551668e+00,2.314104899714809704e+00,7.602059991327962507e+00,5.570528548663494917e+01,-5.769777734616571507e+00,2.460588101042028963e+00
5.953480781403189148e+00,5.073426733236906472e+01,-2.602059991327962507e+00,2.581644072716999805e+00,7.602059991327962507e+00,4.881741863158529782e+01,-5.644641354632264907e+00,3.142582198310463149e+00
5.905936564197360461e+00,5.723254342325460442e+01,-2.806875401645538393e+00,2.216413886676332101e+00,7.602059991327962507e+00,5.522671538651047740e+01,-5.681567157156431236e+00,2.503356894550998746e+00
7.237296890530185323e+00,6.345065799094510339e+01,-2.505149978319905824e+00,1.546961126425971722e+00,7.301029995663981254e+00,6.149316627082600917e+01,-6.938751063040005995e+00,1.985959845391288559e+00
6.028713156637571124e+00,5.315420076254054038e+01,-2.301029995663981254e+00,2.389956860297407282e+00,7.602059991327962507e+00,5.119002130015945795e+01,-5.847411048096185837e+00,2.889945520163361259e+00
6.647237801089457498e+00,4.618353051012139332e+01,-2.425968732272281159e+00,1.940118852340762423e+00,7.301029995663981254e+00,4.439252743681245761e+01,-6.334829347638017971e+00,3.676495788445810042e+00
6.758749894586306262e+00,5.973861617395954937e+01,-2.659555885159881505e+00,1.959153593172025420e+00,7.740362689494244108e+00,5.773461002072261294e+01,-6.505947904635811518e+00,2.285869028470435271e+00
6.007594114759272408e+00,5.181167561193826288e+01,-2.328827157284916627e+00,2.320037299074588333e+00,7.602059991327962507e+00,4.987187132373233567e+01,-5.839062123907973856e+00,3.027794914706346319e+00
6.679537571442652144e+00,4.188797588902743740e+01,-2.659555885159881505e+00,2.172463386882172109e+00,7.740362689494244108e+00,4.024957683172618772e+01,-6.380629585349541166e+00,4.267281260954899125e+00
6.228484778271772271e+00,4.178521492633706913e+01,-2.725842150736319969e+00,2.345939513528416676e+00,7.602059991327962507e+00,4.015077664417398751e+01,-5.930160772511382739e+00,4.282585982909695055e+00
6.611296519005423811e+00,4.952253517702276753e+01,-3.508638306165727361e+00,1.723916258789728095e+00,7.740362689494244108e+00,4.763486147901406298e+01,-6.296963846558631062e+00,3.276769526766547980e+00
6.226597320228064447e+00,5.147151422453957537e+01,-2.391473966422805741e+00,2.350557031248054152e+00,7.602059991327962507e+00,4.953864170803001343e+01,-5.928248885954996439e+00,3.063611922623989958e+00
5.742008859795604714e+00,5.664861595655885651e+01,-2.358525889495900252e+00,2.111298520614628416e+00,7.740362689494244108e+00,5.464551406319719717e+01,-5.524486533587106507e+00,2.556018344394285879e+00
6.046535386098885745e+00,4.614193731772716944e+01,-3.508638306165727361e+00,2.271134830553215522e+00,7.602059991327962507e+00,4.435227341537154189e+01,-5.733937782140493766e+00,3.681776620846124892e+00
6.278179194066264124e+00,5.842918752848551378e+01,-2.659555885159881505e+00,1.731002892474118982e+00,7.740362689494244108e+00,5.642142773698125779e+01,-6.040884144095541863e+00,2.397823937828506224e+00
6.579368451163465359e+00,4.564143530696195228e+01,-2.806875401645538393e+00,1.653438696418295217e+00,7.740362689494244108e+00,4.386812147800168304e+01,-6.268044205919505174e+00,3.745880700259307972e+00
7.213535124431914802e+00,5.889846603892948451e+01,-2.425968732272281159e+00,1.545321806250286922e+00,7.301029995663981254e+00,5.689133136686012904e+01,-6.970823027858266130e+00,2.357314202316473484e+00
6.199450517720038967e+00,5.247523269974587379e+01,-2.358525889495900252e+00,2.344063979299357392e+00,7.740362689494244108e+00,5.052277445943860812e+01,-6.024142084962569754e+00,2.958899681544886473e+00
6.369273138408655832e+00,5.493364058942007944e+01,-2.903089986991943761e+00,1.941533284029692163e+00,7.602059991327962507e+00,5.294497381760868393e+01,-6.169524569794850422e+00,2.715722415473405427e+00
6.721144094557201853e+00,6.390836648556547317e+01,-2.358525889495900252e+00,1.938587076671391296e+00,7.740362689494244108e+00,6.196049190232602655e+01,-6.416889171667166103e+00,1.950471532088499105e+00
7.080507398734720681e+00,4.305918866488767094e+01,-2.425968732272281159e+00,1.754563294611563684e+00,7.740362689494244108e+00,4.137656941816553058e+01,-6.777804967935457725e+00,4.096562540033310995e+00
6.112228722087562183e+00,4.434570441559068144e+01,-3.200659450546418316e+00,2.100759771200314319e+00,7.602059991327962507e+00,4.261663994030342906e+01,-5.804595548417140982e+00,3.917721355531306848e+00
6.904442985409096956e+00,4.987532324993967592e+01,-2.391473966422805741e+00,1.542469114045462719e+00,7.740362689494244108e+00,4.797880332004143611e+01,-6.591095555293267516e+00,3.237204304687106404e+00
6.154605790834617451e+00,6.445620285048869391e+01,-2.391473966422805741e+00,2.318130507789600614e+00,7.602059991327962507e+00,6.252100553829546925e+01,-5.842858813426881071e+00,1.908491016934381390e+00
6.805033576725458389e+00,5.414386827087639631e+01,-2.028028723600243666e+00,1.984683309779564420e+00,7.301029995663981254e+00,5.216492343223981720e+01,-6.613489513388537411e+00,2.791926799239939250e+00
7.250052784372436498e+00,6.043475357694765648e+01,-2.425968732272281159e+00,1.731701784649410047e+00,7.301029995663981254e+00,5.843534107114442122e+01,-6.989231741948463750e+00,2.227809612748970824e+00
6.086878431834752412e+00,5.931540875957905712e+01,-2.806875401645538393e+00,1.993318054769983805e+00,7.602059991327962507e+00,5.730950084787406240e+01,-5.839442054178268116e+00,2.321647513945341856e+00
7.029488887038066736e+00,5.174559685683015431e+01,-2.903089986991943761e+00,1.547312789314466919e+00,7.740362689494244108e+00,4.980711584596650709e+01,-6.861634098525411396e+00,3.034725813579592479e+00
6.114017709660821254e+00,4.387028891651154794e+01,-3.026872146400301222e+00,2.207084009780261535e+00,7.602059991327962507e+00,4.215811150545525265e+01,-5.808034997119012388e+00,3.982779760942661174e+00
7.088639392614546786e+00,4.224233055540966575e+01,-2.504455662453551668e+00,1.574130056952617762e+00,7.740362689494244108e+00,4.059037076301899560e+01,-6.788931700336364727e+00,4.214912227068085215e+00
6.698100563901191684e+00,5.488887137102498315e+01,-3.026872146400301222e+00,1.598946908228056740e+00,7.740362689494244108e+00,5.290070532797113856e+01,-6.499054492888957313e+00,2.719987343405078750e+00
7.091248538020265002e+00,5.525273774709938834e+01,-1.903089986991943539e+00,1.577973437716889915e+00,7.301029995663981254e+00,5.326068055550240388e+01,-6.888072914250342293e+00,2.685460582191060652e+00
5.706864457926664969e+00,4.029774345852544570e+01,-2.602059991327962507e+00,2.440686749324005422e+00,7.602059991327962507e+00,3.872196454838748991e+01,-5.414665452247803934e+00,4.511949485532578130e+00
6.448379263104756731e+00,6.351846789321105291e+01,-2.391473966422805741e+00,1.945740302941029620e+00,7.740362689494244108e+00,6.156234537708976973e+01,-6.149182232896817979e+00,1.980681287125225287e+00
7.426257403510548194e+00,4.912143062168125596e+01,-2.726998727936262412e+00,1.650123841276000647e+00,7.301029995663981254e+00,4.724415396698009317e+01,-7.111319076653108695e+00,3.322262671936064837e+00
6.122137216379444524e+00,4.528462888624718374e+01,-2.463441557428470041e+00,2.210775640982062029e+00,7.602059991327962507e+00,4.352323007666785770e+01,-5.812095088260237574e+00,3.792217161244492818e+00
7.383475590318240300e+00,5.552272246049878390e+01,-2.726998727936262412e+00,1.831657230205379516e+00,7.301029995663981254e+00,5.352804379500668119e+01,-7.177570026805163650e+00,2.660041504448243721e+00
5.775446055117395616e+00,4.948716291755392405e+01,-2.903089986991943761e+00,2.207285048697793517e+00,7.602059991327962507e+00,4.760039171481236053e+01,-5.461011533676288998e+00,3.280759519816550451e+00
5.882392288415153381e+00,5.174148590284285376e+01,-2.358525889495900252e+00,2.238427318371117636e+00,7.602059991327962507e+00,4.980308758963738569e+01,-5.714529494424312794e+00,3.035157430336599127e+00
6.147964042876190582e+00,5.013957550056373691e+01,-3.200659450546418316e+00,2.243873372143320832e+00,7.740362689494244108e+00,4.823661644706430707e+01,-5.835318749167396568e+00,3.207838612648592935e+00
6.735500476052541430e+00,5.061544237336583762e+01,-3.026872146400301222e+00,1.968566278382880341e+00,7.740362689494244108e+00,4.870130133398251360e+01,-6.425794109341335769e+00,3.155530245421138691e+00
6.037416956533031787e+00,4.325176233637708378e+01,-2.602059991327962507e+00,2.119289388636615534e+00,7.602059991327962507e+00,4.156204285921219821e+01,-5.734012923239760084e+00,4.069136459504991699e+00
6.495740067288561903e+00,6.238405231899442072e+01,-2.806875401645538393e+00,2.017251168256930960e+00,7.602059991327962507e+00,6.040753624863430105e+01,-6.210659001766688725e+00,2.069722619827710108e+00
5.861129408727955514e+00,4.038532940302904706e+01,-2.659555885159881505e+00,2.555058737433399507e+00,7.602059991327962507e+00,3.880603145039628998e+01,-5.568268860427647127e+00,4.498095222037477470e+00
6.986169196405434434e+00,5.372699847691917796e+01,-2.124938736608299905e+00,1.972363209459962574e+00,7.301029995663981254e+00,5.175393019985480692e+01,-6.798697884429716787e+00,2.832903748705978053e+00
6.275953717269663557e+00,6.268747308440335075e+01,-2.504455662453551668e+00,2.104434636965729410e+00,7.602059991327962507e+00,6.071589149818160536e+01,-5.987005702997165280e+00,2.045733265636856313e+00
6.105021864434418966e+00,5.664893517470527229e+01,-2.806875401645538393e+00,1.924670168955454175e+00,7.740362689494244108e+00,5.464583147943514518e+01,-5.887499666291914124e+00,2.555989363504346024e+00
5.983301770685013565e+00,5.580300528596593779e+01,-2.504455662453551668e+00,2.039273647298196934e+00,7.740362689494244108e+00,5.380584813812077982e+01,-5.774671936848227993e+00,2.633829278041584843e+00
5.947462030260161292e+00,5.565400967013837885e+01,-2.391473966422805741e+00,2.087759517336122972e+00,7.602059991327962507e+00,5.365813904663190215e+01,-5.740188735440928447e+00,2.647741248460701691e+00
7.196129724116286042e+00,5.373921012573710243e+01,-3.028028723600243666e+00,2.004732955246413262e+00,7.301029995663981254e+00,5.176596253255311808e+01,-7.008673586598808569e+00,2.831697023984095729e+00
6.875345763416678579e+00,5.910399248209668599e+01,-2.391473966422805741e+00,1.941141981871469246e+00,7.740362689494244108e+00,5.709738290900173752e+01,-6.629937466385358746e+00,2.339695138499016558e+00
5.633654427347128291e+00,6.235652112784761414e+01,-2.725842150736319969e+00,2.715309436738394755e+00,7.602059991327962507e+00,6.037957592783192240e+01,-5.349202874821251896e+00,2.071915467147089185e+00
6.866877606928929900e+00,5.773424238781009876e+01,-2.463441557428470041e+00,1.776374202008837111e+00,7.740362689494244108e+00,5.572699735038537483e+01,-6.637057333008605120e+00,2.458660186273969206e+00
6.899156617947888925e+00,5.292270334018503775e+01,-2.301029995663981254e+00,1.691007083195496641e+00,7.740362689494244108e+00,5.096237798121947549e+01,-6.719849839350832355e+00,2.913246904248669278e+00
6.643583274697165031e+00,4.213347376923317000e+01,-3.508638306165727361e+00,2.006638748154502938e+00,7.740362689494244108e+00,4.048566353986862509e+01,-6.343776895775445013e+00,4.230932966214434821e+00
7.276363730017467724e+00,4.448638818051143318e+01,-2.204119982655924570e+00,1.820647067851069112e+00,7.301029995663981254e+00,4.275239134356635873e+01,-6.968269104400944158e+00,3.898665303434572404e+00
7.499641460058610321e+00,5.376519703087691937e+01,-2.425968732272281159e+00,1.697455043235254868e+00,7.301029995663981254e+00,5.179156927625035678e+01,-7.312217452635577430e+00,2.829130349362205976e+00
6.765713750147369865e+00,5.378197451928193829e+01,-2.725842150736319969e+00,2.009744542988991078e+00,7.740362689494244108e+00,5.180810236260248303e+01,-6.577546438889532610e+00,2.827474199387861375e+00
6.296097640636302728e+00,5.611556152438652134e+01,-2.425968732272281159e+00,2.241461937240038171e+00,7.602059991327962507e+00,5.411593639482148888e+01,-6.084039380792212626e+00,2.604807074484888574e+00
6.630148658899194913e+00,4.886820458475773421e+01,-2.806875401645538393e+00,1.949173221696583580e+00,7.740362689494244108e+00,4.699767358807315532e+01,-6.315005411739483598e+00,3.351421654621392854e+00
7.162402388646297524e+00,4.000554249275745633e+01,-2.204119982655924570e+00,1.452960464401797047e+00,7.301029995663981254e+00,3.844155859483339555e+01,-6.871247533196332746e+00,4.558473146106496898e+00
7.071029697666756597e+00,6.009979552647534717e+01,-1.903089986991943539e+00,1.475040031898371851e+00,7.301029995663981254e+00,5.809794311646723486e+01,-6.814207402901526045e+00,2.255650595332048258e+00
6.473864742817626805e+00,5.765270555783703799e+01,-2.301029995663981254e+00,1.985530696738541101e+00,7.740362689494244108e+00,5.564563179021445194e+01,-6.245413236365183529e+00,2.465890583290492266e+00
6.602155466799537464e+00,4.406108606770888514e+01,-2.425968732272281159e+00,1.750176143486749547e+00,7.301029995663981254e+00,4.234209132478528659e+01,-6.296027414502607833e+00,3.956546726045827356e+00
6.333229681527979160e+00,5.919042766409356204e+01,-2.328827157284916627e+00,2.197476043175349947e+00,7.602059991327962507e+00,5.718408509213560365e+01,-6.087142600071343779e+00,2.332307276799960860e+00
5.702468696763905776e+00,5.420928226208773992e+01,-3.200659450546418316e+00,2.651294382624651558e+00,7.602059991327962507e+00,5.222946143964679777e+01,-5.510240675490678974e+00,2.785537053338486668e+00
7.448245580131177768e+00,4.308505820407884102e+01,-1.903089986991943539e+00,1.459273034457976292e+00,7.301029995663981254e+00,4.140148223071975053e+01,-7.145068285666062557e+00,4.092867801536861805e+00
6.765842405556037775e+00,4.927506876739091979e+01,-2.358525889495900252e+00,1.890981654003678569e+00,7.740362689494244108e+00,4.739376756124028134e+01,-6.450785321271307993e+00,3.304772462330487937e+00
6.479599979799578691e+00,5.328237084310431726e+01,-2.328827157284916627e+00,2.032496114266148624e+00,7.602059991327962507e+00,5.131612179885286196e+01,-6.296928083166546841e+00,2.877106415578139398e+00
6.846493268575812863e+00,4.431851673592460372e+01,-3.200659450546418316e+00,1.670811610063486219e+00,7.740362689494244108e+00,4.259040891721161870e+01,-6.539329882552824103e+00,3.921414270307430172e+00
6.897461760772363171e+00,4.562907743636927194e+01,-2.425968732272281159e+00,1.850259390469043197e+00,7.740362689494244108e+00,4.385617272507289499e+01,-6.586077711138031532e+00,3.747476628560492795e+00
7.244872945337692549e+00,5.638377876509510145e+01,-2.505149978319905824e+00,1.594032593080639826e+00,7.301029995663981254e+00,5.438228781583001137e+01,-7.030083254742545584e+00,2.580135924221699462e+00
7.032673766968350115e+00,6.069060481820432074e+01,-2.659555885159881505e+00,1.696619806665227825e+00,7.740362689494244108e+00,5.869334594695231999e+01,-6.768541869134964806e+00,2.206659996314919159e+00
6.562197325089653255e+00,4.687018739711710680e+01,-2.425968732272281159e+00,2.089872368644094092e+00,7.740362689494244108e+00,4.505752447652699288e+01,-6.248586205658416048e+00,3.590327760187581152e+00
6.313709917443285136e+00,4.862108341062511130e+01,-3.026872146400301222e+00,2.219273593792312926e+00,7.602059991327962507e+00,4.675726835307273177e+01,-5.998352538071382689e+00,3.380142767167116702e+00
6.978313464259421117e+00,4.195133087536424910e+01,-3.028028723600243666e+00,2.129974493418596015e+00,7.301029995663981254e+00,4.031049615201919778e+01,-6.679196942953869787e+00,4.257871985879059906e+00
6.380153712015650846e+00,6.069407299577863313e+01,-2.124938736608299905e+00,1.891887401912762057e+00,7.301029995663981254e+00,5.869684505454611667e+01,-6.116020238016012911e+00,2.206373984553796408e+00
7.377863687160233219e+00,4.728151812060968950e+01,-2.204119982655924570e+00,1.738245900288451162e+00,7.301029995663981254e+00,4.545629730751178954e+01,-7.063546246607679713e+00,3.539709900111545515e+00
5.261927664618790246e+00,4.103896217934718038e+01,-2.903089986991943761e+00,2.560364879122860593e+00,7.602059991327962507e+00,3.943365215080970643e+01,-4.966737685475494324e+00,4.396016707437393478e+00
7.206847933739526368e+00,4.371834731176558364e+01,-2.028028723600243666e+00,1.763695295824398102e+00,7.301029995663981254e+00,4.201163661834621621e+01,-6.901854079657541163e+00,4.003789604405449509e+00
6.473888526999277637e+00,5.408009989550488683e+01,-3.200659450546418316e+00,2.069508570332048603e+00,7.602059991327962507e+00,5.210202112718974377e+01,-6.283030252742508814e+00,2.798166234490968129e+00
6.218618197724193664e+00,4.338273110010972999e+01,-2.328827157284916627e+00,2.047694016005938700e+00,7.602059991327962507e+00,4.168821165868936873e+01,-5.914754406356804495e+00,4.050586236856312361e+00
6.158470458874602649e+00,5.532811694885536014e+01,-2.551293680094920191e+00,2.241979049925229894e+00,7.602059991327962507e+00,5.333530490936996671e+01,-5.954618402092028084e+00,2.678346684279235390e+00
6.525478730145494843e+00,4.767116606137312118e+01,-2.551293680094920191e+00,1.793600371877177357e+00,7.740362689494244108e+00,4.583434859514767368e+01,-6.210299382460116036e+00,3.492608149910645832e+00
6.848344852934559412e+00,4.470386259356925507e+01,-2.028028723600243666e+00,1.509340735654957522e+00,7.301029995663981254e+00,4.296230082073969925e+01,-6.539577550146871587e+00,3.869381995374820971e+00
6.080826588154303103e+00,5.655318974895601514e+01,-2.903089986991943761e+00,2.394697630860359361e+00,7.602059991327962507e+00,5.455064164394178761e+01,-5.863975030526798804e+00,2.564691377968458141e+00
6.918645093942465074e+00,5.242912412681634038e+01,-2.505149978319905824e+00,1.926564384020583942e+00,7.301029995663981254e+00,5.047750738232360845e+01,-6.744049388185323402e+00,2.963646087936408602e+00
6.474229224552937367e+00,4.663731575828778375e+01,-3.026872146400301222e+00,2.058993582090316021e+00,7.602059991327962507e+00,4.483190254105477379e+01,-6.160826283864349051e+00,3.619338085743776912e+00
5.833930125911974685e+00,4.590801658853777667e+01,-2.659555885159881505e+00,2.220714155510358445e+00,7.740362689494244108e+00,4.412594053629334212e+01,-5.522059370058677530e+00,3.711608284555703019e+00
6.847723322929765821e+00,6.000481442233763119e+01,-2.903089986991943761e+00,2.039366565911352236e+00,7.740362689494244108e+00,5.800234788421977328e+01,-6.592231601920635953e+00,2.263577158343416773e+00
7.031743566059412309e+00,6.129895922297946242e+01,-1.903089986991943539e+00,1.488756944973208762e+00,7.301029995663981254e+00,5.930784295506282433e+01,-6.760344694240950858e+00,2.156905204574024459e+00
6.448752131800177700e+00,5.858976896280439917e+01,-2.328827157284916627e+00,2.216414981515278715e+00,7.740362689494244108e+00,5.658213383736116953e+01,-6.209424081214248048e+00,2.383917613886309628e+00
5.988291697252768664e+00,4.369263664021628557e+01,-3.508638306165727361e+00,2.533074440483544354e+00,7.602059991327962507e+00,4.198685426451461922e+01,-5.683144510037851482e+00,4.007355259495463784e+00
7.275672873945436159e+00,4.852384662210077693e+01,-2.425968732272281159e+00,1.491775654963253483e+00,7.301029995663981254e+00,4.666270964188959169e+01,-6.959993446038959419e+00,3.391503882966844685e+00
6.550948263830536078e+00,5.891200822922712632e+01,-2.659555885159881505e+00,1.973389584929383433e+00,7.740362689494244108e+00,5.690490341608938252e+01,-6.308234607188212273e+00,2.356151003917202225e+00
5.903490097574422002e+00,4.648142266323822014e+01,-2.504455662453551668e+00,1.934079947213447559e+00,7.602059991327962507e+00,4.468091814364319703e+01,-5.590608061114257232e+00,3.638880103543243205e+00
6.208994920146619911e+00,5.416695715049171156e+01,-2.328827157284916627e+00,1.944999685496724862e+00,7.740362689494244108e+00,5.218770167947599248e+01,-6.017476421952046906e+00,2.789670203699903706e+00
5.635464567453507989e+00,4.153134277728699431e+01,-2.551293680094920191e+00,2.596844495805289199e+00,7.602059991327962507e+00,3.990674271519242211e+01,-5.337947250214173600e+00,4.320631358873399108e+00
7.131326377320420740e+00,4.992957052385401084e+01,-2.505149978319905824e+00,1.794020697515043672e+00,7.301029995663981254e+00,4.803171554807292409e+01,-6.818125567297569134e+00,3.231157182740199474e+00
6.409937234822622898e+00,4.428393131017433859e+01,-2.463441557428470041e+00,1.613608784034143540e+00,7.740362689494244108e+00,4.255704206287441593e+01,-6.102579902312826654e+00,3.926116838294355205e+00
7.118184410771331905e+00,5.386874251109556866e+01,-2.124938736608299905e+00,1.849108859467767596e+00,7.301029995663981254e+00,5.189361937459091223e+01,-6.929359729075445173e+00,2.818920707412183368e+00
7.466117069970796827e+00,5.928985971005970157e+01,-2.028028723600243666e+00,1.595402460373472886e+00,7.301029995663981254e+00,5.728385826147473381e+01,-7.218685689071064893e+00,2.323824442570944449e+00
6.805460734787373234e+00,5.729406540141144433e+01,-1.903089986991943539e+00,2.062361879174573698e+00,7.301029995663981254e+00,5.528801717766447155e+01,-6.580409038730990368e+00,2.497848947839667488e+00
6.236529483468611801e+00,5.509293674633550353e+01,-3.200659450546418316e+00,1.833229793065195512e+00,7.740362689494244108e+00,5.310253816595599119e+01,-6.035436099270822474e+00,2.700585550349129171e+00
5.767347441640120920e+00,4.333153375922270101e+01,-2.725842150736319969e+00,2.176305538886701196e+00,7.602059991327962507e+00,4.163888787660422963e+01,-5.463167489618244055e+00,4.057827936305530514e+00
6.965660001680308078e+00,5.485475186311418128e+01,-2.806875401645538393e+00,1.856820625741690156e+00,7.740362689494244108e+00,5.286697154833228751e+01,-6.766583617851012811e+00,2.723240927490639951e+00
6.685323328314743740e+00,4.266632998787756748e+01,-1.903089986991943539e+00,2.206509290672551415e+00,7.301029995663981254e+00,4.099834871376393153e+01,-6.383930049544892960e+00,4.153072025227582564e+00
6.564048618435919025e+00,4.412440278937800997e+01,-1.903089986991943539e+00,1.783252823402443177e+00,7.301029995663981254e+00,4.240315749058609640e+01,-6.257658132049049193e+00,3.947877833904626765e+00
7.372114010753096025e+00,6.103052870917775863e+01,-2.505149978319905824e+00,1.469772802333219941e+00,7.301029995663981254e+00,5.903652361562723172e+01,-7.104008127940735662e+00,2.178720705863137486e+00
6.263125150591090318e+00,4.516805819896166696e+01,-2.301029995663981254e+00,2.327092127038953517e+00,7.602059991327962507e+00,4.341059759552584296e+01,-5.953103213396106597e+00,3.807578127750308461e+00
6.589872006052201137e+00,5.974418905508736088e+01,-2.551293680094920191e+00,2.020175193629740740e+00,7.740362689494244108e+00,5.774021240222921847e+01,-6.337068450404269804e+00,2.285401179946512595e+00
6.774840273963595116e+00,6.281574161159498715e+01,-2.328827157284916627e+00,1.726135377832954010e+00,7.740362689494244108e+00,6.084635957242372228e+01,-6.484585638005482267e+00,2.035639306247663427e+00
6.105957919061365757e+00,4.125840707988853495e+01,-2.328827157284916627e+00,2.442969555764189060e+00,7.602059991327962507e+00,3.964446642464795900e+01,-5.809747120335026160e+00,4.362259962250575995e+00
5.427181751803451526e+00,6.224988950355123052e+01,-2.504455662453551668e+00,2.408993622288663428e+00,7.602059991327962507e+00,6.027131132952160897e+01,-5.144028144571770156e+00,2.080417791440079434e+00
6.811053327854860839e+00,5.363133636173101593e+01,-1.903089986991943539e+00,1.718957542146601902e+00,7.301029995663981254e+00,5.165968762905473000e+01,-6.624993360340920567e+00,2.842370249760082235e+00
6.023915679226925057e+00,6.149736428173611102e+01,-2.391473966422805741e+00,2.214983358988365403e+00,7.602059991327962507e+00,5.950856590997614148e+01,-5.749899843898947260e+00,2.140845557749120776e+00
5.970410555833377764e+00,4.935317219844561976e+01,-3.200659450546418316e+00,2.124387974553815894e+00,7.602059991327962507e+00,4.746984503550595491e+01,-5.655585105308963634e+00,3.295911989528942598e+00
6.694115974011384473e+00,5.964338305795578066e+01,-2.504455662453551668e+00,1.962604257685144127e+00,7.740362689494244108e+00,5.763889076103697562e+01,-6.442649911790650386e+00,2.293871716097973579e+00
5.774188836255765622e+00,6.194193144410691332e+01,-2.463441557428470041e+00,2.540353608806353858e+00,7.602059991327962507e+00,5.995889576730951376e+01,-5.494931578123838811e+00,2.105055799913746473e+00
7.287203811461810510e+00,4.827254495158789638e+01,-2.329058719264224919e+00,1.450373112585665369e+00,7.301029995663981254e+00,4.641842086589366545e+01,-6.971841615455073082e+00,3.421024221688183431e+00
6.405931850289369400e+00,5.764552151049906570e+01,-3.200659450546418316e+00,2.002673989049766234e+00,7.740362689494244108e+00,5.563846393750594643e+01,-6.177479200876395460e+00,2.466528261782748643e+00
7.056714335115860770e+00,5.557984483926434649e+01,-2.124938736608299905e+00,1.795765248714537909e+00,7.301029995663981254e+00,5.358464086593929210e+01,-6.850119066305983218e+00,2.654684898913627578e+00
6.902865103055714435e+00,6.440143611844131044e+01,-2.329058719264224919e+00,1.991908539832881964e+00,7.301029995663981254e+00,6.246491389100827973e+01,-6.591748801175052463e+00,1.912674196950074679e+00
6.525794014945363486e+00,4.106060054796823522e+01,-2.391473966422805741e+00,1.745518783373751770e+00,7.740362689494244108e+00,3.945443714940489599e+01,-6.230769103086784888e+00,4.392676712969350028e+00
6.699456561990912107e+00,5.041960345471435545e+01,-2.504455662453551668e+00,1.922397367780185329e+00,7.740362689494244108e+00,4.850999911593308411e+01,-6.388105054848132625e+00,3.176968791241176149e+00
5.858008823969209189e+00,4.063665224568019596e+01,-2.725842150736319969e+00,2.365465563791742554e+00,7.740362689494244108e+00,3.904729981480977585e+01,-5.564426262698624726e+00,4.458572846929786060e+00
6.611685724541308318e+00,4.849875167428561440e+01,-2.726998727936262412e+00,2.037041689969278924e+00,7.301029995663981254e+00,4.663830908155796351e+01,-6.295922447317033210e+00,3.394441499271538820e+00
6.514036354551612895e+00,6.404837103365230178e+01,-3.508638306165727361e+00,1.982639692706264611e+00,7.602059991327962507e+00,6.210361480273098778e+01,-6.207898592626666989e+00,1.939713971060951225e+00
6.714470452410466805e+00,5.746615392627273877e+01,-2.425968732272281159e+00,1.997088634344099001e+00,7.740362689494244108e+00,5.545955845776711612e+01,-6.488065003153240973e+00,2.482482372569694729e+00
6.648422729177292823e+00,4.478515718117745337e+01,-2.358525889495900252e+00,1.850798654053024572e+00,7.740362689494244108e+00,4.304078639938887818e+01,-6.339473716744651099e+00,3.858489591345704017e+00
5.644720543388798362e+00,5.542002301579032064e+01,-2.425968732272281159e+00,2.379926279306864068e+00,7.740362689494244108e+00,5.342631462937447395e+01,-5.440203777069625879e+00,2.669690859187380916e+00
7.050615586891937348e+00,5.339979895541725341e+01,-2.204119982655924570e+00,2.021054751178076980e+00,7.301029995663981254e+00,5.143169433641648425e+01,-6.866559344531987463e+00,2.865381724203774461e+00
7.050041781880205249e+00,4.818853622603056408e+01,-2.463441557428470041e+00,1.631123858305487007e+00,7.740362689494244108e+00,4.633678567067573795e+01,-6.734387474029092324e+00,3.430943954622844405e+00
5.898406239791740724e+00,5.154464083670460184e+01,-2.504455662453551668e+00,2.686431714224565059e+00,7.602059991327962507e+00,4.961025316502210103e+01,-5.602002706483495409e+00,3.055883112606985641e+00
6.530052149792264338e+00,4.202578800072801357e+01,-2.504455662453551668e+00,2.182153566476211726e+00,7.740362689494244108e+00,4.038209694918364789e+01,-6.230803335711586399e+00,4.246839643178922152e+00
6.953111110756313273e+00,6.153070707105545978e+01,-3.026872146400301222e+00,1.864985104693781093e+00,7.740362689494244108e+00,5.954231354921091679e+01,-6.679075518925459143e+00,2.138152003971932391e+00
7.301777303298218946e+00,4.347114603786177156e+01,-2.124938736608299905e+00,1.792550221221261175e+00,7.301029995663981254e+00,4.177339961057322171e+01,-6.997187725491832211e+00,4.038198761474779630e+00
6.082657712941504258e+00,5.292158794223109908e+01,-3.200659450546418316e+00,1.798470952658833832e+00,7.740362689494244108e+00,5.096128151241040882e+01,-5.903349243067997243e+00,2.913359525146232087e+00
7.001008932643839167e+00,5.420195951070810736e+01,-2.725842150736319969e+00,1.602410569933067519e+00,7.740362689494244108e+00,5.222223612268209081e+01,-6.808772918786729633e+00,2.786251814067186139e+00
5.891548351112707138e+00,4.220306344773253926e+01,-2.806875401645538393e+00,2.214271121765860162e+00,7.602059991327962507e+00,4.055259881622220064e+01,-5.591570520185494608e+00,4.220684453407819170e+00
6.192905638269466273e+00,4.312299713728761930e+01,-3.508638306165727361e+00,1.891646920587096270e+00,7.740362689494244108e+00,4.143801970552371472e+01,-5.889968515571545105e+00,4.087455154033528437e+00
5.402856430240879249e+00,6.475134038387768953e+01,-2.725842150736319969e+00,2.247518740503869239e+00,7.602059991327962507e+00,6.282350453555028480e+01,-5.087368661229405120e+00,1.885998285024687915e+00
6.852036845341813454e+00,4.972128798042039932e+01,-2.505149978319905824e+00,2.117398819661622245e+00,7.301029995663981254e+00,4.782859571270699917e+01,-6.538266031541045464e+00,3.254428302816492202e+00
6.832803409837334918e+00,5.285458369726444516e+01,-2.425968732272281159e+00,1.602030377001249395e+00,7.740362689494244108e+00,5.089542066714292901e+01,-6.654174352475647147e+00,2.920131092457477706e+00
5.989871764298513312e+00,4.036925012298625148e+01,-2.903089986991943761e+00,2.449446080874590592e+00,7.602059991327962507e+00,3.879059762910327436e+01,-5.697565995761481261e+00,4.500635492886242872e+00
6.912382943560324122e+00,4.138734213679637008e+01,-3.026872146400301222e+00,1.631500463412592028e+00,7.740362689494244108e+00,3.976835547745494637e+01,-6.615798787842322781e+00,4.342545496440800790e+00
5.666048533883262017e+00,5.309530753756239818e+01,-2.551293680094920191e+00,2.572347514610067609e+00,7.602059991327962507e+00,5.113209444006429294e+01,-5.484661253409076842e+00,2.895859732983233847e+00
6.819744186672730635e+00,4.922699110482784590e+01,-3.026872146400301222e+00,1.931348157058580872e+00,7.740362689494244108e+00,4.734694371146741787e+01,-6.504543131898347319e+00,3.310236971848304677e+00
5.932224463783091650e+00,6.422518055877331733e+01,-2.602059991327962507e+00,2.014869958279564166e+00,7.602059991327962507e+00,6.228448138245093446e+01,-5.623592944674666860e+00,1.926157153985992299e+00
6.867668067580851243e+00,5.857408770682846466e+01,-2.028028723600243666e+00,1.488503542663126122e+00,7.301029995663981254e+00,5.656643633372425484e+01,-6.628340763401305402e+00,2.385273558117698922e+00
7.104657896372452264e+00,4.841995304264614219e+01,-2.391473966422805741e+00,1.462123647471786692e+00,7.740362689494244108e+00,4.656169940612497271e+01,-6.789214271507998610e+00,3.403680465714614911e+00
6.340288439997775249e+00,6.118178618875194275e+01,-3.200659450546418316e+00,2.305720288641861071e+00,7.602059991327962507e+00,5.918937407270496465e+01,-6.070210748082894625e+00,2.166415409078381593e+00
7.250777418363887783e+00,5.729872442528514398e+01,-1.903089986991943539e+00,1.678290620891497165e+00,7.301029995663981254e+00,5.529266005227026426e+01,-7.025726849617302427e+00,2.497432143566241436e+00
7.220748685131458622e+00,5.928396087619663746e+01,-1.903089986991943539e+00,1.724702704327472746e+00,7.301029995663981254e+00,5.727793817385855846e+01,-6.973318439469020191e+00,2.324327216253438966e+00
6.575731355643883447e+00,6.236227260867018174e+01,-2.301029995663981254e+00,2.246882729926454658e+00,7.740362689494244108e+00,6.038541680215064389e+01,-6.291275639167398737e+00,2.071457284255521003e+00
7.083980625060478431e+00,6.424182031454901676e+01,-2.028028723600243666e+00,1.794741496277802328e+00,7.301029995663981254e+00,6.230150980389336723e+01,-6.775332779164306984e+00,1.924882938182364889e+00
5.880174331008933386e+00,6.175859491302796300e+01,-2.806875401645538393e+00,2.220362790953325227e+00,7.602059991327962507e+00,5.977308697350412103e+01,-5.602890154774987863e+00,2.119782973438698370e+00
6.566355688387568890e+00,4.457044862657396322e+01,-2.551293680094920191e+00,2.129119703062548830e+00,7.602059991327962507e+00,4.283351906043418467e+01,-6.258102113728755356e+00,3.887321393824971327e+00
6.394354888405143988e+00,4.921330157060582167e+01,-2.358525889495900252e+00,2.177186074748961975e+00,7.602059991327962507e+00,4.733361211718232653e+01,-6.079112646121989094e+00,3.311794366661709343e+00
7.092983623377242530e+00,4.848891773971840990e+01,-2.204119982655924570e+00,2.059577686594703749e+00,7.301029995663981254e+00,4.662874761596100370e+01,-6.777772314240109175e+00,3.395593280359584298e+00
7.557984524627030964e+00,4.810854683626763517e+01,-1.903089986991943539e+00,1.511430512855555630e+00,7.301029995663981254e+00,4.625906969827076409e+01,-7.242635359832068964e+00,3.440413099717604783e+00
5.899541731230156572e+00,4.121680616596898972e+01,-2.725842150736319969e+00,2.315428954188078592e+00,7.740362689494244108e+00,3.960449756766237783e+01,-5.603687281798280573e+00,4.368639651812249447e+00
6.489576255400828941e+00,4.571651230116604836e+01,-2.463441557428470041e+00,1.875422370577502162e+00,7.602059991327962507e+00,4.394071853311922382e+01,-6.178007367335323075e+00,3.736198738364191030e+00
6.505993144874594236e+00,5.438476187084224023e+01,-2.358525889495900252e+00,2.189997132348807440e+00,7.740362689494244108e+00,5.240265366992954910e+01,-6.311691657641812725e+00,2.768449155386993432e+00
6.715552651828335051e+00,5.332008491118954652e+01,-2.726998727936262412e+00,2.112770257460891532e+00,7.301029995663981254e+00,5.135323567692447000e+01,-6.532159576111998156e+00,2.873336841309183765e+00
5.956734214180687381e+00,6.491259663568311566e+01,-2.463441557428470041e+00,2.045159190399223448e+00,7.740362689494244108e+00,6.298894132200575768e+01,-5.638799635717333558e+00,1.873744041835625707e+00
6.473922697809342708e+00,4.483836385168142158e+01,-2.659555885159881505e+00,1.672696050775308807e+00,7.740362689494244108e+00,4.309216020830083949e+01,-6.165256146939413817e+00,3.851376455785450847e+00
5.805291772441196763e+00,4.413099976185496587e+01,-3.508638306165727361e+00,2.260636221000434709e+00,7.602059991327962507e+00,4.240952031846217096e+01,-5.498314524270544013e+00,3.946975668587513475e+00
7.202333946856462887e+00,5.070155906823083569e+01,-2.028028723600243666e+00,1.711831264619756876e+00,7.301029995663981254e+00,4.878545228185723204e+01,-6.893417470604197739e+00,3.146141852264658034e+00
6.193257123091856720e+00,5.648495093655860444e+01,-2.806875401645538393e+00,1.985821354441966502e+00,7.602059991327962507e+00,5.448281729345669078e+01,-5.977087310508013118e+00,2.570905154146167604e+00
7.068941811261363561e+00,5.978314164266070918e+01,-2.328827157284916627e+00,1.540430043442724717e+00,7.740362689494244108e+00,5.777937444105214126e+01,-6.816127146796164382e+00,2.282132474810224743e+00
6.765834267330810725e+00,4.800704808774464993e+01,-2.329058719264224919e+00,1.624106434384590125e+00,7.301029995663981254e+00,4.616047445877870814e+01,-6.450710853786800314e+00,3.452462376616247663e+00
6.220090609441546903e+00,5.546077844987434702e+01,-2.328827157284916627e+00,2.046134371938054919e+00,7.602059991327962507e+00,5.346668104978516567e+01,-6.014871604401519356e+00,2.665858693745077446e+00
7.510498338493997394e+00,4.740662223049653079e+01,-2.028028723600243666e+00,1.529671550054228835e+00,7.301029995663981254e+00,4.557764592535818338e+01,-7.195488103885408826e+00,3.524524424141389112e+00
6.378333261901101281e+00,4.969262401991872480e+01,-2.425968732272281159e+00,2.246148795155112232e+00,7.602059991327962507e+00,4.780065000576564671e+01,-6.064482503978198658e+00,3.257642178141351597e+00
5.714684156293646566e+00,4.057903099432876104e+01,-3.508638306165727361e+00,1.982023923038114033e+00,7.602059991327962507e+00,3.899197804722726346e+01,-5.421325694743880597e+00,4.467603941810466495e+00
6.725718239912638730e+00,4.947948762399932576e+01,-2.504455662453551668e+00,1.545000948950513209e+00,7.740362689494244108e+00,4.759291262075689133e+01,-6.411261544256697142e+00,3.281625850067442229e+00
6.427226656766013235e+00,5.717828020205860895e+01,-2.328827157284916627e+00,2.129311186937318912e+00,7.602059991327962507e+00,5.517265706020413063e+01,-6.203541720956191163e+00,2.508221298533079846e+00
7.316461852994875059e+00,6.431229058186673342e+01,-2.124938736608299905e+00,1.574730001928604128e+00,7.301029995663981254e+00,6.237363918215604031e+01,-7.006587900029122906e+00,1.919489649940971043e+00
6.391005263617017818e+00,6.458223962145328301e+01,-2.504455662453551668e+00,1.753293243877502627e+00,7.740362689494244108e+00,6.265014020883810986e+01,-6.077407897201140052e+00,1.898875292792503444e+00
6.358349325207288238e+00,4.545041540707501326e+01,-2.301029995663981254e+00,2.160935587582921258e+00,7.740362689494244108e+00,4.368345408501048155e+01,-6.047914575260501024e+00,3.770620883751253594e+00
6.378350854828182648e+00,4.616209122718775859e+01,-2.463441557428470041e+00,2.014036660215061669e+00,7.740362689494244108e+00,4.437177805162417599e+01,-6.065845021432081374e+00,3.679216919377723105e+00
5.721111343046837661e+00,6.237340272090072091e+01,-2.391473966422805741e+00,2.472909485587352130e+00,7.602059991327962507e+00,6.039672028880366383e+01,-5.436647554567533014e+00,2.070570740926980680e+00
5.483701053965710059e+00,6.095736225639852535e+01,-3.026872146400301222e+00,2.494510836560863698e+00,7.602059991327962507e+00,5.896261877193020950e+01,-5.216264841632324512e+00,2.184713629532033963e+00
6.356548751341269288e+00,4.942258779500065913e+01,-3.026872146400301222e+00,1.937355549170133973e+00,7.740362689494244108e+00,4.753747140274128924e+01,-6.041926840861195913e+00,3.288054481158171782e+00
7.100096692780128116e+00,6.269550772053571563e+01,-2.329058719264224919e+00,1.540476662634042038e+00,7.301029995663981254e+00,6.072406192590221963e+01,-6.811142468838876418e+00,2.045100407521224906e+00
6.082737305876673162e+00,5.282547775716857785e+01,-2.425968732272281159e+00,2.490465813407996887e+00,7.602059991327962507e+00,5.086681525423895778e+01,-5.904063278734319020e+00,2.923076395941037298e+00
6.137150761033193014e+00,5.147086799693610004e+01,-3.508638306165727361e+00,2.341695591904375817e+00,7.602059991327962507e+00,4.953800893061179522e+01,-5.838801000232560767e+00,3.063680294161652995e+00
7.130318654737621387e+00,5.701036078131108553e+01,-2.551293680094920191e+00,1.612430769070195558e+00,7.740362689494244108e+00,5.500543489983337508e+01,-6.908688034322929994e+00,2.523312127951673922e+00
7.064708534069144008e+00,4.697258786536316677e+01,-2.329058719264224919e+00,1.683389603831380033e+00,7.301029995663981254e+00,4.515676886077798713e+01,-6.750331603875383557e+00,3.577639380624945353e+00
6.715033072138668402e+00,6.433173225162623510e+01,-2.204119982655924570e+00,1.653078023153353504e+00,7.301029995663981254e+00,6.239354230581665206e+01,-6.405139827657249540e+00,1.918002599278987530e+00
7.114571352154771766e+00,6.089616715037484340e+01,-2.505149978319905824e+00,1.866928584469949026e+00,7.301029995663981254e+00,5.890082214753726930e+01,-6.848433441269695443e+00,2.189738861811321602e+00
6.046324915020696800e+00,5.911550326432542590e+01,-2.551293680094920191e+00,2.428688280156347634e+00,7.602059991327962507e+00,5.710892766636618489e+01,-5.800914811574602759e+00,2.338710533691422011e+00
6.250123867622402685e+00,5.499643080936768058e+01,-2.725842150736319969e+00,2.130597095149165288e+00,7.602059991327962507e+00,5.300707209382133556e+01,-6.049688872251892668e+00,2.709748723479688426e+00
6.891848571417948932e+00,6.228127689280705681e+01,-2.504455662453551668e+00,1.629248051921645457e+00,7.740362689494244108e+00,6.030317459140235314e+01,-6.608061430447299323e+00,2.077913585669412200e+00
7.179483895680325745e+00,5.582858911335500096e+01,-2.329058719264224919e+00,1.756058222227669274e+00,7.301029995663981254e+00,5.383121817320329683e+01,-6.970145497887035191e+00,2.631445509004624039e+00
6.448125514708315187e+00,6.041778474080763317e+01,-2.504455662453551668e+00,2.221138398927455793e+00,7.602059991327962507e+00,5.841823831113481447e+01,-6.187311386245802680e+00,2.229215849047502473e+00
6.960649690264538947e+00,4.083838222372916960e+01,-2.329058719264224919e+00,1.549257670455106428e+00,7.301029995663981254e+00,3.924100669082861259e+01,-6.665936722509166579e+00,4.427096588099024288e+00
6.999026466845242211e+00,4.083888248540708332e+01,-3.028028723600243666e+00,1.501195492045651836e+00,7.301029995663981254e+00,3.924148710968998444e+01,-6.704317383696004384e+00,4.427018803963511218e+00
6.890300120047298194e+00,5.108984375943370537e+01,-2.425968732272281159e+00,1.886829563286539724e+00,7.301029995663981254e+00,4.916509828472072741e+01,-6.585206444211054944e+00,3.104212000147137385e+00
6.095045344463074777e+00,4.255432565042255533e+01,-3.200659450546418316e+00,2.312917200385845806e+00,7.602059991327962507e+00,4.089055449184760960e+01,-5.794201299945317629e+00,4.169321457025876754e+00
6.440550882077027417e+00,4.433410515620199988e+01,-3.026872146400301222e+00,1.607712840336064986e+00,7.740362689494244108e+00,4.260544868922261230e+01,-6.133474680892546438e+00,3.919296480976252717e+00
7.127295344712822889e+00,4.298522826405358188e+01,-2.726998727936262412e+00,1.764882405762976392e+00,7.301029995663981254e+00,4.130534921828461847e+01,-6.824761060970590876e+00,4.107143627932617669e+00
6.085025551747660799e+00,6.271238191497904779e+01,-3.200659450546418316e+00,1.916386582929064275e+00,7.602059991327962507e+00,6.074122217075296248e+01,-5.796058255932893921e+00,2.043771544052076727e+00
6.560725929674116053e+00,5.484261891129979460e+01,-2.903089986991943761e+00,1.981822852414471869e+00,7.740362689494244108e+00,5.285497661834239125e+01,-6.362381702365667913e+00,2.724398575170157155e+00
6.235601983460195896e+00,4.460505827770045784e+01,-3.508638306165727361e+00,2.178671490289359358e+00,7.602059991327962507e+00,4.286692439794725829e+01,-5.927536658477410292e+00,3.882660016513729495e+00
7.111243140315563593e+00,4.755959320805321511e+01,-2.725842150736319969e+00,1.719558248908426457e+00,7.740362689494244108e+00,4.572606609732818583e+01,-6.796231391346453599e+00,3.506036893864146631e+00
5.803036258049545815e+00,5.939845872334001342e+01,-2.463441557428470041e+00,2.068152379270816965e+00,7.602059991327962507e+00,5.739287152874419462e+01,-5.554260690883959128e+00,2.314578855394664458e+00
6.401710749578720439e+00,6.269595236267321070e+01,-2.504455662453551668e+00,2.151951840140377659e+00,7.602059991327962507e+00,6.072451409058083982e+01,-6.112756181717044157e+00,2.045065387004490809e+00
7.112691934568738716e+00,4.061743042163062256e+01,-2.505149978319905824e+00,1.888128004618119915e+00,7.301029995663981254e+00,3.902884469157100966e+01,-6.818957470330877513e+00,4.461583524634534115e+00
6.746067511680663209e+00,4.904879148686489287e+01,-2.204119982655924570e+00,2.074178553265925373e+00,7.301029995663981254e+00,4.717343561936129959e+01,-6.430906117910354602e+00,3.330570598646627634e+00
6.548496563456233766e+00,4.210308660754915167e+01,-2.124938736608299905e+00,2.213360566164659815e+00,7.301029995663981254e+00,4.045643731388190645e+01,-6.249132699492583320e+00,4.235415691241422920e+00
7.533294134187087820e+00,4.386319993183627730e+01,-2.124938736608299905e+00,1.526492247159246141e+00,7.301029995663981254e+00,4.215127683647389745e+01,-7.227269832766594959e+00,3.983757641563725471e+00
6.335346614061105441e+00,5.919473825713119197e+01,-2.659555885159881505e+00,2.056419176399945314e+00,7.602059991327962507e+00,5.718840971899470560e+01,-6.089258784232542077e+00,2.331939175552597554e+00
5.951082504990075073e+00,5.504996096928424265e+01,-2.602059991327962507e+00,2.403726366779383117e+00,7.602059991327962507e+00,5.306002191699144532e+01,-5.749953458621097191e+00,2.704663362683740857e+00
6.075239463573902654e+00,6.488199383969936207e+01,-2.659555885159881505e+00,2.278789527770941792e+00,7.740362689494244108e+00,6.295753652494602193e+01,-5.757905467412628653e+00,1.876067734504671680e+00
6.984813330313006219e+00,5.226739335818365362e+01,-2.204119982655924570e+00,1.542864090403328614e+00,7.301029995663981254e+00,5.031877325483236518e+01,-6.811524271158948984e+00,2.980342534442199653e+00
7.394815328967488277e+00,5.945018484037704098e+01,-1.903089986991943539e+00,1.534490141262976337e+00,7.301029995663981254e+00,5.744481030510792152e+01,-7.145368881769510239e+00,2.310182190545929881e+00
6.760681135619004856e+00,4.850817606343056809e+01,-2.425968732272281159e+00,1.839475273691760782e+00,7.740362689494244108e+00,4.664747253915282954e+01,-6.444949383374912522e+00,3.393338013122846331e+00
5.490494015021272212e+00,4.835788872456983967e+01,-2.328827157284916627e+00,2.702429203124393275e+00,7.602059991327962507e+00,4.650136829188940624e+01,-5.174839357587043054e+00,3.410973207814549379e+00
6.513231255830222111e+00,4.826469693494678381e+01,-2.391473966422805741e+00,2.095180503359801882e+00,7.740362689494244108e+00,4.641079396728281381e+01,-6.197841916774469162e+00,3.421949822197975166e+00
6.475238073267188810e+00,4.274155256896886357e+01,-2.358525889495900252e+00,1.996908541934163228e+00,7.740362689494244108e+00,4.107075283770413421e+01,-6.173694783578652867e+00,4.142193462020586026e+00
7.265969736782513344e+00,6.221410583014881013e+01,-2.505149978319905824e+00,1.461655252560084550e+00,7.301029995663981254e+00,6.023499000793316327e+01,-6.983453464211502038e+00,2.083274299916778816e+00
6.566719576423367677e+00,5.978763433155393159e+01,-2.328827157284916627e+00,1.661010629643353553e+00,7.740362689494244108e+00,5.778389165384712101e+01,-6.313250046207872224e+00,2.281755628397946101e+00
6.571464881557444571e+00,5.638899291729273955e+01,-2.659555885159881505e+00,2.002581245409838395e+00,7.602059991327962507e+00,5.438746802391108304e+01,-6.356677633215886303e+00,2.579659663804426017e+00
7.045739667095297420e+00,4.738083186405354041e+01,-2.505149978319905824e+00,1.723699899333568597e+00,7.301029995663981254e+00,4.555262728718096810e+01,-6.731220237493527492e+00,3.527650069401662147e+00
6.725768227644977060e+00,5.474627594703865441e+01,-2.659555885159881505e+00,2.031795951302017844e+00,7.740362689494244108e+00,5.275974553908596931e+01,-6.528080483162929326e+00,2.733603471033398957e+00
6.357373946422545608e+00,6.084692998117917995e+01,-2.301029995663981254e+00,1.944165876570483897e+00,7.740362689494244108e+00,5.885111159956971960e+01,-6.091259939232512188e+00,2.193786151354178315e+00
6.880272462244319875e+00,6.035921254276148318e+01,-2.505149978319905824e+00,1.519480806229078995e+00,7.301029995663981254e+00,5.835921232756118116e+01,-6.620124725573265145e+00,2.234073228544764866e+00
6.333638189392236661e+00,6.369966128274565875e+01,-2.463441557428470041e+00,2.371008608914721538e+00,7.740362689494244108e+00,6.174729208418438020e+01,-6.031920920595808866e+00,1.966601668914188528e+00
7.125574222380415712e+00,4.992042016215523859e+01,-1.903089986991943539e+00,1.588450741384105802e+00,7.301029995663981254e+00,4.802278990491168997e+01,-6.812348771001177639e+00,3.232176521791926938e+00
6.576453524315351906e+00,5.881021821567426855e+01,-2.329058719264224919e+00,1.794192350179443673e+00,7.301029995663981254e+00,5.680290528424978902e+01,-6.334420356983310185e+00,2.364902107440794321e+00
7.001543231274510504e+00,4.595614546918697840e+01,-2.806875401645538393e+00,1.668710177683822460e+00,7.740362689494244108e+00,4.417250045826389737e+01,-6.689293839184201396e+00,3.705452064670804901e+00
6.564441532584482708e+00,5.427387984418882638e+01,-3.200659450546418316e+00,1.607447763674378471e+00,7.740362689494244108e+00,5.229320637182397036e+01,-6.371528652152636418e+00,2.779237655378018701e+00
6.707551433504471916e+00,5.038222506735316131e+01,-3.508638306165727361e+00,1.631695325929004792e+00,7.740362689494244108e+00,4.847349702533398386e+01,-6.396106920519049943e+00,3.181074628296320483e+00
5.754555277473153652e+00,5.829302738152368590e+01,-3.200659450546418316e+00,2.210838379436153023e+00,7.740362689494244108e+00,5.628523405714250316e+01,-5.518617431535176365e+00,2.409652069647868267e+00
5.399021021611880577e+00,5.567410929992968249e+01,-2.725842150736319969e+00,2.514479763342983176e+00,7.602059991327962507e+00,5.367806100608032693e+01,-5.191761027315571653e+00,2.645861582030978987e+00
5.613285845452256950e+00,5.957974475540740400e+01,-3.508638306165727361e+00,2.251582717739801343e+00,7.602059991327962507e+00,5.757494649654807972e+01,-5.362492607366394104e+00,2.299227635284083249e+00
6.477475527117700693e+00,5.230196079957789124e+01,-2.204119982655924570e+00,2.150960971218198292e+00,7.301029995663981254e+00,5.035269434472746752e+01,-6.304246769258844196e+00,2.976767642646933609e+00
7.361084469670647223e+00,5.693864145354149287e+01,-3.028028723600243666e+00,1.726771642166145204e+00,7.301029995663981254e+00,5.493404237057865203e+01,-7.140134214185220429e+00,2.529775012949404100e+00
5.764163084694233774e+00,4.157065472617215818e+01,-2.725842150736319969e+00,2.315599048299917140e+00,7.602059991327962507e+00,3.994452633216093318e+01,-5.466932985837811287e+00,4.314713697426687311e+00
6.120045267125957977e+00,4.017719780506048721e+01,-3.026872146400301222e+00,2.059321755721084113e+00,7.602059991327962507e+00,3.860627469804100542e+01,-5.828237324062345515e+00,4.531085811549012909e+00
6.995988900093410123e+00,5.229466701516401628e+01,-2.328827157284916627e+00,1.532974362216920516e+00,7.740362689494244108e+00,5.034553667670576260e+01,-6.822747455067279532e+00,2.977521665294528663e+00
6.711439231379753956e+00,4.520658730376903378e+01,-2.358525889495900252e+00,1.971202701289547443e+00,7.740362689494244108e+00,4.344782258958548482e+01,-6.401613509694835891e+00,3.802490807927155103e+00
6.340239911625061175e+00,5.519266213215430383e+01,-2.659555885159881505e+00,2.033320124365262327e+00,7.740362689494244108e+00,5.320121919558363288e+01,-6.137752532311826492e+00,2.691139667419173431e+00
7.574474156651405998e+00,4.741787022683683972e+01,-2.329058719264224919e+00,1.545442230885047286e+00,7.301029995663981254e+00,4.558855774982023945e+01,-7.259507635330558983e+00,3.523162020054065202e+00
5.823737389139838072e+00,4.491701052486626367e+01,-2.806875401645538393e+00,2.196175084080046247e+00,7.602059991327962507e+00,4.316810584667726403e+01,-5.514869768541387884e+00,3.840885194188801144e+00
6.682981195816420694e+00,6.174559703701671509e+01,-2.659555885159881505e+00,2.051476559375926545e+00,7.740362689494244108e+00,5.975991893846043013e+01,-6.406325193933644080e+00,2.120828783332687983e+00
5.675811778824236598e+00,5.376673288408239415e+01,-3.200659450546418316e+00,2.736422121270654095e+00,7.602059991327962507e+00,5.179308272249045331e+01,-5.488389663441179067e+00,2.828978710961952636e+00
7.433455898942131768e+00,5.374126847701194976e+01,-2.505149978319905824e+00,1.589468471460023347e+00,7.301029995663981254e+00,5.176799070127322011e+01,-7.246002314385691534e+00,2.831493660925660016e+00
6.382117971261362932e+00,4.393128663092117137e+01,-3.200659450546418316e+00,2.047527942736177220e+00,7.602059991327962507e+00,4.221692395086063243e+01,-6.075864727147425981e+00,3.974375010676691300e+00
6.305277666680721538e+00,5.239473598480498140e+01,-2.659555885159881505e+00,2.235583763464699558e+00,7.602059991327962507e+00,5.044375054964390870e+01,-6.130623570650401533e+00,2.967189932696029153e+00
5.953825955268757575e+00,4.660736912929746723e+01,-2.806875401645538393e+00,2.336567049163086551e+00,7.602059991327962507e+00,4.480289543044108314e+01,-5.640294262152743876e+00,3.623084470067812202e+00
6.820141314847134595e+00,4.829573532267838232e+01,-3.028028723600243666e+00,1.915586462804075074e+00,7.301029995663981254e+00,4.644095859023761363e+01,-6.504859149598400059e+00,3.418290445842710135e+00
6.690965819855473562e+00,6.098374974144048366e+01,-2.505149978319905824e+00,1.901892235794528707e+00,7.301029995663981254e+00,5.898927014465931506e+01,-6.423516350520321438e+00,2.182548439764871340e+00
7.625054342361482718e+00,5.883975360570464375e+01,-2.726998727936262412e+00,1.578504316819396625e+00,7.301029995663981254e+00,5.683249718832459507e+01,-7.383018262613115112e+00,2.362361005281047532e+00
7.391794208807130673e+00,5.083972358083373422e+01,-2.726998727936262412e+00,1.559660655454978118e+00,7.301029995663981254e+00,4.892050054969479334e+01,-7.083785895200865212e+00,3.131128441351633818e+00
5.535132174396940385e+00,6.479362232369837216e+01,-3.508638306165727361e+00,2.498504919241284039e+00,7.602059991327962507e+00,6.286687177442576058e+01,-5.219029807907540786e+00,1.882782800033205639e+00
5.941584376528310507e+00,4.551243925726843287e+01,-2.463441557428470041e+00,2.271456440087086026e+00,7.602059991327962507e+00,4.374340859547695004e+01,-5.630846461789083435e+00,3.762571031547110589e+00
5.920009059585217059e+00,6.149577096375188745e+01,-2.358525889495900252e+00,2.198382809459835663e+00,7.602059991327962507e+00,5.950695335640568828e+01,-5.645994163838615520e+00,2.140974310098179512e+00
6.360008213516138653e+00,5.726057809019575018e+01,-2.602059991327962507e+00,1.673709655552304332e+00,7.740362689494244108e+00,5.525464811871611914e+01,-6.135645924109180527e+00,2.500846061006098076e+00
6.832425359471311133e+00,4.304187857627576363e+01,-2.903089986991943761e+00,1.664364122645082711e+00,7.740362689494244108e+00,4.135990000540593314e+01,-6.529612777230758169e+00,4.099036613657832895e+00
6.210781723251051822e+00,4.150915179733681981e+01,-2.551293680094920191e+00,1.726747819715822141e+00,7.740362689494244108e+00,3.988541523806364353e+01,-5.913765390629081686e+00,4.324001274362603731e+00
6.590540622047078578e+00,5.657828967942407417e+01,-2.806875401645538393e+00,1.754575765133491450e+00,7.740362689494244108e+00,5.457559299141249198e+01,-6.373699663698088713e+00,2.562408261520982222e+00
6.093346163450043207e+00,4.547915104039464040e+01,-3.508638306165727361e+00,2.187386589857785335e+00,7.602059991327962507e+00,4.371123019739141569e+01,-5.782444547208651642e+00,3.766889382141193732e+00
6.564990883738925476e+00,5.651561327176126781e+01,-3.026872146400301222e+00,1.960476217351074579e+00,7.740362689494244108e+00,5.451329149518772965e+01,-6.348834532684183962e+00,2.568111850615830694e+00
6.180956652674055363e+00,4.020966287761783775e+01,-2.358525889495900252e+00,2.265506299170475302e+00,7.602059991327962507e+00,3.863743060234168070e+01,-5.888726743754515880e+00,4.525924238165666580e+00
7.174901273132540780e+00,5.768440940791532512e+01,-1.903089986991943539e+00,1.926936511354035986e+00,7.301029995663981254e+00,5.567726630672635224e+01,-6.945763666602670305e+00,2.463077656219232914e+00
7.022509946776724021e+00,5.800724924120241610e+01,-2.028028723600243666e+00,1.961501619103499072e+00,7.301029995663981254e+00,5.599959929203987485e+01,-6.789970569141929424e+00,2.434588370428977910e+00
5.862146577927197733e+00,5.423615050817743111e+01,-2.425968732272281159e+00,2.428230237244519696e+00,7.602059991327962507e+00,5.225597354155661378e+01,-5.669947738720948927e+00,2.782915650645700012e+00
7.196019859145938113e+00,4.697032122002601540e+01,-2.726998727936262412e+00,1.665508309879826010e+00,7.301029995663981254e+00,4.515457186352821850e+01,-6.882228119268265942e+00,3.577919789777785020e+00
7.154354188424391303e+00,4.135241218625107251e+01,-2.028028723600243666e+00,2.042388408784696185e+00,7.301029995663981254e+00,3.973479070256726686e+01,-6.858177381327512201e+00,4.347877670120360527e+00
5.983120579199778355e+00,6.422714492297822630e+01,-2.659555885159881505e+00,1.981793870006979263e+00,7.740362689494244108e+00,6.228649156815811239e+01,-5.674487134486680517e+00,1.926006715138750991e+00
7.114013741313359951e+00,4.150103143905933223e+01,-2.028028723600243666e+00,1.970406532633699914e+00,7.301029995663981254e+00,3.987761100280397386e+01,-6.816937841628087469e+00,4.325235077647985094e+00
6.649890773133411592e+00,6.240591175646504496e+01,-2.425968732272281159e+00,1.840177657265172018e+00,7.740362689494244108e+00,6.042973860897450322e+01,-6.364793765765045741e+00,2.067982213516765366e+00
6.983150669236274588e+00,4.168829337041272964e+01,-2.028028723600243666e+00,1.695399323926900736e+00,7.301029995663981254e+00,4.005760220089675272e+01,-6.685450083272267641e+00,4.297069891253586960e+00
7.254528186250882804e+00,6.233092846535307530e+01,-2.505149978319905824e+00,1.664658100934038876e+00,7.301029995663981254e+00,6.035358711890066274e+01,-6.970095102266032683e+00,2.073954780182230895e+00
6.371080491646806010e+00,6.286467784925591218e+01,-2.358525889495900252e+00,2.227239670648620606e+00,7.740362689494244108e+00,6.089615282423443432e+01,-6.080185054268302913e+00,2.031793505623957330e+00
6.488133860395933539e+00,5.786032447376301491e+01,-2.328827157284916627e+00,1.883044985100406521e+00,7.602059991327962507e+00,5.585286008912277111e+01,-6.256952828943766143e+00,2.447505123544146510e+00
6.553033755329760623e+00,4.117623602912441072e+01,-2.659555885159881505e+00,2.079692513980640811e+00,7.740362689494244108e+00,3.956552089689660079e+01,-6.257543350948185257e+00,4.374870127210646942e+00
5.930472519982671997e+00,4.685109778366445710e+01,-2.301029995663981254e+00,2.476284880210133377e+00,7.602059991327962507e+00,4.503902538532264543e+01,-5.616781740611222595e+00,3.592697743193657089e+00
6.850106132308133589e+00,4.878241673593448269e+01,-1.903089986991943539e+00,1.722952491750808335e+00,7.301029995663981254e+00,4.691420240825991073e+01,-6.534689041662093523e+00,3.361367461419322300e+00
5.645150701545994743e+00,4.540301232033682055e+01,-3.026872146400301222e+00,2.157083518137676403e+00,7.602059991327962507e+00,4.363763684606112747e+01,-5.334480989698941578e+00,3.776784054628572918e+00
6.589077760380889437e+00,5.619816491225373056e+01,-2.028028723600243666e+00,1.921951017899663494e+00,7.301029995663981254e+00,5.419794020428906833e+01,-6.376344719527009985e+00,2.597173168487538319e+00
6.849064104533643338e+00,4.089127948320902561e+01,-2.806875401645538393e+00,1.634486502616262271e+00,7.740362689494244108e+00,3.929180726259255607e+01,-6.554086098846307884e+00,4.418879204678242800e+00
6.993227164603884383e+00,5.176556551524749494e+01,-1.903089986991943539e+00,1.542243629830806873e+00,7.301029995663981254e+00,4.982668342703001940e+01,-6.824606175480360193e+00,3.032629975737004102e+00
6.410567157814600847e+00,4.407238756058887930e+01,-2.504455662453551668e+00,2.190265013698988295e+00,7.602059991327962507e+00,4.235299067893623715e+01,-6.103878721100992166e+00,3.954998067627129466e+00
7.147421583013143120e+00,5.242900214804713244e+01,-2.204119982655924570e+00,1.869084008219367821e+00,7.301029995663981254e+00,5.047738763727795686e+01,-6.972825670897959682e+00,2.963658652419477235e+00
7.325955306510453902e+00,4.236657490244372326e+01,-2.028028723600243666e+00,1.585672662906566277e+00,7.301029995663981254e+00,4.070989689167652159e+01,-7.025793728170921959e+00,4.196698988411554865e+00
7.078961233563428657e+00,5.262858516208302007e+01,-2.124938736608299905e+00,1.971573561760422200e+00,7.301029995663981254e+00,5.067336942341040640e+01,-6.902329048277907830e+00,2.943156933393143326e+00
6.361304223842101813e+00,5.079110936306955892e+01,-3.200659450546418316e+00,1.855026037240830483e+00,7.602059991327962507e+00,4.887297750804827956e+01,-6.052597647103731049e+00,3.136404129847050637e+00
6.356606730372566183e+00,4.326406502704247004e+01,-2.659555885159881505e+00,2.005374548836734494e+00,7.602059991327962507e+00,4.157389365858779229e+01,-6.052643087745557260e+00,4.067390412758436824e+00
5.941566000810804660e+00,5.642098515096073896e+01,-2.725842150736319969e+00,1.949310041502053670e+00,7.602059991327962507e+00,5.441925394033484054e+01,-5.726079869860342342e+00,2.576738758177418820e+00
5.723445164292920495e+00,4.948198377473869414e+01,-2.602059991327962507e+00,1.952247644472893340e+00,7.602059991327962507e+00,4.759534494922377235e+01,-5.408995683024486745e+00,3.281344081277488556e+00
6.423028219719152609e+00,5.122216988234740143e+01,-2.551293680094920191e+00,1.948914236942745681e+00,7.740362689494244108e+00,4.929456538586984493e+01,-6.119402824449813316e+00,3.090085963799013680e+00
7.223402732018866956e+00,5.134771895970987288e+01,-2.505149978319905824e+00,1.921872637977747544e+00,7.301029995663981254e+00,4.941744234473091524e+01,-6.921820520704850210e+00,3.076732440882454789e+00
7.059179174108190402e+00,4.982224635629590637e+01,-2.358525889495900252e+00,1.578320037484622018e+00,7.740362689494244108e+00,4.792703921635074948e+01,-6.745687037367181560e+00,3.243130387720230434e+00
6.742031498461155792e+00,5.637006606802134456e+01,-2.425968732272281159e+00,1.923234691676246388e+00,7.301029995663981254e+00,5.436866481369412440e+01,-6.527235351339044200e+00,2.581388717118497489e+00
6.394842529516887808e+00,4.458921130964439783e+01,-2.504455662453551668e+00,1.883267433763345045e+00,7.602059991327962507e+00,4.285162862814175355e+01,-6.086691096273730395e+00,3.884793691201092969e+00
5.873818463429614667e+00,5.821530354106469929e+01,-2.328827157284916627e+00,2.065178939915073286e+00,7.602059991327962507e+00,5.620752062548416461e+01,-5.638559007280547597e+00,2.416419107705529701e+00
6.839644077510336651e+00,5.459469152464285457e+01,-2.726998727936262412e+00,2.019474097932724810e+00,7.301029995663981254e+00,5.260996750051828030e+01,-6.643304963024950993e+00,2.748131388142445175e+00
7.527954860909901846e+00,5.394062527098358828e+01,-3.028028723600243666e+00,1.671460657424923113e+00,7.301029995663981254e+00,5.196448230473174590e+01,-7.338454254770599761e+00,2.811849266234365263e+00
6.770723846124173662e+00,4.090151102553888762e+01,-2.329058719264224919e+00,1.668625188362336642e+00,7.301029995663981254e+00,3.930163360211435020e+01,-6.475824906753714139e+00,4.417291508821007184e+00
6.846421140246446768e+00,4.241319182881654370e+01,-2.602059991327962507e+00,1.652484710300998527e+00,7.740362689494244108e+00,4.075474849827440949e+01,-6.545925707216786904e+00,4.189885094564938406e+00
6.246281845086900653e+00,6.134673676021074584e+01,-3.508638306165727361e+00,2.340522727298927297e+00,7.602059991327962507e+00,5.935616442063491149e+01,-5.974229013766721330e+00,2.153032917179110939e+00
7.017242449686679429e+00,4.075732893716529759e+01,-2.124938736608299905e+00,1.919745657226981317e+00,7.301029995663981254e+00,3.916317187364720098e+01,-6.723250889895408200e+00,4.439717096651325079e+00
7.202299109508412123e+00,5.151883159703837833e+01,-3.028028723600243666e+00,1.673167396718142186e+00,7.301029995663981254e+00,4.958497712905457888e+01,-6.905243766004113937e+00,3.058609088698537093e+00
6.159860273761231575e+00,5.707207940747168351e+01,-2.463441557428470041e+00,1.992155034213082043e+00,7.602059991327962507e+00,5.506688616965138294e+01,-5.937546216743848859e+00,2.517758850271849091e+00
6.384170491439470574e+00,6.335047132119966307e+01,-2.328827157284916627e+00,1.997182149939085383e+00,7.602059991327962507e+00,6.139099188008157171e+01,-6.086897039374502327e+00,1.993768194386050130e+00
6.532944297748296769e+00,4.419577713751802150e+01,-3.508638306165727361e+00,2.008425702330213003e+00,7.602059991327962507e+00,4.247200199932794362e+01,-6.226335598296943274e+00,3.938127553543857573e+00
5.967921830218917201e+00,5.095680900033851657e+01,-2.328827157284916627e+00,2.141943570138153063e+00,7.602059991327962507e+00,4.903498164909620982e+01,-5.660767146895206103e+00,3.118467521113073015e+00
6.105179111313650431e+00,4.222633218625379925e+01,-2.504455662453551668e+00,2.397089630816441552e+00,7.602059991327962507e+00,4.057498132890069087e+01,-5.805361475310319541e+00,4.217263043855904669e+00
6.093512047856803449e+00,6.019933957533287128e+01,-2.328827157284916627e+00,2.253750490665435979e+00,7.602059991327962507e+00,5.819816755847131162e+01,-5.835359715531937219e+00,2.247358472133219376e+00
6.085802259465593167e+00,4.932634078578056602e+01,-2.806875401645538393e+00,2.360509646014531171e+00,7.602059991327962507e+00,4.744370808956205110e+01,-5.770897547600351452e+00,3.298953552139912038e+00
5.695890338722088053e+00,6.349161032577194419e+01,-2.551293680094920191e+00,2.168932810821067481e+00,7.602059991327962507e+00,6.153494320230143444e+01,-5.396717116586429164e+00,1.982771357334972562e+00
6.516941145514640432e+00,6.486853067575290765e+01,-2.602059991327962507e+00,1.755586582294547338e+00,7.740362689494244108e+00,6.294372181614735950e+01,-6.199621414538221131e+00,1.877090281023245488e+00
5.946292944715660944e+00,4.224101691336085196e+01,-2.391473966422805741e+00,2.072810454818083237e+00,7.602059991327962507e+00,4.058910710931723997e+01,-5.646576230924709172e+00,4.215105206920182646e+00
6.659929302272623808e+00,5.516422830002306199e+01,-2.551293680094920191e+00,2.020250519976657610e+00,7.740362689494244108e+00,5.317307999501457516e+01,-6.458155926232339361e+00,2.693830517970923211e+00
6.620496407364752756e+00,5.363165248199730684e+01,-2.505149978319905824e+00,1.951486207033807041e+00,7.301029995663981254e+00,5.165999901510332393e+01,-6.434436843193379829e+00,2.842338927987483110e+00
5.977089816717901627e+00,5.065535263257859100e+01,-2.659555885159881505e+00,2.291585441952427082e+00,7.602059991327962507e+00,4.874029835212286343e+01,-5.667478830535771728e+00,3.151176314298391290e+00
6.761946028092108207e+00,5.026640712451683868e+01,-2.505149978319905824e+00,1.550181664498188505e+00,7.301029995663981254e+00,4.836041534275000231e+01,-6.450209569677192611e+00,3.193825362611396379e+00
6.322983303886220874e+00,4.307517864977809552e+01,-2.903089986991943761e+00,2.271768373652347961e+00,7.602059991327962507e+00,4.139196794343484953e+01,-6.019743321681882975e+00,4.094278435949495254e+00
6.607803617149776265e+00,5.716740872947659824e+01,-2.551293680094920191e+00,1.835098305083176173e+00,7.740362689494244108e+00,5.516182784000770312e+01,-6.384115728396871248e+00,2.509196581463738696e+00
6.061195416868305763e+00,4.896603113014269582e+01,-3.200659450546418316e+00,2.270280261175966263e+00,7.740362689494244108e+00,4.709287767423677451e+01,-5.745776892337357111e+00,3.340112024251118417e+00
6.375812538726872702e+00,4.479358354740919168e+01,-2.328827157284916627e+00,2.205428476268691984e+00,7.740362689494244108e+00,4.304892219772949602e+01,-6.066908369291478920e+00,3.857362245422850666e+00
6.930572398618406460e+00,4.926333960252360811e+01,-2.301029995663981254e+00,1.685317291421614350e+00,7.740362689494244108e+00,4.738234380976575721e+01,-6.615480288410776843e+00,3.306104873448765691e+00
6.217899628258287237e+00,5.766628451119494514e+01,-2.551293680094920191e+00,2.217076699589281663e+00,7.602059991327962507e+00,5.565918062130006660e+01,-5.988759247896416227e+00,2.464685548796059944e+00
7.430141340903947622e+00,4.555832254660425917e+01,-2.505149978319905824e+00,1.484601448709537141e+00,7.301029995663981254e+00,4.378776518365674519e+01,-7.119020214143596981e+00,3.756626383780568901e+00
6.419355346803698126e+00,4.138002170192019236e+01,-2.806875401645538393e+00,1.954959336832776451e+00,7.602059991327962507e+00,3.976132103492886927e+01,-6.122716921943932356e+00,4.343662450713540402e+00
7.608686587622651487e+00,5.477073051085037747e+01,-2.204119982655924570e+00,1.556212085529964595e+00,7.301029995663981254e+00,5.278391520276716165e+01,-7.411021393905950383e+00,2.731264906828452244e+00
6.121760621410552439e+00,5.019901334587339647e+01,-2.659555885159881505e+00,2.410104905799700603e+00,7.602059991327962507e+00,4.829462834541115512e+01,-5.809269093656227234e+00,3.201264975582752026e+00
7.158951786334080580e+00,6.458878392812974312e+01,-1.903089986991943539e+00,1.604517114384383492e+00,7.301029995663981254e+00,6.265684723148063995e+01,-6.845347713629337250e+00,1.898376431098895534e+00
7.206427864368271763e+00,4.901842447676754233e+01,-2.505149978319905824e+00,1.662819484927168689e+00,7.301029995663981254e+00,4.714387500685506893e+01,-6.891172492184209020e+00,3.334068799664557048e+00
6.351348871406188756e+00,5.111351252645356880e+01,-2.425968732272281159e+00,1.559363548576896408e+00,7.740362689494244108e+00,4.918825246697824127e+01,-6.046307248109641819e+00,3.101681407643411159e+00
6.775838689752394117e+00,5.993056699164167611e+01,-2.301029995663981254e+00,1.775867234820268425e+00,7.740362689494244108e+00,5.792764416587831988e+01,-6.521021626460656861e+00,2.269783364910552326e+00
7.191668929943516808e+00,5.126124958755842442e+01,-3.028028723600243666e+00,1.690402549124281339e+00,7.301029995663981254e+00,4.933280910028983612e+01,-6.888718570226580518e+00,3.085924303004290881e+00
6.071837401770562970e+00,4.104817272288209296e+01,-2.806875401645538393e+00,1.902135265120959762e+00,7.740362689494244108e+00,3.944249938833738156e+01,-5.776717721811077233e+00,4.394594706462139122e+00
5.867679852694509535e+00,5.385239361124727964e+01,-2.551293680094920191e+00,2.369315991572952473e+00,7.602059991327962507e+00,5.187750451807940522e+01,-5.678835531803157366e+00,2.820530879179931283e+00
6.096900978534089965e+00,5.447020561051535736e+01,-2.425968732272281159e+00,2.552209606274700171e+00,7.602059991327962507e+00,5.248701681423028731e+01,-5.901936138228003337e+00,2.760156694133459876e+00
6.918932013691692084e+00,4.382889035857767368e+01,-3.026872146400301222e+00,1.724334448633474404e+00,7.740362689494244108e+00,4.211819913745063104e+01,-6.613334049035890061e+00,3.988493682662810347e+00
6.798604920888975833e+00,5.412295899391654075e+01,-2.028028723600243666e+00,1.599752442633961769e+00,7.301029995663981254e+00,5.214429681773759739e+01,-6.607037560801088283e+00,2.793971536377252818e+00
5.804399435690479336e+00,4.339860340558015395e+01,-2.659555885159881505e+00,2.401583217552822447e+00,7.602059991327962507e+00,4.170350385485033939e+01,-5.499998866455439561e+00,4.048350017265763157e+00
6.476239370866641032e+00,6.441117381622140670e+01,-2.806875401645538393e+00,2.076222322210674598e+00,7.602059991327962507e+00,6.247488622459877661e+01,-6.165113304502939151e+00,1.911930197761453343e+00
6.423275994324834315e+00,4.690513772171576790e+01,-3.026872146400301222e+00,1.908115548103393788e+00,7.602059991327962507e+00,4.509139539739885549e+01,-6.109214891319634688e+00,3.585992413890223496e+00
7.338565024777198964e+00,4.892247527394602002e+01,-2.028028723600243666e+00,1.490817725729143284e+00,7.301029995663981254e+00,4.705048688080495367e+01,-7.023009893746539944e+00,3.345143287332049020e+00
6.998574359355252739e+00,4.046640566887730728e+01,-2.301029995663981254e+00,1.758965866732818073e+00,7.740362689494244108e+00,3.888385711191941141e+01,-6.705681769981883811e+00,4.485307901818553766e+00
6.816841312940975506e+00,6.269285065065822948e+01,-2.659555885159881505e+00,1.500512915344161202e+00,7.740362689494244108e+00,6.072135992013426176e+01,-6.527889143584809872e+00,2.045309686315967657e+00
6.215705214582473381e+00,4.448359745348580674e+01,-2.806875401645538393e+00,2.032383900517948927e+00,7.602059991327962507e+00,4.274969816616300022e+01,-5.907595241490773752e+00,3.899042452748470833e+00
7.125878666427037267e+00,4.923976491183633186e+01,-2.328827157284916627e+00,1.673591052366075971e+00,7.740362689494244108e+00,4.735938389428608275e+01,-6.810715966549391709e+00,3.308784331731422945e+00
5.825495877425517222e+00,6.252697749163700536e+01,-2.301029995663981254e+00,2.135282838176792986e+00,7.602059991327962507e+00,6.055273887741802241e+01,-5.539092782492348377e+00,2.058391303180629350e+00
5.578241876804321819e+00,4.747537920446256976e+01,-2.358525889495900252e+00,2.331064352667520101e+00,7.602059991327962507e+00,4.564435177785890119e+01,-5.263497842900286550e+00,3.516203771332419681e+00
7.358839948063536696e+00,5.051731389176681120e+01,-2.425968732272281159e+00,1.819835021826960331e+00,7.301029995663981254e+00,4.860543456366158921e+01,-7.048312119913888729e+00,3.166257020790143706e+00
6.979704280048940390e+00,5.294249453275554629e+01,-3.026872146400301222e+00,1.526824663588672415e+00,7.740362689494244108e+00,5.098183387318124460e+01,-6.800427438687352222e+00,2.911249163375982718e+00
7.169589960016523378e+00,4.603840683369288911e+01,-2.425968732272281159e+00,1.980336930229685599e+00,7.301029995663981254e+00,4.425208946818472100e+01,-6.857722127009255431e+00,3.694952014326200018e+00
7.254901789249153410e+00,4.409811351863117324e+01,-1.903089986991943539e+00,1.714888040958072013e+00,7.301029995663981254e+00,4.237780193776549709e+01,-6.948360915772284763e+00,3.951474970322117031e+00
6.268070303981454039e+00,4.870369578653264853e+01,-3.200659450546418316e+00,2.097521049580207908e+00,7.740362689494244108e+00,4.683762112766919472e+01,-5.952398874180627075e+00,3.370517046636523517e+00
6.814864645904634699e+00,5.797931330687565321e+01,-2.124938736608299905e+00,1.728439988373546843e+00,7.301029995663981254e+00,5.597169281675945740e+01,-6.582323011858401962e+00,2.437034139739682637e+00
6.350329814034098241e+00,4.034874566586444189e+01,-2.806875401645538393e+00,2.154631689598311972e+00,7.602059991327962507e+00,3.877091664470859200e+01,-6.057858421408109706e+00,4.503876915611110476e+00
7.474254637079639885e+00,4.525555896861915528e+01,-2.028028723600243666e+00,1.636921249513931809e+00,7.301029995663981254e+00,4.349514017775385355e+01,-7.164065837204880438e+00,3.796034009425088396e+00
6.561652225013266282e+00,5.308988098682663548e+01,-2.504455662453551668e+00,2.108828300512795906e+00,7.602059991327962507e+00,5.112675741873366064e+01,-6.380257036675981652e+00,2.896405150054397026e+00
7.143964050732849458e+00,5.151157851921496444e+01,-3.028028723600243666e+00,1.671661388861432895e+00,7.301029995663981254e+00,4.957787420089709940e+01,-6.846295329114911787e+00,3.059375517693298185e+00
5.996829989851614862e+00,5.343083473652752957e+01,-2.806875401645538393e+00,2.568491758357880350e+00,7.602059991327962507e+00,5.146224620805793393e+01,-5.812044865035132624e+00,2.862289033266018023e+00
7.278161876140103459e+00,6.019337196973306447e+01,-2.028028723600243666e+00,1.898254892592698972e+00,7.301029995663981254e+00,5.819215810126928545e+01,-7.020011727229480414e+00,2.247855142608178092e+00
7.294682471728601847e+00,4.024176919058904645e+01,-2.124938736608299905e+00,1.451612660235227281e+00,7.301029995663981254e+00,3.866824323759036020e+01,-7.002714700240419532e+00,4.520825377955853597e+00
7.602301506060009650e+00,6.062029719832005981e+01,-2.124938736608299905e+00,1.476059999972975545e+00,7.301029995663981254e+00,5.862242134286168493e+01,-7.339478444591948758e+00,2.212461993476476874e+00
6.115988435163283832e+00,6.382694559549943847e+01,-2.391473966422805741e+00,2.398717710361175648e+00,7.602059991327962507e+00,6.187729567343512826e+01,-5.812394500733114810e+00,1.956737062629313684e+00
6.072422265355465143e+00,4.078260363443401815e+01,-3.026872146400301222e+00,2.072826944070472965e+00,7.602059991327962507e+00,3.918744221645840753e+01,-5.777951095095709810e+00,4.435777871570116382e+00
6.734002245711506518e+00,6.238119211569351563e+01,-1.903089986991943539e+00,2.174674312654960584e+00,7.301029995663981254e+00,6.040463131955002041e+01,-6.448923260835296212e+00,2.069950388748921011e+00
7.190423113141801714e+00,5.616808651342027758e+01,-2.505149978319905824e+00,1.543774041129333918e+00,7.301029995663981254e+00,5.416807756677144425e+01,-6.977674385046426231e+00,2.599951167466956647e+00
6.725018490171660090e+00,4.365604124804548292e+01,-2.124938736608299905e+00,1.812643879011768044e+00,7.301029995663981254e+00,4.195158181971405043e+01,-6.419652366847363290e+00,4.012435699766925268e+00
6.399930373563005759e+00,6.266054379107477246e+01,-2.903089986991943761e+00,2.144961977920347262e+00,7.602059991327962507e+00,6.068850901216188731e+01,-6.111607549769085601e+00,2.047854953612659568e+00
5.994069821318140256e+00,4.070549627456824737e+01,-2.806875401645538393e+00,2.532768115117425722e+00,7.602059991327962507e+00,3.911340101544956838e+01,-5.700350220850854299e+00,4.447806325421233886e+00
7.222903025279165945e+00,4.225677878637742424e+01,-2.028028723600243666e+00,1.761715263968405498e+00,7.301029995663981254e+00,4.060426933268797711e+01,-6.922642880603354421e+00,4.212790284937121932e+00
6.434951868649904760e+00,5.613318648364284513e+01,-2.425968732272281159e+00,2.243378108841665775e+00,7.740362689494244108e+00,5.413343156575314197e+01,-6.222903074982060190e+00,2.603176978979447220e+00
5.949071469178564442e+00,4.104945921316597435e+01,-3.508638306165727361e+00,2.202954801003390806e+00,7.740362689494244108e+00,3.944373514089821242e+01,-5.653961603952368797e+00,4.394396123380175823e+00
6.575751067091548663e+00,5.976944973568711816e+01,-3.200659450546418316e+00,2.146961008757555245e+00,7.740362689494244108e+00,5.776560826255331449e+01,-6.322940340291252959e+00,2.283281151651419094e+00
7.072345821759744133e+00,5.338617511374447133e+01,-2.124938736608299905e+00,1.967874326789533779e+00,7.301029995663981254e+00,5.141828377892224466e+01,-6.888271116659946181e+00,2.866740132909840533e+00
7.662467465335447869e+00,5.025923294630761262e+01,-2.124938736608299905e+00,1.565914966847569367e+00,7.301029995663981254e+00,4.835341170065908045e+01,-7.350712734861456710e+00,3.194616619158363147e+00
6.373886763568861191e+00,4.575098920391850754e+01,-2.551293680094920191e+00,2.050411814594945259e+00,7.740362689494244108e+00,4.397405979951636823e+01,-6.062482825326956259e+00,3.731760441777230319e+00
6.175337646025855776e+00,4.575787016210036029e+01,-2.725842150736319969e+00,2.402125091302028892e+00,7.602059991327962507e+00,4.398071434756411691e+01,-5.863966549468334399e+00,3.730875230406830667e+00
6.242817504079156699e+00,5.257272606419248717e+01,-3.200659450546418316e+00,2.067904638065294787e+00,7.602059991327962507e+00,5.061850739191137905e+01,-6.066881752339146061e+00,2.948883584088894949e+00
6.771717236643982396e+00,5.185833832433485924e+01,-3.028028723600243666e+00,1.637339110569160150e+00,7.301029995663981254e+00,4.991760639001827826e+01,-6.602470980999121331e+00,3.022908269875433263e+00
6.800145225281553962e+00,4.571331072542477614e+01,-3.200659450546418316e+00,1.974989098743289651e+00,7.740362689494244108e+00,4.393762251672424668e+01,-6.488560986105587070e+00,3.736611135887581092e+00
6.211915386195675737e+00,5.082711570613254537e+01,-2.725842150736319969e+00,2.321507328759876199e+00,7.602059991327962507e+00,4.890817511263836082e+01,-5.903877972305194177e+00,3.132495949783537625e+00
6.429949502728139699e+00,5.555822584804776909e+01,-2.391473966422805741e+00,2.094445104019625248e+00,7.740362689494244108e+00,5.356321947610592815e+01,-6.224068651952576303e+00,2.656711326079713942e+00
7.388515277087154054e+00,4.926075468639340471e+01,-2.124938736608299905e+00,1.640702586560569110e+00,7.301029995663981254e+00,4.737982624260695275e+01,-7.073415439280623218e+00,3.306398578075335326e+00
6.913151810916563278e+00,5.726791462509897457e+01,-3.200659450546418316e+00,1.714581192560630685e+00,7.740362689494244108e+00,5.526195841955328092e+01,-6.688791353064576839e+00,2.500189248895559491e+00
6.307574878567391963e+00,5.909564349465838973e+01,-2.504455662453551668e+00,2.260544547644161462e+00,7.740362689494244108e+00,5.708900958256003833e+01,-6.062167874997686390e+00,2.340409434567339630e+00
6.994119849655776378e+00,5.089999272403035491e+01,-2.425968732272281159e+00,1.456264217618354229e+00,7.301029995663981254e+00,4.897942493348026005e+01,-6.686836232887456433e+00,3.124598297720350804e+00
6.138179316835369548e+00,4.183584695715356361e+01,-2.358525889495900252e+00,2.414007367940172788e+00,7.602059991327962507e+00,4.019945557133232228e+01,-5.839558329696735051e+00,4.275038436192962088e+00
6.127968352810122532e+00,5.712613944343897998e+01,-2.725842150736319969e+00,2.266369162591544306e+00,7.602059991327962507e+00,5.512072259668246943e+01,-5.904968904937843988e+00,2.512901036559574308e+00
5.140346079145740710e+00,5.252237194906381035e+01,-2.659555885159881505e+00,2.606809867494506605e+00,7.602059991327962507e+00,5.056905931620676142e+01,-4.965116204809575606e+00,2.954053414884141748e+00
7.092050325271219258e+00,6.075759253096592261e+01,-2.028028723600243666e+00,1.994118717102020266e+00,7.301029995663981254e+00,5.876093931652641800e+01,-6.827250350554832536e+00,2.201138884023596365e+00
6.813465912949772552e+00,4.879848902805871091e+01,-2.328827157284916627e+00,1.971649856514072985e+00,7.740362689494244108e+00,4.692983947413375745e+01,-6.498100390388986014e+00,3.359502127707675534e+00
7.325664064107706430e+00,6.135898683794539465e+01,-2.505149978319905824e+00,1.701166255489644064e+00,7.301029995663981254e+00,5.936855541361268251e+01,-7.053604295908654898e+00,2.152040581724558699e+00
6.956300629378790568e+00,5.577542696067072825e+01,-2.725842150736319969e+00,1.563207705664740654e+00,7.740362689494244108e+00,5.377850261217170669e+01,-6.747653494650615258e+00,2.636400533020724080e+00
5.976213004833272002e+00,5.539040091435203550e+01,-2.806875401645538393e+00,2.204353025484085737e+00,7.602059991327962507e+00,5.339697854160436918e+01,-5.771674493592843014e+00,2.672478575455259353e+00
6.790258002850369401e+00,5.780187066198475065e+01,-3.200659450546418316e+00,1.847790115823901180e+00,7.740362689494244108e+00,5.579450108667290920e+01,-6.559757829332220069e+00,2.452672970972241462e+00
6.376276857563204281e+00,6.029939085141229071e+01,-3.026872146400301222e+00,2.032398727841322028e+00,7.602059991327962507e+00,5.829894073401908372e+01,-6.116796329014372979e+00,2.239039692610521382e+00
6.541215822858237772e+00,6.162623497286844554e+01,-2.903089986991943761e+00,2.037099888946595438e+00,7.602059991327962507e+00,5.963902584041846922e+01,-6.265876453383225630e+00,2.130443331953902231e+00
7.592437269377982467e+00,4.633464640965462422e+01,-2.028028723600243666e+00,1.653646109087464566e+00,7.301029995663981254e+00,4.453880362069745047e+01,-7.279506735243753468e+00,3.657368923578865783e+00
6.477053851027453568e+00,4.398045922142585340e+01,-2.301029995663981254e+00,1.755909124288246081e+00,7.740362689494244108e+00,4.226433885269992174e+01,-6.171086459470559227e+00,3.967611993788516145e+00
6.815258740816802607e+00,4.402077517212499913e+01,-3.026872146400301222e+00,1.692394370738556697e+00,7.740362689494244108e+00,4.230321633404801673e+01,-6.508898400947336071e+00,3.962075312905532609e+00
7.124821149435230261e+00,6.059745911485174474e+01,-2.028028723600243666e+00,1.841345193427406546e+00,7.301029995663981254e+00,5.859938695533259079e+01,-6.862008133125005571e+00,2.214348267476254239e+00
7.284284121612721208e+00,6.319363822355950333e+01,-2.726998727936262412e+00,1.658541737110438508e+00,7.301029995663981254e+00,6.123113133419533938e+01,-6.988928280111304403e+00,2.006014370502202659e+00
6.362379879397942695e+00,5.192002608365459082e+01,-2.602059991327962507e+00,2.198882885627415629e+00,7.602059991327962507e+00,4.997807648987344464e+01,-6.192448309790584915e+00,3.016457959561257951e+00
7.267523964129839698e+00,4.296784538667694875e+01,-2.124938736608299905e+00,1.839744497430206405e+00,7.301029995663981254e+00,4.128861142780223759e+01,-6.964878272172005502e+00,4.109634354261119782e+00
6.429497198497712951e+00,5.519683412480100060e+01,-2.903089986991943761e+00,2.217092035620613188e+00,7.740362689494244108e+00,5.320534816885594864e+01,-6.227013132263775397e+00,2.690745007558212887e+00
7.392511151487303422e+00,4.616458725510634054e+01,-2.505149978319905824e+00,1.576605269149089716e+00,7.301029995663981254e+00,4.437419371786981515e+01,-7.080016668276059022e+00,3.678900020235888135e+00
6.949251277742336086e+00,4.397381000045420052e+01,-2.204119982655924570e+00,1.511512687923348031e+00,7.301029995663981254e+00,4.225792710378041761e+01,-6.643245317223532176e+00,3.968525858080293567e+00
5.784385469931305757e+00,6.232399122273227476e+01,-3.200659450546418316e+00,2.200597724818095902e+00,7.602059991327962507e+00,6.034654295442174998e+01,-5.500567768104455801e+00,2.074507708423295682e+00
5.456007403203870787e+00,4.990075745577385646e+01,-3.508638306165727361e+00,2.654607436436568602e+00,7.602059991327962507e+00,4.800361073670651990e+01,-5.142728877424096012e+00,3.234367858872491119e+00
5.557271234616826483e+00,4.170671320169223861e+01,-2.328827157284916627e+00,2.356851705688485676e+00,7.602059991327962507e+00,4.007530905070342442e+01,-5.259703502365726813e+00,4.294313582448192612e+00
5.943151009903728799e+00,4.072058988989066108e+01,-2.903089986991943761e+00,2.278714447583153557e+00,7.602059991327962507e+00,3.912789394466611270e+01,-5.648871788847722897e+00,4.445449255129500621e+00
6.161951777965622767e+00,4.357055007883187159e+01,-3.200659450546418316e+00,1.979302862371954630e+00,7.740362689494244108e+00,4.186918860516385621e+01,-5.857333520900612100e+00,4.024328282013199143e+00
6.555370025861036787e+00,5.329241302819193038e+01,-2.504455662453551668e+00,2.049981080618751950e+00,7.740362689494244108e+00,5.132600377921431800e+01,-6.372712095635059804e+00,2.876102315763638284e+00
6.771920756383856599e+00,5.855717953922623309e+01,-2.806875401645538393e+00,1.954263289801347225e+00,7.740362689494244108e+00,5.654951163675178805e+01,-6.533269092930000355e+00,2.386736087911252913e+00
7.357984347482018350e+00,5.744240865758735026e+01,-3.028028723600243666e+00,1.701840977610329153e+00,7.301029995663981254e+00,5.543588266583952873e+01,-7.131574041340526193e+00,2.484599191870818125e+00
5.487299662540093159e+00,4.783493540082938011e+01,-2.903089986991943761e+00,2.708197001872246545e+00,7.602059991327962507e+00,4.599333285334213883e+01,-5.172139611468419496e+00,3.472981477311179344e+00
7.060890367523771971e+00,5.068663946929841302e+01,-3.028028723600243666e+00,1.454556934283208314e+00,7.301029995663981254e+00,4.877087196194585772e+01,-6.751353690319750633e+00,3.147766687406343689e+00
6.436595733038285694e+00,5.166279229804456463e+01,-2.358525889495900252e+00,2.248789431805549910e+00,7.740362689494244108e+00,4.972598540970815861e+01,-6.145254187663262258e+00,3.043429244490383656e+00
6.343642701265513217e+00,4.340805300235039965e+01,-2.903089986991943761e+00,1.963509051895830915e+00,7.740362689494244108e+00,4.171260824848926063e+01,-6.039300220062396640e+00,4.047026302863072189e+00
7.259205908221661119e+00,4.703206272396848675e+01,-2.028028723600243666e+00,1.724871073213894546e+00,7.301029995663981254e+00,4.521441965919441941e+01,-6.945072736529684931e+00,3.570288936983218697e+00
7.006646594658006322e+00,4.504596222774453906e+01,-2.504455662453551668e+00,1.507677728859263544e+00,7.740362689494244108e+00,4.329265012655699252e+01,-6.697222345983070646e+00,3.823742341080340612e+00
6.939572557620882876e+00,4.200459321126241008e+01,-2.505149978319905824e+00,2.092956719909826901e+00,7.301029995663981254e+00,4.036171455527045282e+01,-6.640830694130558598e+00,4.249977250293389019e+00
5.917941658773117730e+00,6.338420392985393903e+01,-2.328827157284916627e+00,2.276111980005762092e+00,7.602059991327962507e+00,6.142538906270851840e+01,-5.620046039146232353e+00,1.991137875431329363e+00
6.126703766249301353e+00,5.695885498826810078e+01,-2.903089986991943761e+00,2.105385321436997526e+00,7.602059991327962507e+00,5.495416204880740452e+01,-5.905760105958467676e+00,2.527952433526982734e+00
6.147468931818088400e+00,4.670503844066615073e+01,-3.508638306165727361e+00,2.206915587111463850e+00,7.740362689494244108e+00,4.489750660136610350e+01,-5.833758426110925654e+00,3.610879097560366180e+00
5.878266563376952192e+00,5.467190333625426035e+01,-3.508638306165727361e+00,2.447323401529382991e+00,7.602059991327962507e+00,5.268625052411780985e+01,-5.681254704583813542e+00,2.740724462372881032e+00
7.556947146680384364e+00,5.382001120180468945e+01,-2.425968732272281159e+00,1.563950028959251171e+00,7.301029995663981254e+00,5.184558796727185381e+01,-7.368826260549450780e+00,2.823722193946377246e+00
5.789012353999720695e+00,5.624768193101755287e+01,-2.602059991327962507e+00,2.252581757673661755e+00,7.602059991327962507e+00,5.424710843040605823e+01,-5.575587369945792737e+00,2.592604168858223090e+00
6.828986821560110165e+00,4.736248162922600358e+01,-2.659555885159881505e+00,1.637009754656398197e+00,7.740362689494244108e+00,4.553482693166478157e+01,-6.514395695452651402e+00,3.529875548143242447e+00
6.754928450198112166e+00,5.021735522372592442e+01,-2.726998727936262412e+00,1.823851153375007916e+00,7.301029995663981254e+00,4.831253186418854284e+01,-6.442484066612141014e+00,3.199238748082037898e+00
6.912435314359654193e+00,6.452687245118011106e+01,-2.504455662453551668e+00,1.746406809811771543e+00,7.740362689494244108e+00,6.259340376041294007e+01,-6.599467802600848643e+00,1.903097508247584724e+00
6.757526456769030077e+00,4.337477423801845333e+01,-3.026872146400301222e+00,1.660812029957423830e+00,7.740362689494244108e+00,4.168054573928461082e+01,-6.453613634149030887e+00,4.051710883655318618e+00
6.556221336978836689e+00,5.016993381074739489e+01,-2.806875401645538393e+00,2.137941099602283845e+00,7.740362689494244108e+00,4.826624541042423289e+01,-6.243654770125210973e+00,3.204479639443378325e+00
5.723742425979908788e+00,5.921023562769401849e+01,-2.602059991327962507e+00,2.788953467339276404e+00,7.602059991327962507e+00,5.720395810810563830e+01,-5.476988323178762386e+00,2.330616048362843973e+00
5.962342401689325833e+00,5.100371243958214507e+01,-2.425968732272281159e+00,2.122474494465352635e+00,7.602059991327962507e+00,4.908085127016548199e+01,-5.655880449471643701e+00,3.113435335889090716e+00
6.430838865086393241e+00,5.237826805620375836e+01,-3.508638306165727361e+00,2.246106147113346108e+00,7.602059991327962507e+00,5.042758606686149392e+01,-6.256948440553567359e+00,2.968888216197109742e+00
5.929090613464869541e+00,5.947576551715179249e+01,-2.425968732272281159e+00,2.306324029952889099e+00,7.602059991327962507e+00,5.747049981887522563e+01,-5.679638354929700483e+00,2.308009532190960389e+00
7.000407650317499453e+00,5.747032691476314881e+01,-2.725842150736319969e+00,1.854680821666273349e+00,7.740362689494244108e+00,5.546371943647696412e+01,-6.774003040907011552e+00,2.482110478665547237e+00
7.360298741009615675e+00,6.137680261672797144e+01,-2.329058719264224919e+00,1.485278812296579432e+00,7.301029995663981254e+00,5.938657719029825444e+01,-7.088228840305942136e+00,2.150597760917272172e+00
7.627513533184343331e+00,4.722878601006289045e+01,-3.028028723600243666e+00,1.584141243850613057e+00,7.301029995663981254e+00,4.540515717170950438e+01,-7.312986900236184695e+00,3.546128495110179912e+00
6.491142678493450724e+00,6.039235141575701249e+01,-2.504455662453551668e+00,1.885876655190783957e+00,7.602059991327962507e+00,5.839260632673904183e+01,-6.230981739399577002e+00,2.231324380378708838e+00
6.100853953815414066e+00,4.977660003523457988e+01,-2.463441557428470041e+00,2.307608024839941763e+00,7.602059991327962507e+00,4.788252706195407882e+01,-5.787236376648911218e+00,3.248234316491132034e+00
7.190337528941936895e+00,5.082838903496234195e+01,-2.425968732272281159e+00,1.724357856902983821e+00,7.301029995663981254e+00,4.890941989913329735e+01,-6.882303056985375811e+00,3.132357815858783034e+00
6.827485305981139341e+00,6.449607774145692929e+01,-2.903089986991943761e+00,1.712600552227611095e+00,7.740362689494244108e+00,6.256185316186582668e+01,-6.515123156576493102e+00,1.905447160557008024e+00
5.783056253682093306e+00,5.249536434606937974e+01,-2.602059991327962507e+00,2.629100515671151328e+00,7.602059991327962507e+00,5.054254049002375382e+01,-5.607781468799663216e+00,2.956829227454591980e+00
6.431791853845060913e+00,4.621053852128992645e+01,-2.358525889495900252e+00,2.118564197877769839e+00,7.602059991327962507e+00,4.441866750689106880e+01,-6.119505717236010334e+00,3.673070531997600696e+00
6.236197538862378487e+00,5.878142488538297528e+01,-3.026872146400301222e+00,2.119544849018984323e+00,7.602059991327962507e+00,5.677405990320539786e+01,-5.994837761477365135e+00,2.367380851524301555e+00
7.107112575449597180e+00,5.972398343824042399e+01,-2.602059991327962507e+00,1.515602206104573080e+00,7.740362689494244108e+00,5.771990037997227319e+01,-6.854969219321657370e+00,2.287097699279973639e+00
6.693366093847220810e+00,5.213010323427444348e+01,-3.200659450546418316e+00,1.879099627064552136e+00,7.740362689494244108e+00,5.018408152716438053e+01,-6.521424014486739473e+00,2.994574707402080982e+00
6.484990807327182694e+00,6.030834731479036037e+01,-2.425968732272281159e+00,2.032390660792667170e+00,7.602059991327962507e+00,5.830796368504991278e+01,-6.225506826698461005e+00,2.238295764479425021e+00
7.499176540907323663e+00,5.045388067807530064e+01,-2.726998727936262412e+00,1.667643654332838121e+00,7.301029995663981254e+00,4.854347566888566234e+01,-7.188493141633361283e+00,3.173207561197513904e+00
6.346687283985753325e+00,6.014544457766302088e+01,-2.903089986991943761e+00,2.175189222213740781e+00,7.740362689494244108e+00,5.814389950505898241e+01,-6.089201187117578407e+00,2.251846052751529381e+00
7.192035632828615910e+00,6.175304007697964437e+01,-2.204119982655924570e+00,1.852523967082655654e+00,7.301029995663981254e+00,5.976745933473620198e+01,-6.915374940669402726e+00,2.120229888061638590e+00
7.479101281322901862e+00,5.745925892474275543e+01,-2.204119982655924570e+00,1.534802382622390216e+00,7.301029995663981254e+00,5.545268343099036201e+01,-7.252694435422256447e+00,2.483096926040197605e+00
6.671360346916721973e+00,5.318991830497233764e+01,-2.329058719264224919e+00,1.922219687268379662e+00,7.301029995663981254e+00,5.122515747997485391e+01,-6.489333095607102031e+00,2.886363198539296349e+00
7.013346194928018917e+00,5.790299394991662041e+01,-2.903089986991943761e+00,1.723337975795983468e+00,7.740362689494244108e+00,5.589546788835656344e+01,-6.781483050673657864e+00,2.443736919811790642e+00
6.519116094316228072e+00,4.093607333051551933e+01,-2.391473966422805741e+00,1.842725866546527813e+00,7.740362689494244108e+00,3.933482795501655005e+01,-6.224483740715326618e+00,4.411932401414924598e+00
5.664111708218102059e+00,5.408435960160390721e+01,-2.903089986991943761e+00,2.077361718008233993e+00,7.602059991327962507e+00,5.210622260781565274e+01,-5.473258248978967622e+00,2.797749120409589896e+00
6.372482185266039600e+00,5.325907075159996396e+01,-2.391473966422805741e+00,2.172879339792038955e+00,7.740362689494244108e+00,5.129319451015754794e+01,-6.189777751866553324e+00,2.879437182818210150e+00
5.755677924040051074e+00,5.250703212179407586e+01,-2.463441557428470041e+00,2.231316704695445186e+00,7.602059991327962507e+00,5.055399686404888371e+01,-5.580422573602459302e+00,2.955629772411862533e+00
6.469652535345034927e+00,5.949979935158069111e+01,-2.124938736608299905e+00,2.062483097488231998e+00,7.301029995663981254e+00,5.749463812360176007e+01,-6.219536179426297551e+00,2.305969258340903494e+00
7.264119005092683601e+00,5.517561431398855376e+01,-2.425968732272281159e+00,1.901659310138738013e+00,7.301029995663981254e+00,5.318434772627279017e+01,-7.062354752443158468e+00,2.692752769841995963e+00
6.795000434962194191e+00,5.053182070903948642e+01,-2.659555885159881505e+00,1.575567647619657397e+00,7.740362689494244108e+00,4.861960556502185682e+01,-6.484507947637917269e+00,3.164669286547441285e+00
6.322935972895295187e+00,4.370694597163413420e+01,-3.026872146400301222e+00,1.852375193223548155e+00,7.740362689494244108e+00,4.200064682237103852e+01,-6.017874172829900559e+00,4.005370410784267143e+00
6.587682937606628819e+00,6.375816764688865135e+01,-2.301029995663981254e+00,2.078739127459109159e+00,7.740362689494244108e+00,6.180703988005731730e+01,-6.285324781150811724e+00,1.962063162346378009e+00
6.354557793445366087e+00,6.380142583711993609e+01,-2.725842150736319969e+00,2.190427724627396433e+00,7.740362689494244108e+00,6.185122523716910337e+01,-6.051573224263563588e+00,1.958709903271098396e+00
6.604954029282067651e+00,4.751321576090333565e+01,-3.026872146400301222e+00,1.530047946357210753e+00,7.740362689494244108e+00,4.568106353676751041e+01,-6.290355454950324443e+00,3.511632582304826222e+00
6.842453332341048799e+00,4.323355254394424918e+01,-3.026872146400301222e+00,1.581890696857823686e+00,7.740362689494244108e+00,4.154450231174698160e+01,-6.538935572416969322e+00,4.071722204460162864e+00
5.930478831470344936e+00,5.561845126002095441e+01,-2.391473966422805741e+00,1.990571667370925502e+00,7.602059991327962507e+00,5.362289809058262335e+01,-5.723909804176315674e+00,2.651068827785141302e+00
6.201278574461934312e+00,5.173931785029479613e+01,-2.659555885159881505e+00,2.404251432599852301e+00,7.602059991327962507e+00,4.980096316809252244e+01,-6.033411555901272649e+00,3.035385078315209650e+00
5.897685910502154627e+00,5.830367319631508849e+01,-2.903089986991943761e+00,2.242992328068745600e+00,7.602059991327962507e+00,5.629588011577675388e+01,-5.661748206964394292e+00,2.408726054252394277e+00
7.270108767473553613e+00,4.525338834706085578e+01,-2.329058719264224919e+00,1.574713600433363947e+00,7.301029995663981254e+00,4.349304278865656670e+01,-6.959908996471680709e+00,3.796319979579168002e+00
5.807475624747062248e+00,6.432632373111391644e+01,-2.328827157284916627e+00,2.380219527571127092e+00,7.602059991327962507e+00,6.238800525036214140e+01,-5.497587751747411211e+00,1.918416247260354091e+00
5.688445688324807570e+00,4.052371186771278389e+01,-2.551293680094920191e+00,2.601012339393991457e+00,7.602059991327962507e+00,3.893886975569867559e+01,-5.395328580207268132e+00,4.476291143488078994e+00
6.905584103625503012e+00,5.154728384163340138e+01,-2.124938736608299905e+00,1.564096266402785984e+00,7.301029995663981254e+00,4.961284166284576713e+01,-6.609185918643110114e+00,3.055604070109423809e+00
7.255028656721139946e+00,4.700590405234198954e+01,-2.726998727936262412e+00,1.701503039419419938e+00,7.301029995663981254e+00,4.518906244041770037e+01,-6.940788501425930512e+00,3.573520142259301036e+00
7.403076192989654025e+00,5.701664607573103183e+01,-1.903089986991943539e+00,1.677125256023943800e+00,7.301029995663981254e+00,5.501169237969574510e+01,-7.181447523337067373e+00,2.522746238768623250e+00
6.962558869991537946e+00,4.272855318999955898e+01,-2.028028723600243666e+00,1.967986671639212704e+00,7.301029995663981254e+00,4.105823999833219773e+01,-6.660930320785382719e+00,4.144071425628352401e+00
7.394892917061505422e+00,5.771086815371744905e+01,-2.124938736608299905e+00,1.731899565494322557e+00,7.301029995663981254e+00,5.570366985660831460e+01,-7.165759223894815122e+00,2.460731604337086154e+00
6.801650008809825287e+00,4.972550046120384337e+01,-2.391473966422805741e+00,1.957374354411811401e+00,7.740362689494244108e+00,4.783270279582390572e+01,-6.487890912941229438e+00,3.253956219850044906e+00
5.602768827460971046e+00,4.411309603642830979e+01,-2.602059991327962507e+00,2.576791680869598533e+00,7.602059991327962507e+00,4.239225219510257148e+01,-5.296313711519811562e+00,3.949424541901099595e+00
5.696599162477792966e+00,5.209773521929272988e+01,-2.358525889495900252e+00,2.505041633275533641e+00,7.602059991327962507e+00,5.015233337791747203e+01,-5.525396178676182934e+00,2.997938058845849962e+00
5.844993844027460916e+00,4.267567126833244373e+01,-2.328827157284916627e+00,2.171275877904456308e+00,7.602059991327962507e+00,4.100733959484890079e+01,-5.543662204659537629e+00,4.151719594023064452e+00
7.126111194659233483e+00,5.572985136641330683e+01,-2.124938736608299905e+00,1.773835132304374174e+00,7.301029995663981254e+00,5.373331705216963883e+01,-6.918160650723549132e+00,2.640653514053226569e+00
6.870209810891377167e+00,4.966635253523863014e+01,-2.505149978319905824e+00,1.731903130626558207e+00,7.301029995663981254e+00,4.777503846393199183e+01,-6.556285460858932268e+00,3.260590212279979916e+00
6.014841508819012361e+00,5.083226366705850552e+01,-2.725842150736319969e+00,2.488688224619138634e+00,7.602059991327962507e+00,4.891320770366658621e+01,-5.706815984829079369e+00,3.131937517488645017e+00
6.452519668638929673e+00,5.748549536071672605e+01,-2.504455662453551668e+00,1.812516082547885432e+00,7.740362689494244108e+00,5.547884473200838329e+01,-6.225423761673787304e+00,2.480758967556182526e+00
6.227221650784882101e+00,4.718074327453619787e+01,-3.508638306165727361e+00,2.180630472361571925e+00,7.740362689494244108e+00,4.535856946645492371e+01,-5.912503177032856883e+00,3.551985528627452648e+00
6.828193974881114237e+00,5.503509833455753153e+01,-2.124938736608299905e+00,1.461208968157256649e+00,7.301029995663981254e+00,5.304531952862629396e+01,-6.627791694794932020e+00,2.706074634362788167e+00
6.733778130451219646e+00,5.960462592271487381e+01,-2.124938736608299905e+00,1.829522405203295898e+00,7.301029995663981254e+00,5.759994548863130603e+01,-6.482978614756809144e+00,2.297132802245095640e+00
7.532934575917100695e+00,5.364512879892777164e+01,-1.903089986991943539e+00,1.488764339426112526e+00,7.301029995663981254e+00,5.167327377708789982e+01,-7.346125548106188674e+00,2.841003912306437229e+00
6.343437210340228560e+00,6.058784146443014151e+01,-2.659555885159881505e+00,2.139664187271423934e+00,7.602059991327962507e+00,5.858968723930854594e+01,-6.080628396811955660e+00,2.215142857861968739e+00
6.382767182316987586e+00,4.366397511514090013e+01,-2.903089986991943761e+00,1.623146788319201450e+00,7.740362689494244108e+00,4.195922871078693106e+01,-6.077448592988558218e+00,4.011333738333705767e+00
7.176761720816656975e+00,6.140361583609264784e+01,-2.204119982655924570e+00,1.878763534535992763e+00,7.301029995663981254e+00,5.941370280965651318e+01,-6.904050236627925052e+00,2.148427108000459107e+00
5.746531023337440480e+00,4.914630372336660002e+01,-2.301029995663981254e+00,2.496264136767367692e+00,7.602059991327962507e+00,4.726837200164274577e+01,-5.431668518767549081e+00,3.319425636012939052e+00
6.949383691146453934e+00,4.972032958994525131e+01,-2.903089986991943761e+00,1.621956295127782610e+00,7.740362689494244108e+00,4.782766130711902974e+01,-6.635610210275180165e+00,3.254535715679025998e+00
6.588274224325381567e+00,5.165045702860417265e+01,-2.551293680094920191e+00,1.791184819542340323e+00,7.740362689494244108e+00,4.971390104041020663e+01,-6.296302112591069644e+00,3.044727517626785840e+00
7.315278733133440348e+00,4.624458000980717998e+01,-2.425968732272281159e+00,1.492273878028145040e+00,7.301029995663981254e+00,4.445161685964419007e+01,-7.002545101406949968e+00,3.668757503552836141e+00
6.653093504746562026e+00,5.605518289797400655e+01,-3.028028723600243666e+00,2.110024013279727217e+00,7.301029995663981254e+00,5.405601001122670368e+01,-6.441721816693815938e+00,2.610396566564834764e+00
6.644958569526321135e+00,6.213112506880158037e+01,-1.903089986991943539e+00,2.087215071668405919e+00,7.301029995663981254e+00,6.015078243532400393e+01,-6.363113013485071079e+00,2.089904801517088906e+00
6.119772414795068727e+00,5.479248928947566100e+01,-2.425968732272281159e+00,2.036586887154101966e+00,7.602059991327962507e+00,5.280542201491653032e+01,-5.921382843366424176e+00,2.729185341101748818e+00
7.064405211219950687e+00,4.658963132649328287e+01,-2.204119982655924570e+00,1.641885257987804270e+00,7.301029995663981254e+00,4.478571488844835358e+01,-6.750797030344393157e+00,3.625305203324940440e+00
6.114975987626223741e+00,5.475324651464928394e+01,-2.806875401645538393e+00,2.489522395379018427e+00,7.602059991327962507e+00,5.276663471332545896e+01,-5.917294689275852448e+00,2.732936737024863838e+00
6.812275504764081724e+00,4.121058723316997430e+01,-3.026872146400301222e+00,1.745729049119243648e+00,7.740362689494244108e+00,3.959852277658117714e+01,-6.516374272177824167e+00,4.369594143584469847e+00
6.571343464249842725e+00,5.704221956778042824e+01,-2.551293680094920191e+00,2.011347885999291041e+00,7.740362689494244108e+00,5.503715407373505286e+01,-6.349020458203376016e+00,2.520444590078307900e+00
7.196547570352035628e+00,4.614881450559433773e+01,-2.329058719264224919e+00,1.943604750993220165e+00,7.301029995663981254e+00,4.435892896923181183e+01,-6.883981306529943112e+00,3.680902978374914092e+00
6.304262539654430952e+00,5.404811726737852950e+01,-2.504455662453551668e+00,2.035446579465910677e+00,7.602059991327962507e+00,5.207047736568839014e+01,-6.113367929590109107e+00,2.801299475557055274e+00
7.383648916398015238e+00,4.207091960810032560e+01,-1.903089986991943539e+00,1.494405858191414138e+00,7.301029995663981254e+00,4.042550047444800043e+01,-7.084061003908667331e+00,4.240166012442076138e+00
6.520171255546888034e+00,5.322735291899087429e+01,-2.602059991327962507e+00,1.691331049768059813e+00,7.740362689494244108e+00,5.126198661560573555e+01,-6.337422234501909557e+00,2.882612322278672146e+00
6.040945004008736241e+00,5.386594004162297722e+01,-3.026872146400301222e+00,2.335081805317136272e+00,7.602059991327962507e+00,5.189085696892149713e+01,-5.852116961959283437e+00,2.819196668375751891e+00
6.019685515571653767e+00,6.024115921285815745e+01,-2.504455662453551668e+00,2.023663797047732249e+00,7.740362689494244108e+00,5.824028429087061909e+01,-5.760871908837322586e+00,2.243879476546528196e+00
7.409624539432613233e+00,5.324592317869152680e+01,-2.329058719264224919e+00,1.518998417046990124e+00,7.301029995663981254e+00,5.128025797242872841e+01,-7.226901665184711554e+00,2.880753005903648578e+00
7.062654342778117211e+00,6.051313817069410561e+01,-3.028028723600243666e+00,1.809003308780179564e+00,7.301029995663981254e+00,5.851435866292729315e+01,-6.801158723010554574e+00,2.221319472093310932e+00
6.570945332160773589e+00,4.608524550623504012e+01,-2.903089986991943761e+00,1.990493650532310976e+00,7.740362689494244108e+00,4.429741179658785200e+01,-6.258690323898077779e+00,3.688985833861218477e+00
6.685322402886557214e+00,5.737260575789163397e+01,-2.301029995663981254e+00,2.063141425891505509e+00,7.740362689494244108e+00,5.536629520132976268e+01,-6.459592476620467316e+00,2.490828396589414684e+00
5.783975844929909904e+00,6.420736327450467229e+01,-2.391473966422805741e+00,2.431146221135327412e+00,7.602059991327962507e+00,6.226624923644368437e+01,-5.475361769358848107e+00,1.927521850544553716e+00
7.211566949686581296e+00,5.163650272630081872e+01,-2.505149978319905824e+00,1.642831261389626318e+00,7.301029995663981254e+00,4.970023104006398285e+01,-6.918961838753728166e+00,3.046196735898442753e+00
5.900458241945307769e+00,5.076282543919857915e+01,-2.504455662453551668e+00,2.389069033433168787e+00,7.740362689494244108e+00,4.884533108450284544e+01,-5.591685727023344654e+00,3.139476984040392882e+00
6.864974314176500947e+00,6.225863954037650672e+01,-2.463441557428470041e+00,1.729758831456589041e+00,7.740362689494244108e+00,6.028019362587644991e+01,-6.581814510280149300e+00,2.079719552491471113e+00
7.092952383494736779e+00,4.335680775630443406e+01,-2.505149978319905824e+00,1.923822397041904164e+00,7.301029995663981254e+00,4.166323652372884112e+01,-6.788928706867938700e+00,4.054251437712555806e+00
5.456134336413394514e+00,5.789723979748131910e+01,-2.328827157284916627e+00,2.591494105873565879e+00,7.602059991327962507e+00,5.588972168208536573e+01,-5.224957238523145087e+00,2.444244872806112578e+00
7.089877930027631336e+00,5.364288398589209805e+01,-2.124938736608299905e+00,1.727883616438012249e+00,7.301029995663981254e+00,5.167106250185699423e+01,-6.903066047263466842e+00,2.841226259231075080e+00
6.086482233803466535e+00,5.442144826851826167e+01,-2.806875401645538393e+00,2.078187396970237799e+00,7.602059991327962507e+00,5.243887342928482553e+01,-5.892218536210062751e+00,2.764886448313142342e+00
7.106787779152524465e+00,5.045208647341070929e+01,-2.358525889495900252e+00,1.745800977882806082e+00,7.740362689494244108e+00,4.854172330500207977e+01,-6.796099954938058296e+00,3.173404344935819577e+00
6.269865631073938239e+00,5.387954026902561111e+01,-2.602059991327962507e+00,2.281410280471068308e+00,7.740362689494244108e+00,5.190426298202422117e+01,-6.081053872951272865e+00,2.817857634241525133e+00
6.319522812011673096e+00,6.067603637358790536e+01,-2.301029995663981254e+00,2.127478164290185880e+00,7.740362689494244108e+00,5.867864808623227191e+01,-6.056035711296003043e+00,2.207861616431106455e+00
6.151829424796001256e+00,4.044829878661563782e+01,-2.463441557428470041e+00,1.953386103931771922e+00,7.602059991327962507e+00,3.886647561392729244e+01,-5.858791740826532646e+00,4.488160611570169323e+00
7.344968559709156963e+00,4.024367060716048172e+01,-1.903089986991943539e+00,1.517149172714074234e+00,7.301029995663981254e+00,3.867006807131986079e+01,-7.053016291486655653e+00,4.520523587519025277e+00
6.442745801535539663e+00,5.281068744505579104e+01,-2.391473966422805741e+00,1.966102313743396612e+00,7.602059991327962507e+00,5.085228017811076029e+01,-6.264048808723349460e+00,2.924573949967058439e+00
7.327005140356424917e+00,4.267442464828502580e+01,-2.124938736608299905e+00,1.638113597012122113e+00,7.301029995663981254e+00,4.100613973006585411e+01,-7.025665278180515116e+00,4.151900054963444830e+00
6.511594872051278848e+00,4.203949179034073325e+01,-3.200659450546418316e+00,1.817750510225022875e+00,7.740362689494244108e+00,4.039527576200691783e+01,-6.212441978465069070e+00,4.244812178432862737e+00
6.885822676704466794e+00,4.873065115395568370e+01,-3.026872146400301222e+00,1.561618239498743010e+00,7.740362689494244108e+00,4.686384235037576218e+01,-6.570238666884582912e+00,3.367381583959004221e+00
6.207865129224316547e+00,4.886190686328001931e+01,-2.391473966422805741e+00,1.960091433643732284e+00,7.602059991327962507e+00,4.699154539733126512e+01,-5.892701896759197311e+00,3.352150890449236087e+00
6.195982698945239342e+00,4.839926484829727826e+01,-2.463441557428470041e+00,2.391860154947560879e+00,7.602059991327962507e+00,4.654158805875829330e+01,-5.880468936445411465e+00,3.406109837174448707e+00
7.577481374750846044e+00,6.436183545107465420e+01,-2.204119982655924570e+00,1.639292225362843913e+00,7.301029995663981254e+00,6.242436319947546508e+01,-7.266981031052234918e+00,1.915700815153239756e+00
5.750915709371821727e+00,4.234364315037667836e+01,-2.301029995663981254e+00,2.237321266972820855e+00,7.740362689494244108e+00,4.068783453308986964e+01,-5.450598282086189350e+00,4.200054828492270076e+00
6.433447546300711473e+00,4.124733342025852068e+01,-3.026872146400301222e+00,2.065568596191092343e+00,7.602059991327962507e+00,3.963382701094599270e+01,-6.137153723113630832e+00,4.363957260574268027e+00
6.830600971479128702e+00,4.911642588745158378e+01,-2.425968732272281159e+00,1.511631745246541092e+00,7.301029995663981254e+00,4.723928120281874499e+01,-6.515647353872744851e+00,3.322833770156137234e+00
7.187404503849457171e+00,4.665770096566174630e+01,-3.028028723600243666e+00,1.927065914935324420e+00,7.301029995663981254e+00,4.485164913842763212e+01,-6.874088933516810940e+00,3.616789912569870147e+00
6.625174427273590183e+00,6.181857168816124926e+01,-2.551293680094920191e+00,1.948623293792955957e+00,7.740362689494244108e+00,5.983385768476881594e+01,-6.347232990435339950e+00,2.114960178425557391e+00
6.126443064180696396e+00,6.261563556007652664e+01,-2.328827157284916627e+00,1.942668157345041502e+00,7.602059991327962507e+00,6.064285164058594546e+01,-5.838759888339032145e+00,2.051395107823396735e+00
6.220088015249133129e+00,5.096074545128918487e+01,-2.301029995663981254e+00,1.859641340710705970e+00,7.602059991327962507e+00,4.903883112676567180e+01,-5.913529497626807796e+00,3.118044926975929165e+00
6.520725158946945044e+00,6.272590888988830216e+01,-2.659555885159881505e+00,2.181616820605124296e+00,7.740362689494244108e+00,6.075497929924361529e+01,-6.231747354488691215e+00,2.042706525913619231e+00
5.438326906583335507e+00,4.744212833059253143e+01,-3.026872146400301222e+00,2.690854293165095612e+00,7.602059991327962507e+00,4.561209168015955129e+01,-5.123454439660189763e+00,3.520225407257577821e+00
6.217850048161606580e+00,5.018095494046526284e+01,-2.301029995663981254e+00,1.942565106882193415e+00,7.602059991327962507e+00,4.827700229569362023e+01,-5.905311963833689504e+00,3.203260958876237297e+00
6.890747953106928669e+00,6.218134797032270455e+01,-3.508638306165727361e+00,1.738724926651142644e+00,7.740362689494244108e+00,6.020174451475128308e+01,-6.608254598932259860e+00,2.085890718755687878e+00
6.469300038270553443e+00,6.311034197943422441e+01,-2.504455662453551668e+00,2.039191543582486776e+00,7.740362689494244108e+00,6.114626880873061054e+01,-6.175207133496157574e+00,2.012529980196771984e+00
5.945990676669101305e+00,4.487843056960701915e+01,-2.328827157284916627e+00,2.136398988350160622e+00,7.602059991327962507e+00,4.313084965511225732e+01,-5.636920163916823157e+00,3.846028247691081425e+00
6.369220081975982772e+00,4.790734929155323130e+01,-2.602059991327962507e+00,1.960646789511302890e+00,7.602059991327962507e+00,4.606364797741161965e+01,-6.053736588740286528e+00,3.464334990854866625e+00
7.088712160308959120e+00,4.977806820059529969e+01,-2.725842150736319969e+00,1.508684711979612070e+00,7.740362689494244108e+00,4.788395867390161698e+01,-6.775098632113030206e+00,3.248070046283850321e+00
6.508750450736371818e+00,4.610806166423757446e+01,-2.463441557428470041e+00,2.414730474204777710e+00,7.740362689494244108e+00,4.431949069873340363e+01,-6.196600026789436555e+00,3.686082834468656699e+00
6.224920672901294694e+00,5.832848579641141384e+01,-2.659555885159881505e+00,2.181394223253473985e+00,7.602059991327962507e+00,5.632069484789684566e+01,-5.988304089696301347e+00,2.406568561432439246e+00
7.066130129433039642e+00,4.807259563498929822e+01,-2.301029995663981254e+00,1.669102734948305189e+00,7.740362689494244108e+00,4.622414453599347439e+01,-6.750653490352000574e+00,3.444676656370003087e+00
5.461026294520785918e+00,5.015400317280148101e+01,-2.391473966422805741e+00,2.778579693830046882e+00,7.602059991327962507e+00,4.825069723101012187e+01,-5.148418464914491288e+00,3.206241898022841319e+00
5.910193163777519132e+00,4.312707823164196697e+01,-3.200659450546418316e+00,2.275806079409149696e+00,7.740362689494244108e+00,4.144195016042257862e+01,-5.607281823628896156e+00,4.086873330259047421e+00
7.097479194783202772e+00,5.170918435793062429e+01,-2.425968732272281159e+00,1.512441304125471619e+00,7.301029995663981254e+00,4.977143735209534725e+01,-6.809883689386424521e+00,3.038550565995845609e+00
7.309818057506965339e+00,4.239011898510166532e+01,-2.329058719264224919e+00,1.784678506454175695e+00,7.301029995663981254e+00,4.073254905100890255e+01,-7.009166490802700267e+00,4.193256254650258086e+00
5.858996429769246284e+00,5.224577000265319526e+01,-2.301029995663981254e+00,2.690574988329422546e+00,7.602059991327962507e+00,5.029755583453825807e+01,-5.686464110075380773e+00,2.982580519302587163e+00
7.455519930834071829e+00,6.212436495403761683e+01,-1.903089986991943539e+00,1.681131526503684803e+00,7.301029995663981254e+00,6.014392360502824886e+01,-7.173679032362178631e+00,2.090445356713432457e+00
5.849084749744891454e+00,5.480983799057999306e+01,-3.200659450546418316e+00,2.381827289430737071e+00,7.602059991327962507e+00,5.282257084976595252e+01,-5.650710955487954656e+00,2.727528073483163951e+00
6.442476182778352545e+00,6.433780815035396472e+01,-2.328827157284916627e+00,1.592175821079321762e+00,7.740362689494244108e+00,6.239976274894115704e+01,-6.132576899659397895e+00,1.917537944476383149e+00
7.078054712149252303e+00,5.760152975536628617e+01,-3.028028723600243666e+00,1.629620971264998275e+00,7.301029995663981254e+00,5.559457524450743904e+01,-6.849594803173088664e+00,2.470435313232425045e+00
7.069961426617950018e+00,5.925898766124166173e+01,-2.391473966422805741e+00,1.717325648286921247e+00,7.740362689494244108e+00,5.725287640095592678e+01,-6.823198449743847149e+00,2.326456411022955972e+00
7.076704010804708567e+00,5.844752067087819114e+01,-2.028028723600243666e+00,1.963399180501926855e+00,7.301029995663981254e+00,5.643977044441237467e+01,-6.838731651975674453e+00,2.396233931450205912e+00
6.318006731522597619e+00,4.269596912447849490e+01,-2.301029995663981254e+00,2.114277878319793746e+00,7.602059991327962507e+00,4.102687644974446357e+01,-6.016164010000529139e+00,4.148782346835296231e+00
6.574982865999613679e+00,4.234451749175639179e+01,-2.659555885159881505e+00,1.870404725626177767e+00,7.602059991327962507e+00,4.068867571419872320e+01,-6.274671386976714338e+00,4.199926829215245405e+00
5.685363049639228450e+00,4.887745691352823485e+01,-2.391473966422805741e+00,2.474053763900818659e+00,7.602059991327962507e+00,4.700667700456037323e+01,-5.370249130243379021e+00,3.350350549585499049e+00
5.800706337990074069e+00,4.178849593145519492e+01,-2.358525889495900252e+00,2.571979443771893692e+00,7.602059991327962507e+00,4.015393099452387560e+01,-5.502405809781759416e+00,4.282096502310299257e+00
7.454579411060194616e+00,5.693125047700776520e+01,-2.028028723600243666e+00,1.523044579533961107e+00,7.301029995663981254e+00,5.492668605492184497e+01,-7.233626718930202593e+00,2.530441639048178537e+00
6.146457455464762631e+00,5.758328492778591112e+01,-2.659555885159881505e+00,2.179316897830663180e+00,7.602059991327962507e+00,5.557637512221236875e+01,-5.918686506895809885e+00,2.472056810209458000e+00
7.004963479220491784e+00,4.864605861217252425e+01,-2.425968732272281159e+00,1.802707610369634450e+00,7.301029995663981254e+00,4.678155891191047999e+01,-6.689688089465041010e+00,3.377230158930296433e+00
6.962737084159138057e+00,4.820796743812036311e+01,-2.425968732272281159e+00,1.962691576530644744e+00,7.301029995663981254e+00,4.635566659607709994e+01,-6.647150648124588557e+00,3.428647227366345973e+00
5.423917676428126278e+00,6.428311618536663730e+01,-3.508638306165727361e+00,2.463887594994460084e+00,7.602059991327962507e+00,6.234377535037347684e+01,-5.114650487560299830e+00,1.921721844570380977e+00
6.385806681985821243e+00,4.664467505428677185e+01,-2.301029995663981254e+00,1.960394145735801175e+00,7.740362689494244108e+00,4.483903120381697249e+01,-6.072435308566157097e+00,3.618417973547086497e+00
6.003759635428576935e+00,6.464935421409710159e+01,-3.026872146400301222e+00,2.559094444185304074e+00,7.602059991327962507e+00,6.271893225355711365e+01,-5.689520675942135952e+00,1.893761227000695158e+00
5.984490512115134386e+00,6.263608405945632285e+01,-2.725842150736319969e+00,2.341748914022991457e+00,7.602059991327962507e+00,6.066364022760853913e+01,-5.696186438941314378e+00,2.049782831866186150e+00
6.305572584860792418e+00,5.652134107195617219e+01,-2.391473966422805741e+00,2.229294354537583622e+00,7.602059991327962507e+00,5.451898449509019429e+01,-6.089418721736803874e+00,2.567590274322730792e+00
7.078977471615479189e+00,5.685157832383625021e+01,-2.425968732272281159e+00,1.584345405409957941e+00,7.301029995663981254e+00,5.484739916798542936e+01,-6.858702107514136337e+00,2.537634764117800312e+00
6.690207147377662977e+00,6.162585707314626404e+01,-2.659555885159881505e+00,1.580131713361820456e+00,7.740362689494244108e+00,5.963864318375337348e+01,-6.414868008627037987e+00,2.130473802241616532e+00
7.126683761295750763e+00,5.381171860513476446e+01,-2.725842150736319969e+00,1.498260760747378573e+00,7.740362689494244108e+00,5.183741515759621166e+01,-6.938552793753530956e+00,2.824539871705406657e+00
6.896956750766809918e+00,5.008943163933778209e+01,-2.551293680094920191e+00,1.710257817176242812e+00,7.740362689494244108e+00,4.818768199035611133e+01,-6.584180551207178489e+00,3.213393342011094056e+00
7.523790618033964428e+00,5.343047653917616202e+01,-2.204119982655924570e+00,1.691000855935306024e+00,7.301029995663981254e+00,5.146189358014459003e+01,-7.339005012317620924e+00,2.862324712844232621e+00
6.573567997109337924e+00,4.591156843320823810e+01,-2.903089986991943761e+00,1.942804375677444684e+00,7.740362689494244108e+00,4.412937645728348457e+01,-6.261713887450704341e+00,3.711153637385151693e+00
6.874039791567303048e+00,6.212047293057917585e+01,-2.659555885159881505e+00,1.838744253897839576e+00,7.740362689494244108e+00,6.013997483158885871e+01,-6.592815415339710938e+00,2.090756599390070747e+00
6.577433978171451479e+00,4.599747390372643707e+01,-2.659555885159881505e+00,1.623868529127711735e+00,7.740362689494244108e+00,4.421248482215591480e+01,-6.265376748571291010e+00,3.700173317256940653e+00
7.104549111667558314e+00,4.657081551008109699e+01,-1.903089986991943539e+00,1.870008825143403719e+00,7.301029995663981254e+00,4.476749082626014342e+01,-6.791457400740649852e+00,3.627662283460102888e+00
5.554635913525328483e+00,4.828678700571894922e+01,-3.508638306165727361e+00,2.407038082120591671e+00,7.602059991327962507e+00,4.643226197429351032e+01,-5.239322898329988654e+00,3.419345077746645423e+00
6.416704602811734048e+00,5.788715979485998275e+01,-2.358525889495900252e+00,2.070087015172164868e+00,7.602059991327962507e+00,5.587965587841955539e+01,-6.185526461443272339e+00,2.445134847773995368e+00
7.148041244899598468e+00,4.258516050237177808e+01,-1.903089986991943539e+00,1.964865049173817546e+00,7.301029995663981254e+00,4.092022869259395179e+01,-6.846755862068936160e+00,4.164841816653620299e+00
6.492175983439741671e+00,4.129337050639944806e+01,-2.425968732272281159e+00,2.293469690698764829e+00,7.740362689494244108e+00,3.967805968154530660e+01,-6.196226804130383847e+00,4.356905267765189826e+00
7.001456795277718470e+00,4.373121520006591112e+01,-1.903089986991943539e+00,2.136774546590558987e+00,7.301029995663981254e+00,4.202404024862212850e+01,-6.695909663963560021e+00,4.002006178127705205e+00
5.997139196377065495e+00,4.691834437232724042e+01,-2.328827157284916627e+00,2.389769572839630651e+00,7.602059991327962507e+00,4.510419476732934640e+01,-5.683132848622648226e+00,3.584355481762097284e+00
6.665120935175266936e+00,4.401295945738272763e+01,-2.391473966422805741e+00,1.905428899492747297e+00,7.740362689494244108e+00,4.229567929721730479e+01,-6.358715445719394843e+00,3.963148084078205624e+00
6.609706954479853458e+00,5.078178241097982948e+01,-2.358525889495900252e+00,1.694055343520626256e+00,7.740362689494244108e+00,4.886386056390225008e+01,-6.300978670248262858e+00,3.137417159255477372e+00
5.435214844995649663e+00,5.193018323434723982e+01,-3.508638306165727361e+00,2.257488503683473091e+00,7.602059991327962507e+00,4.998803409783167240e+01,-5.265302353773583022e+00,3.015396956175435239e+00
7.054496983170286839e+00,5.814801319262124935e+01,-3.026872146400301222e+00,1.614111582048014748e+00,7.740362689494244108e+00,5.614025657023233862e+01,-6.819916153370846779e+00,2.422286746986254791e+00
6.339789016795299936e+00,6.142570940630374565e+01,-3.200659450546418316e+00,1.860976597202823157e+00,7.740362689494244108e+00,5.943605593075056959e+01,-6.067064798182789431e+00,2.146639280969603547e+00
7.094473799021004723e+00,5.045268994990570377e+01,-2.425968732272281159e+00,1.723166571645630141e+00,7.301029995663981254e+00,4.854231270759237304e+01,-6.783787463276213181e+00,3.173338156034625879e+00
6.066667836976850303e+00,4.112987304228153107e+01,-2.551293680094920191e+00,2.319589907083407176e+00,7.602059991327962507e+00,3.952098112438326893e+01,-5.770826845586833898e+00,4.382000953860247350e+00
6.753285760580030050e+00,4.598606391994723452e+01,-1.903089986991943539e+00,1.961477885806398591e+00,7.301029995663981254e+00,4.420144561431808938e+01,-6.441175572673703442e+00,3.701629974780407117e+00
5.832933312097186018e+00,4.698616465085728322e+01,-2.504455662453551668e+00,2.219423012536536621e+00,7.602059991327962507e+00,4.516992866880784163e+01,-5.518612189666627366e+00,3.575960207063367591e+00
6.210107673403236994e+00,5.433080755955251817e+01,-2.463441557428470041e+00,2.164349929980473597e+00,7.602059991327962507e+00,5.234939292278829726e+01,-6.016501879151615384e+00,2.773694904071242640e+00
6.466798380893132858e+00,4.732864534186884953e+01,-3.200659450546418316e+00,1.947928387310470910e+00,7.740362689494244108e+00,4.550200627911743823e+01,-6.152074599189639947e+00,3.533982493393752478e+00
7.081135227839265411e+00,4.125089914532001245e+01,-2.028028723600243666e+00,1.817155526000817201e+00,7.301029995663981254e+00,3.963725289366084326e+01,-6.784868147194907273e+00,4.363410658418211518e+00
6.146405878532157807e+00,4.851924541679775160e+01,-2.391473966422805741e+00,2.254955797882653101e+00,7.602059991327962507e+00,4.665823565493042224e+01,-5.830711099314542345e+00,3.392042330236576753e+00
6.453347579835623016e+00,4.596612667190272106e+01,-2.391473966422805741e+00,1.833980803929254888e+00,7.740362689494244108e+00,4.418215678417658410e+01,-6.141144683010794303e+00,3.704176553539649142e+00
7.446002968955567347e+00,4.815783304691766631e+01,-2.425968732272281159e+00,1.505760638563137466e+00,7.301029995663981254e+00,4.630695357460430728e+01,-7.130827528684092975e+00,3.434575822519826183e+00
6.913327715734875589e+00,5.996357930596570895e+01,-3.508638306165727361e+00,1.607904698680022282e+00,7.740362689494244108e+00,5.796085678502942073e+01,-6.657849466981723197e+00,2.267022844020514682e+00
6.514435393219624615e+00,5.462850101412953308e+01,-2.463441557428470041e+00,1.776666307085665197e+00,7.740362689494244108e+00,5.264336807901474913e+01,-6.318128950929104093e+00,2.744886274921534142e+00
6.762224325067210273e+00,6.194382022789331188e+01,-3.028028723600243666e+00,1.934109260712617573e+00,7.301029995663981254e+00,5.996081072363011799e+01,-6.482965819392764395e+00,2.104904309368137216e+00
6.491865774861812710e+00,4.890968090282415659e+01,-2.463441557428470041e+00,2.087352973703536563e+00,7.602059991327962507e+00,4.703803552082914052e+01,-6.176270347756431356e+00,3.346622478251799038e+00
6.491718702656326556e+00,6.425918442726828061e+01,-2.725842150736319969e+00,1.687812586740476961e+00,7.740362689494244108e+00,6.231928076021645779e+01,-6.182475108532081265e+00,1.923553550846105686e+00
5.777740038693430336e+00,5.727921621571111643e+01,-2.425968732272281159e+00,2.625391811418838817e+00,7.602059991327962507e+00,5.527321995662060772e+01,-5.553382377062185959e+00,2.499177671816675605e+00
5.645480636290482579e+00,5.595075966720207106e+01,-2.391473966422805741e+00,2.293956322661626857e+00,7.602059991327962507e+00,5.395239669186091191e+01,-5.435492321466461441e+00,2.620082515896769770e+00
5.927904841592899210e+00,5.594415704374326737e+01,-3.508638306165727361e+00,2.532517613294794412e+00,7.602059991327962507e+00,5.394584645845912974e+01,-5.717912668249559793e+00,2.620695768421502869e+00
6.635279536599767880e+00,5.989747472404038575e+01,-2.725842150736319969e+00,1.868278563620909827e+00,7.740362689494244108e+00,5.789435523700666408e+01,-6.381124455630525993e+00,2.272552315148325786e+00
7.503738185135664374e+00,5.317333018572211500e+01,-2.425968732272281159e+00,1.479063990614823743e+00,7.301029995663981254e+00,5.120883891639218177e+01,-7.321687266917064285e+00,2.888026493627337210e+00
6.220420242945777112e+00,5.733433063005531238e+01,-2.806875401645538393e+00,2.020414980578537190e+00,7.602059991327962507e+00,5.532814528391324416e+01,-5.995378118639761666e+00,2.494248186556797364e+00
6.022499272970054385e+00,5.993517981955484686e+01,-2.602059991327962507e+00,2.204272582706514605e+00,7.740362689494244108e+00,5.793228473513488552e+01,-5.767680746812647641e+00,2.269397531569510740e+00
7.259835450041763671e+00,4.124965727602234722e+01,-2.505149978319905824e+00,1.876584069537746258e+00,7.301029995663981254e+00,3.963605972699437530e+01,-6.963559056444226236e+00,4.363601021135879776e+00
6.895854207028649263e+00,4.791248915583962997e+01,-2.358525889495900252e+00,1.774873209292785692e+00,7.740362689494244108e+00,4.606863927314537932e+01,-6.580389397977428168e+00,3.463722011558060032e+00
6.075599386884216635e+00,4.682747878696227417e+01,-2.504455662453551668e+00,2.400843771618397238e+00,7.602059991327962507e+00,4.501613796043386628e+01,-5.761809780567152650e+00,3.595632056025359180e+00
5.624326650840774100e+00,4.212916019196192963e+01,-2.903089986991943761e+00,2.304670729005813268e+00,7.602059991327962507e+00,4.048151469332947272e+01,-5.324490347926746026e+00,4.231569025486628277e+00
7.451379554433012586e+00,5.996636093827830649e+01,-2.505149978319905824e+00,1.582492600910485381e+00,7.301029995663981254e+00,5.796365548318104288e+01,-7.195900406844740083e+00,2.266790320522015900e+00
6.332464808903666587e+00,6.417305458167628274e+01,-3.026872146400301222e+00,2.182204550152124778e+00,7.602059991327962507e+00,6.223114550111117182e+01,-6.024463655266914408e+00,1.930150593697257166e+00
6.367306527668186611e+00,5.448475903148855082e+01,-3.508638306165727361e+00,1.903651521327471619e+00,7.740362689494244108e+00,5.250138835502627899e+01,-6.172356345746957906e+00,2.758746071260618660e+00
6.809278478644668731e+00,4.217285965426927419e+01,-2.328827157284916627e+00,1.780699100891725450e+00,7.740362689494244108e+00,4.052354637489929701e+01,-6.509744782722814094e+00,4.225129613944238471e+00
6.423764069568322910e+00,4.235838857485049402e+01,-2.504455662453551668e+00,2.026586024729916780e+00,7.602059991327962507e+00,4.070202085040168072e+01,-6.123546893156048831e+00,4.197896678658036507e+00
6.102279010316325802e+00,5.876471944735698827e+01,-2.725842150736319969e+00,1.946670476618538759e+00,7.740362689494244108e+00,5.675732564218975540e+01,-5.860920699819859081e+00,2.368819653460314090e+00
7.426647596414506225e+00,6.078340184696506299e+01,-2.425968732272281159e+00,1.640269038992529405e+00,7.301029995663981254e+00,5.878698662777762252e+01,-7.161835541498034807e+00,2.199013479346674682e+00
6.385410274158492605e+00,6.453554913262682646e+01,-2.328827157284916627e+00,2.126215535893154485e+00,7.602059991327962507e+00,6.260229415455538060e+01,-6.072433928469442854e+00,1.902435640388391302e+00
6.963947870440602372e+00,4.540185792753521099e+01,-3.508638306165727361e+00,1.681489916460410461e+00,7.740362689494244108e+00,4.363652111935130051e+01,-6.653272420795343756e+00,3.776934262329745717e+00
6.365437875904245146e+00,4.109964621991295530e+01,-2.903089986991943761e+00,2.170046174659241434e+00,7.602059991327962507e+00,3.949194423683837840e+01,-6.070038294166547388e+00,4.386656137458246008e+00
6.800548269808155410e+00,5.587379376071891812e+01,-2.425968732272281159e+00,1.686369080535681686e+00,7.301029995663981254e+00,5.387605018101288579e+01,-6.591237467062405209e+00,2.627237164861930374e+00
7.169530870351575658e+00,6.181415205251863654e+01,-2.505149978319905824e+00,1.560383268550804337e+00,7.301029995663981254e+00,5.982937905276133961e+01,-6.891592265299348874e+00,2.115315401317647392e+00
6.685900776641423349e+00,4.225326465264166842e+01,-3.508638306165727361e+00,1.937145287040245467e+00,7.740362689494244108e+00,4.060088886513477746e+01,-6.385616527989801838e+00,4.213306293157973670e+00
7.494324170604648394e+00,4.695959424350731837e+01,-2.124938736608299905e+00,1.527337163471092163e+00,7.301029995663981254e+00,4.514417462955401561e+01,-7.180488256101654976e+00,3.579247111362691580e+00
6.351923516422629312e+00,5.298286096662236844e+01,-2.725842150736319969e+00,2.189508931077957410e+00,7.740362689494244108e+00,5.102151977663507409e+01,-6.171926909349488177e+00,2.907177828113546969e+00
6.049692676842076011e+00,4.343213565844334312e+01,-3.200659450546418316e+00,2.350176773476966741e+00,7.602059991327962507e+00,4.173581170127079076e+01,-5.745497989073808043e+00,4.043654642860555981e+00
6.386196178288991554e+00,5.907137431698404839e+01,-2.358525889495900252e+00,2.159150937441150386e+00,7.602059991327962507e+00,5.706467110492241090e+01,-6.141458439999542662e+00,2.342486466013204982e+00
6.645154629780313016e+00,5.705278322847310335e+01,-2.391473966422805741e+00,1.724140765120550034e+00,7.740362689494244108e+00,5.504767219781160748e+01,-6.422834814542643933e+00,2.519494235388959336e+00
6.787533261803065265e+00,6.457262962603871870e+01,-2.124938736608299905e+00,1.859660656615744978e+00,7.301029995663981254e+00,6.264029160624860992e+01,-6.473945733790161583e+00,1.899607922270849958e+00
6.961777802086743350e+00,6.355602412392106260e+01,-2.726998727936262412e+00,1.981982128096374085e+00,7.301029995663981254e+00,6.160066823187381146e+01,-6.661956842276269164e+00,1.977759991753673896e+00
6.318098251260895637e+00,4.370345621216917920e+01,-3.508638306165727361e+00,2.262400670907096956e+00,7.740362689494244108e+00,4.199728306673506495e+01,-6.013015638380041494e+00,4.005854388743674832e+00
6.688546181569694049e+00,6.133625003509720841e+01,-2.028028723600243666e+00,1.968327905963249469e+00,7.301029995663981254e+00,5.934555753579783755e+01,-6.416499269014195761e+00,2.153882575627539264e+00
6.573263965653572960e+00,5.203308117276017697e+01,-2.602059991327962507e+00,1.678563129157755185e+00,7.740362689494244108e+00,5.008892574695917688e+01,-6.402742016797871472e+00,3.004665330737883444e+00
7.192608113584072704e+00,4.668546865678261781e+01,-2.028028723600243666e+00,2.030043210400714671e+00,7.301029995663981254e+00,4.487854817108649286e+01,-6.878814230001695229e+00,3.613321599699406139e+00
6.963666775084431215e+00,4.449672833290481577e+01,-3.026872146400301222e+00,1.622109247537161680e+00,7.740362689494244108e+00,4.276237016068006369e+01,-6.655628974798617037e+00,3.897268200516786241e+00
5.815846395522306089e+00,5.522675412761574876e+01,-2.504455662453551668e+00,2.567272651946410189e+00,7.602059991327962507e+00,5.323496123506893696e+01,-5.613385942761259351e+00,2.687915841214314927e+00
7.245206826316475279e+00,4.658879083681229361e+01,-2.726998727936262412e+00,1.965470646458114201e+00,7.301029995663981254e+00,4.478490081828209668e+01,-6.931595016963760791e+00,3.625410462121616550e+00
6.553770797970811302e+00,5.493880847819285407e+01,-2.391473966422805741e+00,2.212894449753858961e+00,7.740362689494244108e+00,5.295008430015732870e+01,-6.354026722358709911e+00,2.715230404010848364e+00
6.840004479504113277e+00,6.031406073455671191e+01,-2.725842150736319969e+00,1.740773820481573475e+00,7.740362689494244108e+00,5.831371967820859936e+01,-6.580518289177812896e+00,2.237821270023544251e+00
6.745281162634565675e+00,4.844526388147382079e+01,-2.391473966422805741e+00,1.914060750324799942e+00,7.740362689494244108e+00,4.658630571834319767e+01,-6.429923066361552308e+00,3.400710376234012511e+00
6.310531424278105206e+00,6.111449753657427664e+01,-3.026872146400301222e+00,2.151056722116392983e+00,7.602059991327962507e+00,5.912136567953211852e+01,-6.041750205840939358e+00,2.171885554052767731e+00
7.286183557670776523e+00,5.076786684075359801e+01,-2.204119982655924570e+00,1.833336737286656026e+00,7.301029995663981254e+00,4.885025871374443796e+01,-6.977422819868357884e+00,3.138929084815913928e+00
7.421989661429645224e+00,5.529461701085537584e+01,-2.505149978319905824e+00,1.643879604976627995e+00,7.301029995663981254e+00,5.330213825423763296e+01,-7.218846346544718351e+00,2.681506606895672107e+00
7.236474568196107349e+00,5.279144779832061829e+01,-2.204119982655924570e+00,1.685526785320867083e+00,7.301029995663981254e+00,5.083337344675925351e+01,-7.058530804163664740e+00,2.926522903161723921e+00
6.294996467303190180e+00,6.268800366845437111e+01,-3.200659450546418316e+00,1.917459140502191461e+00,7.740362689494244108e+00,6.071643104133784163e+01,-6.006048043250774349e+00,2.045691471120942406e+00
6.344968494019337157e+00,5.700004884208372857e+01,-3.026872146400301222e+00,2.284506444347045306e+00,7.602059991327962507e+00,5.499516888275320525e+01,-6.123334652128050948e+00,2.524240726140080326e+00
6.442640846674380306e+00,6.364011844625413516e+01,-2.504455662453551668e+00,2.119389226221346512e+00,7.602059991327962507e+00,6.168650062604007189e+01,-6.141565746283687233e+00,1.971224434617142141e+00
5.241303629171185641e+00,6.151587023921531738e+01,-2.806875401645538393e+00,2.533306302166173030e+00,7.602059991327962507e+00,5.952729602228833983e+01,-4.967276850759196449e+00,2.139350389614034675e+00
6.425073154904072048e+00,6.187981012203046305e+01,-2.725842150736319969e+00,1.648630224899714669e+00,7.740362689494244108e+00,5.989592163638957345e+01,-6.146473952550836728e+00,2.110040899502217737e+00
6.268980743487881924e+00,4.854673039232682186e+01,-2.903089986991943761e+00,1.558410999832777089e+00,7.740362689494244108e+00,4.668496136099824412e+01,-5.953377513537328802e+00,3.388827087431827145e+00
6.374456795626578298e+00,4.478922005429653552e+01,-2.551293680094920191e+00,1.793293528104571877e+00,7.740362689494244108e+00,4.304470915780819951e+01,-6.065529409924999449e+00,3.857945988780770996e+00
7.431912337721191975e+00,6.006207282834735395e+01,-2.204119982655924570e+00,1.651841999592254195e+00,7.301029995663981254e+00,5.805997241699878941e+01,-7.175751729732125384e+00,2.258797003902147882e+00
5.815504078511059660e+00,5.944874296416880100e+01,-2.602059991327962507e+00,2.275735730692396430e+00,7.602059991327962507e+00,5.744336236653015249e+01,-5.566057955061077145e+00,2.310304687149510983e+00
6.182444916345012587e+00,4.796864117265903360e+01,-2.391473966422805741e+00,1.922358460920402523e+00,7.602059991327962507e+00,4.612317167019261888e+01,-5.867183373276563252e+00,3.457031704749598866e+00
6.516868954490585786e+00,5.147624012035875296e+01,-3.026872146400301222e+00,1.988243390271956734e+00,7.740362689494244108e+00,4.954326927417733373e+01,-6.218530216220244711e+00,3.063111956014866077e+00
6.927437030290474418e+00,6.359238252517827306e+01,-2.124938736608299905e+00,1.576894756597225777e+00,7.301029995663981254e+00,6.163777444677856465e+01,-6.626993829787635626e+00,1.974933364457117646e+00
7.413704053673880523e+00,4.588556793809459577e+01,-2.204119982655924570e+00,1.677724320330719721e+00,7.301029995663981254e+00,4.410422505888649880e+01,-7.101727927818621389e+00,3.714482987041598072e+00
6.287886889755671227e+00,4.566935433532980682e+01,-2.425968732272281159e+00,2.083803060439540999e+00,7.602059991327962507e+00,4.389511717265216362e+01,-5.976697440587183330e+00,3.742277507607556952e+00
6.358523624902834293e+00,4.052204377124906642e+01,-2.659555885159881505e+00,1.760113924164007138e+00,7.740362689494244108e+00,3.893726837370095950e+01,-6.065393221245861000e+00,4.476553355694520064e+00
6.219057314070322029e+00,6.105603612374888911e+01,-2.301029995663981254e+00,2.282461408982254802e+00,7.602059991327962507e+00,5.906229337326334417e+01,-5.950938301983565104e+00,2.176643313368807231e+00
6.670919620299958552e+00,4.923468353894330107e+01,-2.725842150736319969e+00,1.859185687834482126e+00,7.740362689494244108e+00,4.735443519278965141e+01,-6.355741671941727233e+00,3.309362119905470578e+00
6.309461311332142053e+00,5.322180994915548524e+01,-2.301029995663981254e+00,2.111057471746856873e+00,7.602059991327962507e+00,5.125653305168586371e+01,-6.127479297344477160e+00,2.883167481178392944e+00
6.254268021372212161e+00,4.886607358870391238e+01,-2.806875401645538393e+00,2.125527393463632286e+00,7.602059991327962507e+00,4.699559994756336323e+01,-5.939118013753554415e+00,3.351668394556406305e+00
6.452682537721777578e+00,6.156374559936634228e+01,-3.026872146400301222e+00,2.098232276088033199e+00,7.602059991327962507e+00,5.957575759225125012e+01,-6.178003654158993996e+00,2.135484533027554477e+00
6.774926969081210615e+00,5.119020978511354514e+01,-2.726998727936262412e+00,1.835179200878817696e+00,7.301029995663981254e+00,4.926329181667611579e+01,-6.471232624197757133e+00,3.093492885175346263e+00
6.751707978762520490e+00,6.367197056828624113e+01,-2.204119982655924570e+00,1.904917655845983049e+00,7.301029995663981254e+00,6.171901883532336797e+01,-6.450604000631377843e+00,1.968751025477047056e+00
5.747142567452833362e+00,4.510440915710513821e+01,-2.504455662453551668e+00,2.577475105195324634e+00,7.602059991327962507e+00,4.334910818045872816e+01,-5.437406742346873934e+00,3.815996445771539403e+00
6.817284220032392206e+00,4.814113672560910118e+01,-2.551293680094920191e+00,1.663694349319257970e+00,7.740362689494244108e+00,4.629073175598901457e+01,-6.502050061951110571e+00,3.436552274813550412e+00
6.339609693725815731e+00,4.106817888155234186e+01,-2.425968732272281159e+00,2.098993592375152595e+00,7.740362689494244108e+00,3.946171673060337071e+01,-6.043970758630902829e+00,4.391507549234085594e+00
6.507057932509732190e+00,4.446007210308472679e+01,-2.725842150736319969e+00,1.929189496972749440e+00,7.740362689494244108e+00,4.272699561539073443e+01,-6.199438378939154504e+00,3.902223143783064785e+00
7.372149341971770298e+00,5.608587545181977418e+01,-3.028028723600243666e+00,1.755925104846827622e+00,7.301029995663981254e+00,5.408647120104012629e+01,-7.160794578037247504e+00,2.607554226619372972e+00
5.454356562875797287e+00,5.802632134286345433e+01,-2.602059991327962507e+00,2.307020475076640764e+00,7.602059991327962507e+00,5.601865285600769084e+01,-5.221134157982201707e+00,2.432919461367312408e+00
6.096994444040851668e+00,6.321058147160641028e+01,-3.026872146400301222e+00,2.223024038574799466e+00,7.602059991327962507e+00,6.124839671025466714e+01,-5.801624282893970808e+00,2.004690013876466281e+00
6.931602045232935438e+00,4.280735986772524626e+01,-2.204119982655924570e+00,1.818613986841034924e+00,7.301029995663981254e+00,4.113410048303609301e+01,-6.629844880676951213e+00,4.132699273927137540e+00
7.322202318388101538e+00,6.270925889802388298e+01,-3.028028723600243666e+00,1.758640303377109415e+00,7.301029995663981254e+00,6.073804612435222339e+01,-7.033237444978275299e+00,2.044017459580653284e+00
7.369097026682339902e+00,6.009613897071521649e+01,-2.329058719264224919e+00,1.534003075552771600e+00,7.301029995663981254e+00,5.809426228495399869e+01,-7.112276003718338124e+00,2.255955486481255434e+00
6.767948179349929205e+00,5.778153704019150894e+01,-2.551293680094920191e+00,1.909222311137334982e+00,7.740362689494244108e+00,5.577420323655678658e+01,-6.537445436740509486e+00,2.454472198344533673e+00
6.377341071791022387e+00,6.117948680140798956e+01,-3.026872146400301222e+00,1.931928346595852553e+00,7.602059991327962507e+00,5.918704979670891930e+01,-6.107264616436876459e+00,2.166602229211394448e+00
5.787692139858082285e+00,4.829402179567781417e+01,-2.602059991327962507e+00,2.321711850631256180e+00,7.602059991327962507e+00,4.643929324905207068e+01,-5.472404070119678110e+00,3.418492376339156813e+00
6.991523550722548386e+00,6.198768573457142850e+01,-2.463441557428470041e+00,1.689372404243809855e+00,7.740362689494244108e+00,6.000528810624825837e+01,-6.711619458314983966e+00,2.101387388838532377e+00
6.815876022225178410e+00,6.082346968911839724e+01,-2.425968732272281159e+00,1.848922133320523686e+00,7.301029995663981254e+00,5.882742907397988574e+01,-6.550408656009156338e+00,2.195715850495647992e+00
6.425373737134322027e+00,5.524623256322760767e+01,-2.301029995663981254e+00,1.786859806460095124e+00,7.740362689494244108e+00,5.325424134383786168e+01,-6.222193049725823322e+00,2.686075126292746695e+00
6.497803163076086186e+00,4.829351426033637296e+01,-2.505149978319905824e+00,1.938837520629735245e+00,7.301029995663981254e+00,4.643879998719384616e+01,-6.182513344192933857e+00,3.418552188868002606e+00
6.698855276039758166e+00,5.048479146763183678e+01,-2.725842150736319969e+00,1.805977155189618655e+00,7.740362689494244108e+00,4.857366682650240364e+01,-6.388247897370408879e+00,3.169818971418980613e+00
5.940535362098287919e+00,6.334573528340764881e+01,-2.806875401645538393e+00,2.654405389282699090e+00,7.602059991327962507e+00,6.138616291710309270e+01,-5.643266007669727635e+00,1.994137592872929021e+00
6.770220028034858117e+00,5.580148750899010679e+01,-2.358525889495900252e+00,1.856278022439310726e+00,7.740362689494244108e+00,5.380434311018746030e+01,-6.561589247443961881e+00,2.633970742907253637e+00
6.120849476726571758e+00,4.178624452107783327e+01,-2.903089986991943761e+00,2.313414590788034797e+00,7.602059991327962507e+00,4.015176649269005793e+01,-5.822532839069610056e+00,4.282432375755317544e+00
5.816891941008069722e+00,5.878619811972760800e+01,-2.725842150736319969e+00,2.626052085625837584e+00,7.602059991327962507e+00,5.677884155867502614e+01,-5.575531733805260792e+00,2.366969834450905807e+00
6.138870097877186183e+00,4.631931565188207855e+01,-2.659555885159881505e+00,2.085474850549880355e+00,7.740362689494244108e+00,4.452396200472350074e+01,-5.825871215088350041e+00,3.659305114675198922e+00
6.369331974856973666e+00,6.101865329810832606e+01,-2.903089986991943761e+00,2.020447670322214950e+00,7.740362689494244108e+00,5.902452693532990224e+01,-6.101232167078596724e+00,2.179688188230421986e+00
6.893641884782503837e+00,4.644432499866997688e+01,-2.391473966422805741e+00,1.795259200411144729e+00,7.740362689494244108e+00,4.464499507614445406e+01,-6.580597179435305755e+00,3.643544916492800212e+00
6.722971890028803799e+00,4.120186580238875962e+01,-2.028028723600243666e+00,2.091182173357734708e+00,7.301029995663981254e+00,3.959014380228862251e+01,-6.427005006778961693e+00,4.370933069147840300e+00
6.129312011839000540e+00,4.776594259248612673e+01,-2.725842150736319969e+00,2.007072675777130666e+00,7.602059991327962507e+00,4.592634940840596869e+01,-5.813897391411305904e+00,3.481237611521449615e+00
5.904081522776647439e+00,4.668133630959188451e+01,-2.504455662453551668e+00,2.684862765963409004e+00,7.602059991327962507e+00,4.487454500690068926e+01,-5.590270007102886574e+00,3.613837553390044199e+00
6.066684990693556045e+00,5.481927322501671540e+01,-2.463441557428470041e+00,2.178634080433066611e+00,7.740362689494244108e+00,5.283189776982899843e+01,-5.868319739353601072e+00,2.726627056564575824e+00
6.984252601818934814e+00,5.190242910594118086e+01,-3.200659450546418316e+00,1.489632772204129152e+00,7.740362689494244108e+00,4.996082585071007998e+01,-6.814287887197032489e+00,3.018296831963971805e+00
6.314929847184253653e+00,4.339710772939016437e+01,-2.504455662453551668e+00,2.132196916229049943e+00,7.602059991327962507e+00,4.170206282853257562e+01,-6.010520078821148360e+00,4.048559571995653528e+00
6.134159550559710183e+00,6.459891082935376971e+01,-3.200659450546418316e+00,2.235211593845603861e+00,7.602059991327962507e+00,6.266722628790591898e+01,-5.820545090021946422e+00,1.897604556051315283e+00
5.698597348323113820e+00,6.385762942864198521e+01,-2.301029995663981254e+00,2.530329137080067792e+00,7.602059991327962507e+00,6.190864526006407687e+01,-5.394974844061773744e+00,1.954375054106345155e+00
6.307586549495525219e+00,6.399328076230192863e+01,-3.508638306165727361e+00,2.277268471432656316e+00,7.602059991327962507e+00,6.204728757798523020e+01,-6.002083908567306558e+00,1.943944535759473125e+00
5.856793797188093009e+00,5.850237422273821153e+01,-2.301029995663981254e+00,2.049740643134748463e+00,7.602059991327962507e+00,5.649465979269740501e+01,-5.618144134230493414e+00,2.391480203407212901e+00
6.577798886936761846e+00,5.787888536250667926e+01,-2.358525889495900252e+00,1.793292293181561137e+00,7.740362689494244108e+00,5.587139336707079451e+01,-6.346619871825776471e+00,2.445865553156989947e+00
6.403127289977661007e+00,4.245743114958570175e+01,-3.200659450546418316e+00,2.011589541638007184e+00,7.740362689494244108e+00,4.079731506367883753e+01,-6.102281605353577554e+00,4.183428688575931531e+00
6.779565142875693340e+00,6.044788484370759818e+01,-2.725842150736319969e+00,1.535195687538705833e+00,7.740362689494244108e+00,5.844857673319643254e+01,-6.518738714779353849e+00,2.226721705548026620e+00
6.522859153833412194e+00,4.123826854994153734e+01,-3.508638306165727361e+00,2.127211603071682777e+00,7.740362689494244108e+00,3.962511771480203038e+01,-6.226497308268391428e+00,4.365347149497146972e+00
6.041762357775956715e+00,6.076661520843321540e+01,-2.903089986991943761e+00,2.585765630443103369e+00,7.602059991327962507e+00,5.877004490074276077e+01,-5.776958173065568580e+00,2.200395750724383426e+00
7.092280901425457529e+00,5.536613314864360547e+01,-2.358525889495900252e+00,1.737207542313902398e+00,7.740362689494244108e+00,5.337294713853273720e+01,-6.888457377343546462e+00,2.674763906878212971e+00
6.492439475348809275e+00,5.329907960211686202e+01,-3.200659450546418316e+00,1.670510480709275436e+00,7.740362689494244108e+00,5.133256415686747687e+01,-6.309017343655688670e+00,2.875435885241223843e+00
6.596074543652616917e+00,4.223270727745102704e+01,-2.425968732272281159e+00,2.004036913922196739e+00,7.740362689494244108e+00,4.058111373145385414e+01,-6.296300737769746192e+00,4.216326128555500929e+00
6.300677265339811761e+00,5.812003345280182032e+01,-2.328827157284916627e+00,2.244156630708972422e+00,7.602059991327962507e+00,5.611229247335995751e+01,-6.066777368782858559e+00,2.424729014260835314e+00
6.410210828054525578e+00,5.994473322485636402e+01,-2.301029995663981254e+00,2.252349082831670124e+00,7.602059991327962507e+00,5.794189584967602968e+01,-6.155389259557970227e+00,2.268598558573001522e+00
6.115782262555670812e+00,6.000418964760181240e+01,-3.508638306165727361e+00,1.951856784199734740e+00,7.740362689494244108e+00,5.800171918296828721e+01,-5.860290748034901576e+00,2.263629345591312791e+00
7.503693743370416058e+00,4.563085216842883796e+01,-2.726998727936262412e+00,1.693714374750399987e+00,7.301029995663981254e+00,4.385788868730378454e+01,-7.192318287591044523e+00,3.747247395751609034e+00
5.499269561413470342e+00,6.001858767195264477e+01,-3.200659450546418316e+00,2.388276118112935720e+00,7.602059991327962507e+00,5.801620806973807021e+01,-5.243123614607147154e+00,2.262426840026095842e+00
7.252649445910500425e+00,4.294925797684447133e+01,-2.329058719264224919e+00,1.463900506984413763e+00,7.301029995663981254e+00,4.127071424988810122e+01,-6.949884419269190872e+00,4.112299300138888114e+00
5.930647798598325693e+00,5.156658790825362360e+01,-2.463441557428470041e+00,2.323754146756164651e+00,7.602059991327962507e+00,4.963174815902996784e+01,-5.634888863497959477e+00,3.053566621426863748e+00
6.615505729843259353e+00,5.374506670335493652e+01,-2.425968732272281159e+00,1.503044063445945211e+00,7.740362689494244108e+00,5.177173326453097957e+01,-6.428056852578467151e+00,2.831118428776341567e+00
6.256570038199654959e+00,4.216659321439779973e+01,-2.425968732272281159e+00,2.467484198915597560e+00,7.602059991327962507e+00,4.051751894866930570e+01,-5.956993022902511647e+00,4.226052430414875438e+00
6.255047966891692290e+00,6.154056918478363514e+01,-2.504455662453551668e+00,2.156411047824900340e+00,7.602059991327962507e+00,5.955229625596601295e+01,-5.981006497074520034e+00,2.137355598262086431e+00
6.638319578670919263e+00,5.075049040397570366e+01,-2.358525889495900252e+00,1.764228863683594772e+00,7.740362689494244108e+00,4.883327468193738241e+01,-6.329518203944697774e+00,3.140817894584582604e+00
7.004429168963797636e+00,5.453788289407505374e+01,-2.551293680094920191e+00,1.740784543306959531e+00,7.740362689494244108e+00,5.255385369353388114e+01,-6.808782514443204370e+00,2.753601384122466023e+00
6.672355773313439542e+00,4.684425426316951757e+01,-2.391473966422805741e+00,2.039984367878940219e+00,7.740362689494244108e+00,4.503239372863734502e+01,-6.358636389486956197e+00,3.593547721642345039e+00
6.836941781722301492e+00,4.310978134794234506e+01,-2.463441557428470041e+00,1.850922547994765965e+00,7.740362689494244108e+00,4.142529188539023721e+01,-6.533921097215472429e+00,4.089339824613719365e+00
6.919050158794574301e+00,6.211068338614791173e+01,-2.659555885159881505e+00,1.731044534833357629e+00,7.740362689494244108e+00,6.013004281564701614e+01,-6.637832509145208171e+00,2.091539550489384336e+00
7.000781924229652731e+00,4.489408354628365316e+01,-2.124938736608299905e+00,2.046182349985597781e+00,7.301029995663981254e+00,4.314596525908632429e+01,-6.691793834239868843e+00,3.843940774100724322e+00
5.890328809775802199e+00,4.752068377089648976e+01,-2.504455662453551668e+00,2.120203478924274521e+00,7.602059991327962507e+00,4.568830986924231752e+01,-5.575168384203256444e+00,3.510730979463511758e+00
6.017058971377030829e+00,6.028366561332825313e+01,-2.806875401645538393e+00,2.206143041623108925e+00,7.602059991327962507e+00,5.828309950254032401e+01,-5.758229300964807784e+00,2.240346139275427362e+00
6.877449847126261062e+00,4.141338015005841555e+01,-3.026872146400301222e+00,1.688011494853024042e+00,7.740362689494244108e+00,3.979337673701047606e+01,-6.580392856685693737e+00,4.338574904010353173e+00
7.037264051233875328e+00,4.144247051764783407e+01,-3.200659450546418316e+00,1.604992896463012686e+00,7.740362689494244108e+00,3.982133206840660478e+01,-6.740421892676420335e+00,4.334143087729350086e+00
6.602391887033234319e+00,4.173105054413157688e+01,-2.463441557428470041e+00,2.002459423033640107e+00,7.740362689494244108e+00,4.009870496929559636e+01,-6.304338832908571000e+00,4.290674422668266708e+00
5.835475586297395267e+00,5.497009036328354625e+01,-2.301029995663981254e+00,2.356516266918303071e+00,7.602059991327962507e+00,5.298102044512972952e+01,-5.635758539667387268e+00,2.712253546664757486e+00
7.376683857089158636e+00,5.590715749322863104e+01,-2.425968732272281159e+00,1.557052473129711734e+00,7.301029995663981254e+00,5.390914308003470978e+01,-7.166669843878270107e+00,2.624134091171838712e+00
6.532637180585176395e+00,5.729019733441173656e+01,-3.508638306165727361e+00,2.188228468021318651e+00,7.740362689494244108e+00,5.528416257453562821e+01,-6.307584544663336956e+00,2.498195024803160802e+00
5.917717970644922332e+00,4.546082068077490135e+01,-2.903089986991943761e+00,1.857010546842613685e+00,7.602059991327962507e+00,4.369351175424031908e+01,-5.607334626437785019e+00,3.769269293434024171e+00
7.081852951651149475e+00,4.496217481053076881e+01,-3.028028723600243666e+00,1.501900636954565993e+00,7.301029995663981254e+00,4.321172344900102757e+01,-6.772607045690040017e+00,3.834872726513389285e+00
6.558400038064696069e+00,4.841576456764602909e+01,-2.358525889495900252e+00,1.748974495850455169e+00,7.740362689494244108e+00,4.655762764602113180e+01,-6.242942230007872517e+00,3.404172184318689176e+00
6.450217427221997646e+00,5.705983686622071360e+01,-2.391473966422805741e+00,2.166283265866721042e+00,7.602059991327962507e+00,5.505469563927186982e+01,-6.227899727406954078e+00,2.518859784743575858e+00
7.285148587690838617e+00,5.051693549732370059e+01,-2.028028723600243666e+00,1.760555407265074646e+00,7.301029995663981254e+00,4.860506493535521599e+01,-6.974619836533561212e+00,3.166298444131601553e+00
7.292563682027711991e+00,6.160215805577800552e+01,-2.726998727936262412e+00,1.576705673319686918e+00,7.301029995663981254e+00,5.961464698394797779e+01,-7.017238966884449702e+00,2.132385056966358494e+00
6.727351566765297441e+00,5.443947935501543611e+01,-1.903089986991943539e+00,1.869716280671884556e+00,7.301029995663981254e+00,5.245667663875877906e+01,-6.533106290558052365e+00,2.763136635167638300e+00
7.299558515197025699e+00,6.402708950377532915e+01,-2.329058719264224919e+00,1.673709836334818846e+00,7.301029995663981254e+00,6.208185390777597945e+01,-6.993441105893928977e+00,1.941347879802481025e+00
6.781681625091539267e+00,4.238206419520636103e+01,-2.903089986991943761e+00,1.698303927988259465e+00,7.740362689494244108e+00,4.072479932349145315e+01,-6.480975473053102398e+00,4.194433756963285020e+00
6.661682658722317463e+00,5.019039814735128857e+01,-2.551293680094920191e+00,1.657463238499678582e+00,7.740362689494244108e+00,4.828621931719402482e+01,-6.349168937493804954e+00,3.202217075017324444e+00
5.617245350419831418e+00,4.102975550598890919e+01,-2.301029995663981254e+00,2.235068519479199711e+00,7.602059991327962507e+00,3.942480872294387950e+01,-5.321985046838847211e+00,4.397438564015569540e+00
6.095103209491824714e+00,5.030572462579961268e+01,-2.504455662453551668e+00,2.450761312907860923e+00,7.602059991327962507e+00,4.839880039056629357e+01,-5.783466499623576063e+00,3.189491912288684450e+00
5.800694910609563770e+00,4.912281018593129289e+01,-2.504455662453551668e+00,2.102015255337181365e+00,7.602059991327962507e+00,4.724549716306620439e+01,-5.485760796642623838e+00,3.322105262752881760e+00
6.118246811413004416e+00,5.598855878584316770e+01,-2.659555885159881505e+00,2.386493445922123424e+00,7.602059991327962507e+00,5.398989858297750288e+01,-5.907558340963126042e+00,2.616573597995433431e+00
7.373788926017194711e+00,4.466376384273887368e+01,-2.505149978319905824e+00,1.542653249911069668e+00,7.301029995663981254e+00,4.292359141888658769e+01,-7.065423100230274756e+00,3.874765509385651896e+00
6.529479205720606139e+00,5.826083079408336829e+01,-2.301029995663981254e+00,2.062153479668301426e+00,7.740362689494244108e+00,5.625303918162171612e+01,-6.294220958140983591e+00,2.412453922773231785e+00
6.512947899949202757e+00,5.588003428348302748e+01,-3.200659450546418316e+00,2.160256830746849488e+00,7.602059991327962507e+00,5.388223977449254676e+01,-6.303640863121114712e+00,2.626656560751730041e+00
7.133999653658177564e+00,5.750937728481216027e+01,-2.551293680094920191e+00,1.680010404417819458e+00,7.740362689494244108e+00,5.550266032133993122e+01,-6.906908389477162125e+00,2.478632006650179687e+00
6.720421958418953956e+00,5.802570757878301322e+01,-3.508638306165727361e+00,2.054136112444912232e+00,7.740362689494244108e+00,5.601803966858818740e+01,-6.487199508445371521e+00,2.432973158362100374e+00
6.800393142122950429e+00,5.381877053999639315e+01,-2.204119982655924570e+00,1.999500662062953849e+00,7.301029995663981254e+00,5.184436521422910005e+01,-6.612270749121589297e+00,2.823844516055845411e+00
5.649337809346889117e+00,5.157738525364393922e+01,-2.551293680094920191e+00,2.188453393882952458e+00,7.602059991327962507e+00,4.964232354611246478e+01,-5.354201714122996059e+00,3.052427498954645824e+00
6.528374037319601975e+00,4.412153756598011256e+01,-2.124938736608299905e+00,1.841356689373756295e+00,7.301029995663981254e+00,4.240039398188210384e+01,-6.221967180475165726e+00,3.948269727444735366e+00
7.064758941825439287e+00,6.085727384567461229e+01,-2.329058719264224919e+00,2.099695794741337274e+00,7.301029995663981254e+00,5.886155412926467534e+01,-6.798639947429866659e+00,2.192935588564052907e+00
7.536087860215330281e+00,4.008648319313031294e+01,-2.124938736608299905e+00,1.540308922690885485e+00,7.301029995663981254e+00,3.851922367441878237e+01,-7.244912395100588043e+00,4.545539021248919731e+00
6.458596415591395967e+00,5.949974646465584271e+01,-2.903089986991943761e+00,2.220205352207591076e+00,7.602059991327962507e+00,5.749458500443114417e+01,-6.208480072067441569e+00,2.305973746935260138e+00
6.062904859310711991e+00,4.600114456042625477e+01,-2.806875401645538393e+00,2.406120819910128272e+00,7.602059991327962507e+00,4.421603624618990125e+01,-5.750864651458504895e+00,3.699704816148630115e+00
6.273882324603450300e+00,4.928397541155493400e+01,-2.725842150736319969e+00,2.327843382568355324e+00,7.602059991327962507e+00,4.740244249010930844e+01,-5.958851795566443066e+00,3.303760997124742360e+00
6.711167396030733201e+00,5.882855604847912190e+01,-2.505149978319905824e+00,1.820265293458223299e+00,7.301029995663981254e+00,5.682127783298335544e+01,-6.469132441751390239e+00,2.363324215108605575e+00
6.817136552114933856e+00,6.435154198946693782e+01,-2.328827157284916627e+00,2.060238875653634061e+00,7.740362689494244108e+00,6.241382389447494461e+01,-6.506646466832893161e+00,1.916487783680518753e+00
6.350929246208465884e+00,5.556635674118901136e+01,-2.301029995663981254e+00,2.065387026922872238e+00,7.740362689494244108e+00,5.357127587832903259e+01,-6.145054005562433197e+00,2.655949062581630660e+00
